day,address,kind,net_tokens
2023-08-16,0x52c77b0cb827afbad022e6d6caf2c44452edbc39,lp,53167334.33621145
2023-08-17,0x52c77b0cb827afbad022e6d6caf2c44452edbc39,lp,30935615.08869163
2023-08-18,0x52c77b0cb827afbad022e6d6caf2c44452edbc39,lp,-41387740.68014612
2023-08-19,0x52c77b0cb827afbad022e6d6caf2c44452edbc39,lp,-9316730.19919543
2023-08-20,0x52c77b0cb827afbad022e6d6caf2c44452edbc39,lp,-4315008.2000906
2023-08-21,0x52c77b0cb827afbad022e6d6caf2c44452edbc39,lp,-3180732.7616681
2023-08-22,0x52c77b0cb827afbad022e6d6caf2c44452edbc39,lp,-3693377.69564703
2023-08-23,0x52c77b0cb827afbad022e6d6caf2c44452edbc39,lp,7680655.66296108
2023-08-24,0x52c77b0cb827afbad022e6d6caf2c44452edbc39,lp,10404375.77044674
2023-08-25,0x52c77b0cb827afbad022e6d6caf2c44452edbc39,lp,-1499502.26173263
2023-08-26,0x52c77b0cb827afbad022e6d6caf2c44452edbc39,lp,-7101674.15292003
2023-08-27,0x52c77b0cb827afbad022e6d6caf2c44452edbc39,lp,3967613.59442069
2023-08-28,0x52c77b0cb827afbad022e6d6caf2c44452edbc39,lp,1387935.42506237
2023-08-29,0x52c77b0cb827afbad022e6d6caf2c44452edbc39,lp,10516818.35830121
2023-08-30,0x52c77b0cb827afbad022e6d6caf2c44452edbc39,lp,1353445.89302327
2023-08-31,0x52c77b0cb827afbad022e6d6caf2c44452edbc39,lp,99314.41054987
2023-09-01,0x52c77b0cb827afbad022e6d6caf2c44452edbc39,lp,4877477.84714092
2023-09-02,0x52c77b0cb827afbad022e6d6caf2c44452edbc39,lp,-1534383.48560331
2023-09-03,0x52c77b0cb827afbad022e6d6caf2c44452edbc39,lp,-8701889.21085783
2023-09-04,0x52c77b0cb827afbad022e6d6caf2c44452edbc39,lp,-5511580.09814279
2023-09-05,0x52c77b0cb827afbad022e6d6caf2c44452edbc39,lp,-909146.11313263
2023-09-06,0x52c77b0cb827afbad022e6d6caf2c44452edbc39,lp,3313249.07805001
2023-09-07,0x52c77b0cb827afbad022e6d6caf2c44452edbc39,lp,426703.40020236
2023-09-08,0x52c77b0cb827afbad022e6d6caf2c44452edbc39,lp,2787035.47230027
2023-09-09,0x52c77b0cb827afbad022e6d6caf2c44452edbc39,lp,3075579.26522548
2023-09-10,0x52c77b0cb827afbad022e6d6caf2c44452edbc39,lp,-1434479.75374795
2023-09-11,0x52c77b0cb827afbad022e6d6caf2c44452edbc39,lp,6354246.68640122
2023-09-12,0x52c77b0cb827afbad022e6d6caf2c44452edbc39,lp,639471.60181189
2023-09-13,0x52c77b0cb827afbad022e6d6caf2c44452edbc39,lp,7698208.71608049
2023-09-14,0x52c77b0cb827afbad022e6d6caf2c44452edbc39,lp,-4079118.01670492
2023-09-15,0x52c77b0cb827afbad022e6d6caf2c44452edbc39,lp,-3875427.95528425
2023-09-16,0x52c77b0cb827afbad022e6d6caf2c44452edbc39,lp,-1335940.8774972
2023-09-17,0x52c77b0cb827afbad022e6d6caf2c44452edbc39,lp,4665666.08589443
2023-09-18,0x52c77b0cb827afbad022e6d6caf2c44452edbc39,lp,-3153032.59447134
2023-09-19,0x52c77b0cb827afbad022e6d6caf2c44452edbc39,lp,-5335818.12149294
2023-09-20,0x52c77b0cb827afbad022e6d6caf2c44452edbc39,lp,-2777712.22093674
2023-09-21,0x52c77b0cb827afbad022e6d6caf2c44452edbc39,lp,4017012.32757782
2023-09-22,0x52c77b0cb827afbad022e6d6caf2c44452edbc39,lp,-1796067.49661879
2023-09-23,0x52c77b0cb827afbad022e6d6caf2c44452edbc39,lp,469627.26272273
2023-09-24,0x52c77b0cb827afbad022e6d6caf2c44452edbc39,lp,-7270282.98591527
2023-09-25,0x52c77b0cb827afbad022e6d6caf2c44452edbc39,lp,2374589.00603229
2023-09-26,0x52c77b0cb827afbad022e6d6caf2c44452edbc39,lp,-4572257.53331491
2023-09-27,0x52c77b0cb827afbad022e6d6caf2c44452edbc39,lp,-3957099.89795552
2023-09-28,0x52c77b0cb827afbad022e6d6caf2c44452edbc39,lp,-6006309.56017856
2023-09-29,0x52c77b0cb827afbad022e6d6caf2c44452edbc39,lp,-1705214.1583361
2023-09-30,0x52c77b0cb827afbad022e6d6caf2c44452edbc39,lp,-1232941.76464193
2023-10-01,0x52c77b0cb827afbad022e6d6caf2c44452edbc39,lp,-4840693.91227713
2023-10-02,0x52c77b0cb827afbad022e6d6caf2c44452edbc39,lp,1900382.31128904
2023-10-03,0x52c77b0cb827afbad022e6d6caf2c44452edbc39,lp,-1662618.4192267
2023-10-04,0x52c77b0cb827afbad022e6d6caf2c44452edbc39,lp,1053247.40176172
2023-10-05,0x52c77b0cb827afbad022e6d6caf2c44452edbc39,lp,1564740.20688414
2023-10-06,0x52c77b0cb827afbad022e6d6caf2c44452edbc39,lp,-1527843.2080802
2023-10-07,0x52c77b0cb827afbad022e6d6caf2c44452edbc39,lp,2860822.56096134
2023-10-08,0x52c77b0cb827afbad022e6d6caf2c44452edbc39,lp,-171553.63107093
2023-10-09,0x52c77b0cb827afbad022e6d6caf2c44452edbc39,lp,2260707.87753412
2023-10-10,0x52c77b0cb827afbad022e6d6caf2c44452edbc39,lp,-3593191.62543427
2023-10-11,0x52c77b0cb827afbad022e6d6caf2c44452edbc39,lp,-1135367.04712511
2023-10-12,0x52c77b0cb827afbad022e6d6caf2c44452edbc39,lp,3669256.14635851
2023-10-13,0x52c77b0cb827afbad022e6d6caf2c44452edbc39,lp,-1665215.17023644
2023-10-14,0x52c77b0cb827afbad022e6d6caf2c44452edbc39,lp,109655.73436042
2023-10-15,0x52c77b0cb827afbad022e6d6caf2c44452edbc39,lp,1035063.65668076
2023-10-16,0x52c77b0cb827afbad022e6d6caf2c44452edbc39,lp,-1792954.13872961
2023-10-17,0x52c77b0cb827afbad022e6d6caf2c44452edbc39,lp,-2454139.80052468
2023-10-18,0x52c77b0cb827afbad022e6d6caf2c44452edbc39,lp,-723152.60480669
2023-10-19,0x52c77b0cb827afbad022e6d6caf2c44452edbc39,lp,1460873.45683849
2023-10-20,0x52c77b0cb827afbad022e6d6caf2c44452edbc39,lp,-1447292.32648176
2023-10-21,0x52c77b0cb827afbad022e6d6caf2c44452edbc39,lp,-472913.95650852
2023-10-22,0x52c77b0cb827afbad022e6d6caf2c44452edbc39,lp,28002.81273293
2023-10-23,0x52c77b0cb827afbad022e6d6caf2c44452edbc39,lp,-1326266.70084092
2023-10-24,0x52c77b0cb827afbad022e6d6caf2c44452edbc39,lp,170045.34747316
2023-10-25,0x52c77b0cb827afbad022e6d6caf2c44452edbc39,lp,-879128.78844651
2023-10-26,0x52c77b0cb827afbad022e6d6caf2c44452edbc39,lp,1425857.80671049
2023-10-27,0x52c77b0cb827afbad022e6d6caf2c44452edbc39,lp,512029.63317266
2023-10-28,0x52c77b0cb827afbad022e6d6caf2c44452edbc39,lp,771128.52285568
2023-10-29,0x52c77b0cb827afbad022e6d6caf2c44452edbc39,lp,-1904053.09223336
2023-10-30,0x52c77b0cb827afbad022e6d6caf2c44452edbc39,lp,643034.25725258
2023-10-31,0x52c77b0cb827afbad022e6d6caf2c44452edbc39,lp,1119202.80489053
2023-11-01,0x52c77b0cb827afbad022e6d6caf2c44452edbc39,lp,2206859.92447543
2023-11-02,0x52c77b0cb827afbad022e6d6caf2c44452edbc39,lp,2735355.66489054
2023-11-03,0x52c77b0cb827afbad022e6d6caf2c44452edbc39,lp,-3249440.82980406
2023-11-04,0x52c77b0cb827afbad022e6d6caf2c44452edbc39,lp,3724531.67735325
2023-11-05,0x52c77b0cb827afbad022e6d6caf2c44452edbc39,lp,-114502.9010969
2023-11-06,0x52c77b0cb827afbad022e6d6caf2c44452edbc39,lp,-927931.0518891
2023-11-07,0x52c77b0cb827afbad022e6d6caf2c44452edbc39,lp,4840879.68570276
2023-11-08,0x52c77b0cb827afbad022e6d6caf2c44452edbc39,lp,-347130.26971324
2023-11-09,0x52c77b0cb827afbad022e6d6caf2c44452edbc39,lp,-2923768.07316583
2023-11-10,0x52c77b0cb827afbad022e6d6caf2c44452edbc39,lp,-1436269.04995396
2023-11-11,0x52c77b0cb827afbad022e6d6caf2c44452edbc39,lp,3675498.63382866
2023-11-12,0x52c77b0cb827afbad022e6d6caf2c44452edbc39,lp,3313486.55002942
2023-11-13,0x52c77b0cb827afbad022e6d6caf2c44452edbc39,lp,2411748.65376147
2023-11-14,0x52c77b0cb827afbad022e6d6caf2c44452edbc39,lp,3009890.77865579
2023-11-15,0x52c77b0cb827afbad022e6d6caf2c44452edbc39,lp,-2708399.11423781
2023-11-16,0x52c77b0cb827afbad022e6d6caf2c44452edbc39,lp,777643.011048
2023-11-17,0x52c77b0cb827afbad022e6d6caf2c44452edbc39,lp,202443.75804478
2023-11-18,0x52c77b0cb827afbad022e6d6caf2c44452edbc39,lp,124695.14969108
2023-11-19,0x52c77b0cb827afbad022e6d6caf2c44452edbc39,lp,2750959.71992147
2023-11-20,0x52c77b0cb827afbad022e6d6caf2c44452edbc39,lp,521608.76650693
2023-11-21,0x52c77b0cb827afbad022e6d6caf2c44452edbc39,lp,5301698.91926097
2023-11-22,0x52c77b0cb827afbad022e6d6caf2c44452edbc39,lp,-4602167.17754576
2023-11-23,0x52c77b0cb827afbad022e6d6caf2c44452edbc39,lp,-3470678.65152471
2023-11-24,0x52c77b0cb827afbad022e6d6caf2c44452edbc39,lp,3305.30827372
2023-11-25,0x52c77b0cb827afbad022e6d6caf2c44452edbc39,lp,631953.67950072
2023-11-26,0x52c77b0cb827afbad022e6d6caf2c44452edbc39,lp,1034313.52313641
2023-11-27,0x52c77b0cb827afbad022e6d6caf2c44452edbc39,lp,3819591.8659806
2023-11-28,0x52c77b0cb827afbad022e6d6caf2c44452edbc39,lp,-1591940.18140588
2023-11-29,0x52c77b0cb827afbad022e6d6caf2c44452edbc39,lp,2202724.74329687
2023-11-30,0x52c77b0cb827afbad022e6d6caf2c44452edbc39,lp,-2707905.02273797
2023-12-01,0x52c77b0cb827afbad022e6d6caf2c44452edbc39,lp,782366.25951511
2023-12-02,0x52c77b0cb827afbad022e6d6caf2c44452edbc39,lp,150667.99825634
2023-12-03,0x52c77b0cb827afbad022e6d6caf2c44452edbc39,lp,-2564640.98680396
2023-12-04,0x52c77b0cb827afbad022e6d6caf2c44452edbc39,lp,1421240.39384968
2023-12-05,0x52c77b0cb827afbad022e6d6caf2c44452edbc39,lp,3074188.20294064
2023-12-06,0x52c77b0cb827afbad022e6d6caf2c44452edbc39,lp,1324724.9685801
2023-12-07,0x52c77b0cb827afbad022e6d6caf2c44452edbc39,lp,966997.17960512
2023-12-08,0x52c77b0cb827afbad022e6d6caf2c44452edbc39,lp,415921.11335937
2023-12-09,0x52c77b0cb827afbad022e6d6caf2c44452edbc39,lp,1868816.23831852
2023-12-10,0x52c77b0cb827afbad022e6d6caf2c44452edbc39,lp,1476141.60379554
2023-12-11,0x52c77b0cb827afbad022e6d6caf2c44452edbc39,lp,45509.095107
2023-12-12,0x52c77b0cb827afbad022e6d6caf2c44452edbc39,lp,-2643210.57517499
2023-12-13,0x52c77b0cb827afbad022e6d6caf2c44452edbc39,lp,2492598.90854719
2023-12-14,0x52c77b0cb827afbad022e6d6caf2c44452edbc39,lp,246254.70812139
2023-12-15,0x52c77b0cb827afbad022e6d6caf2c44452edbc39,lp,2771578.06862044
2023-12-16,0x52c77b0cb827afbad022e6d6caf2c44452edbc39,lp,-2116935.74736667
2023-12-17,0x52c77b0cb827afbad022e6d6caf2c44452edbc39,lp,-571783.16665892
2023-12-18,0x52c77b0cb827afbad022e6d6caf2c44452edbc39,lp,-5137257.35186602
2023-12-19,0x52c77b0cb827afbad022e6d6caf2c44452edbc39,lp,6883291.76454327
2023-12-20,0x52c77b0cb827afbad022e6d6caf2c44452edbc39,lp,-4270836.18816564
2023-12-21,0x52c77b0cb827afbad022e6d6caf2c44452edbc39,lp,-5967648.26040403
2023-12-22,0x52c77b0cb827afbad022e6d6caf2c44452edbc39,lp,-459029.04317217
2023-12-23,0x52c77b0cb827afbad022e6d6caf2c44452edbc39,lp,1893656.85074278
2023-12-24,0x52c77b0cb827afbad022e6d6caf2c44452edbc39,lp,2644156.68234962
2023-12-25,0x52c77b0cb827afbad022e6d6caf2c44452edbc39,lp,1497662.80138146
2023-12-26,0x52c77b0cb827afbad022e6d6caf2c44452edbc39,lp,3475265.96541166
2023-12-27,0x52c77b0cb827afbad022e6d6caf2c44452edbc39,lp,-4721528.08483249
2023-12-28,0x52c77b0cb827afbad022e6d6caf2c44452edbc39,lp,46353.95906928
2023-12-29,0x52c77b0cb827afbad022e6d6caf2c44452edbc39,lp,522541.2963736
2023-12-30,0x52c77b0cb827afbad022e6d6caf2c44452edbc39,lp,-2938118.31876798
2023-12-31,0x52c77b0cb827afbad022e6d6caf2c44452edbc39,lp,-703141.9624739
2024-01-01,0x52c77b0cb827afbad022e6d6caf2c44452edbc39,lp,239658.60038509
2024-01-02,0x52c77b0cb827afbad022e6d6caf2c44452edbc39,lp,-148572.62432755
2024-01-03,0x52c77b0cb827afbad022e6d6caf2c44452edbc39,lp,1218624.32003045
2024-01-04,0x52c77b0cb827afbad022e6d6caf2c44452edbc39,lp,60685.64975545
2024-01-05,0x52c77b0cb827afbad022e6d6caf2c44452edbc39,lp,361817.14692367
2024-01-06,0x52c77b0cb827afbad022e6d6caf2c44452edbc39,lp,970369.91086483
2024-01-07,0x52c77b0cb827afbad022e6d6caf2c44452edbc39,lp,2292574.23369968
2024-01-08,0x52c77b0cb827afbad022e6d6caf2c44452edbc39,lp,-1880358.35646034
2024-01-09,0x52c77b0cb827afbad022e6d6caf2c44452edbc39,lp,949062.71447617
2024-01-10,0x52c77b0cb827afbad022e6d6caf2c44452edbc39,lp,-4888459.48378688
2024-01-11,0x52c77b0cb827afbad022e6d6caf2c44452edbc39,lp,5666400.94866113
2024-01-12,0x52c77b0cb827afbad022e6d6caf2c44452edbc39,lp,770531.10072896
2024-01-13,0x52c77b0cb827afbad022e6d6caf2c44452edbc39,lp,502658.13610028
2024-01-14,0x52c77b0cb827afbad022e6d6caf2c44452edbc39,lp,867123.20126731
2024-01-15,0x52c77b0cb827afbad022e6d6caf2c44452edbc39,lp,1316282.41126786
2024-01-16,0x52c77b0cb827afbad022e6d6caf2c44452edbc39,lp,418642.3633169
2024-01-17,0x52c77b0cb827afbad022e6d6caf2c44452edbc39,lp,-17963.2651791
2024-01-18,0x52c77b0cb827afbad022e6d6caf2c44452edbc39,lp,2035354.74791409
2024-01-19,0x52c77b0cb827afbad022e6d6caf2c44452edbc39,lp,168609.52129516
2024-01-20,0x52c77b0cb827afbad022e6d6caf2c44452edbc39,lp,624883.7031957
2024-01-21,0x52c77b0cb827afbad022e6d6caf2c44452edbc39,lp,2444860.02501099
2024-01-22,0x52c77b0cb827afbad022e6d6caf2c44452edbc39,lp,10197899.97803098
2024-01-23,0x52c77b0cb827afbad022e6d6caf2c44452edbc39,lp,4999295.09141382
2024-01-24,0x52c77b0cb827afbad022e6d6caf2c44452edbc39,lp,-165324.70758771
2024-01-25,0x52c77b0cb827afbad022e6d6caf2c44452edbc39,lp,7709478.1906187
2024-01-26,0x52c77b0cb827afbad022e6d6caf2c44452edbc39,lp,-4424982.17649014
2024-01-27,0x52c77b0cb827afbad022e6d6caf2c44452edbc39,lp,1584746.10769291
2024-01-28,0x52c77b0cb827afbad022e6d6caf2c44452edbc39,lp,5490510.25318565
2024-01-29,0x52c77b0cb827afbad022e6d6caf2c44452edbc39,lp,512628.93747615
2024-01-30,0x52c77b0cb827afbad022e6d6caf2c44452edbc39,lp,8229413.16751493
2024-01-31,0x52c77b0cb827afbad022e6d6caf2c44452edbc39,lp,6336770.79771387
2024-02-01,0x52c77b0cb827afbad022e6d6caf2c44452edbc39,lp,-2164316.55975988
2024-02-02,0x52c77b0cb827afbad022e6d6caf2c44452edbc39,lp,-2336947.04470807
2024-02-03,0x52c77b0cb827afbad022e6d6caf2c44452edbc39,lp,5841938.57587159
2024-02-04,0x52c77b0cb827afbad022e6d6caf2c44452edbc39,lp,5011967.16432444
2024-02-05,0x52c77b0cb827afbad022e6d6caf2c44452edbc39,lp,1244779.07230781
2024-02-06,0x52c77b0cb827afbad022e6d6caf2c44452edbc39,lp,-5715207.44560133
2024-02-07,0x52c77b0cb827afbad022e6d6caf2c44452edbc39,lp,3698402.13370311
2024-02-08,0x52c77b0cb827afbad022e6d6caf2c44452edbc39,lp,5879799.01914034
2024-02-09,0x52c77b0cb827afbad022e6d6caf2c44452edbc39,lp,-6488611.94244832
2024-02-10,0x52c77b0cb827afbad022e6d6caf2c44452edbc39,lp,1515940.75889143
2024-02-11,0x52c77b0cb827afbad022e6d6caf2c44452edbc39,lp,-10329940.13109539
2024-02-12,0x52c77b0cb827afbad022e6d6caf2c44452edbc39,lp,247918.60465097
2024-02-13,0x52c77b0cb827afbad022e6d6caf2c44452edbc39,lp,-14197122.74771665
2024-02-14,0x52c77b0cb827afbad022e6d6caf2c44452edbc39,lp,10766760.3256771
2024-02-15,0x52c77b0cb827afbad022e6d6caf2c44452edbc39,lp,13725923.79386185
2024-02-16,0x52c77b0cb827afbad022e6d6caf2c44452edbc39,lp,-333670.33392679
2024-02-17,0x52c77b0cb827afbad022e6d6caf2c44452edbc39,lp,-10306048.80780827
2024-02-18,0x52c77b0cb827afbad022e6d6caf2c44452edbc39,lp,-18276187.60578192
2024-02-19,0x52c77b0cb827afbad022e6d6caf2c44452edbc39,lp,-4096150.02935211
2024-02-20,0x52c77b0cb827afbad022e6d6caf2c44452edbc39,lp,5480173.5269528
2024-02-21,0x52c77b0cb827afbad022e6d6caf2c44452edbc39,lp,4731757.32170329
2024-02-22,0x52c77b0cb827afbad022e6d6caf2c44452edbc39,lp,2395114.5864905
2024-02-23,0x52c77b0cb827afbad022e6d6caf2c44452edbc39,lp,2418589.74711842
2024-02-24,0x52c77b0cb827afbad022e6d6caf2c44452edbc39,lp,126168.54382634
2024-02-25,0x52c77b0cb827afbad022e6d6caf2c44452edbc39,lp,9303575.5572219
2024-02-26,0x52c77b0cb827afbad022e6d6caf2c44452edbc39,lp,-14493776.38885917
2024-02-27,0x52c77b0cb827afbad022e6d6caf2c44452edbc39,lp,-4484958.86625492
2024-02-28,0x52c77b0cb827afbad022e6d6caf2c44452edbc39,lp,-9631148.34482892
2024-02-29,0x52c77b0cb827afbad022e6d6caf2c44452edbc39,lp,14510911.52604629
2024-03-01,0x52c77b0cb827afbad022e6d6caf2c44452edbc39,lp,-15642793.08572452
2024-03-02,0x52c77b0cb827afbad022e6d6caf2c44452edbc39,lp,-9252209.90027986
2024-03-03,0x52c77b0cb827afbad022e6d6caf2c44452edbc39,lp,651896.66580473
2024-03-04,0x52c77b0cb827afbad022e6d6caf2c44452edbc39,lp,-1918416.82776683
2024-03-05,0x52c77b0cb827afbad022e6d6caf2c44452edbc39,lp,7461576.52466087
2024-03-06,0x52c77b0cb827afbad022e6d6caf2c44452edbc39,lp,-4401070.35814636
2024-03-07,0x52c77b0cb827afbad022e6d6caf2c44452edbc39,lp,10741741.30148166
2024-03-08,0x52c77b0cb827afbad022e6d6caf2c44452edbc39,lp,-7279632.27013402
2024-03-09,0x52c77b0cb827afbad022e6d6caf2c44452edbc39,lp,-3291659.09015066
2024-03-10,0x52c77b0cb827afbad022e6d6caf2c44452edbc39,lp,152190.87154475
2024-03-11,0x52c77b0cb827afbad022e6d6caf2c44452edbc39,lp,1614579.7559013
2024-03-12,0x52c77b0cb827afbad022e6d6caf2c44452edbc39,lp,8391927.68754492
2024-03-13,0x52c77b0cb827afbad022e6d6caf2c44452edbc39,lp,2173526.77926148
2024-03-14,0x52c77b0cb827afbad022e6d6caf2c44452edbc39,lp,3969985.2458101
2024-03-15,0x52c77b0cb827afbad022e6d6caf2c44452edbc39,lp,5205952.61007523
2024-03-16,0x52c77b0cb827afbad022e6d6caf2c44452edbc39,lp,1108323.22457481
2024-03-17,0x52c77b0cb827afbad022e6d6caf2c44452edbc39,lp,-8781505.12209111
2024-03-18,0x52c77b0cb827afbad022e6d6caf2c44452edbc39,lp,906649.70343103
2024-03-19,0x52c77b0cb827afbad022e6d6caf2c44452edbc39,lp,-506219.74568549
2024-03-20,0x52c77b0cb827afbad022e6d6caf2c44452edbc39,lp,7316778.97344528
2024-03-21,0x52c77b0cb827afbad022e6d6caf2c44452edbc39,lp,-1435861.34313137
2024-03-22,0x52c77b0cb827afbad022e6d6caf2c44452edbc39,lp,5611654.08677334
2024-03-23,0x52c77b0cb827afbad022e6d6caf2c44452edbc39,lp,-1107966.63099881
2024-03-24,0x52c77b0cb827afbad022e6d6caf2c44452edbc39,lp,1439000.26779411
2024-03-25,0x52c77b0cb827afbad022e6d6caf2c44452edbc39,lp,-2711334.86530649
2024-03-26,0x52c77b0cb827afbad022e6d6caf2c44452edbc39,lp,-2229023.63856224
2024-03-27,0x52c77b0cb827afbad022e6d6caf2c44452edbc39,lp,8290452.37877217
2024-03-28,0x52c77b0cb827afbad022e6d6caf2c44452edbc39,lp,4217446.92222764
2024-03-29,0x52c77b0cb827afbad022e6d6caf2c44452edbc39,lp,5321775.82739873
2024-03-30,0x52c77b0cb827afbad022e6d6caf2c44452edbc39,lp,3438230.1302341
2024-03-31,0x52c77b0cb827afbad022e6d6caf2c44452edbc39,lp,-8515442.02857975
2024-04-01,0x52c77b0cb827afbad022e6d6caf2c44452edbc39,lp,-3472384.01614443
2024-04-02,0x52c77b0cb827afbad022e6d6caf2c44452edbc39,lp,4812607.01895838
2024-04-03,0x52c77b0cb827afbad022e6d6caf2c44452edbc39,lp,5253312.27376974
2024-04-04,0x52c77b0cb827afbad022e6d6caf2c44452edbc39,lp,4628255.60500559
2024-04-05,0x52c77b0cb827afbad022e6d6caf2c44452edbc39,lp,-4295895.44550568
2024-04-06,0x52c77b0cb827afbad022e6d6caf2c44452edbc39,lp,4818365.86213276
2024-04-07,0x52c77b0cb827afbad022e6d6caf2c44452edbc39,lp,-7440976.31265362
2024-04-08,0x52c77b0cb827afbad022e6d6caf2c44452edbc39,lp,-19451009.57600932
2024-04-09,0x52c77b0cb827afbad022e6d6caf2c44452edbc39,lp,4184537.95677771
2024-04-10,0x52c77b0cb827afbad022e6d6caf2c44452edbc39,lp,-4654849.43304133
2024-04-11,0x52c77b0cb827afbad022e6d6caf2c44452edbc39,lp,1462285.15365831
2024-04-12,0x52c77b0cb827afbad022e6d6caf2c44452edbc39,lp,-1106854.95306186
2024-04-13,0x52c77b0cb827afbad022e6d6caf2c44452edbc39,lp,2712418.4078388
2024-04-14,0x52c77b0cb827afbad022e6d6caf2c44452edbc39,lp,-3346616.49118637
2024-04-15,0x52c77b0cb827afbad022e6d6caf2c44452edbc39,lp,3639647.12199698
2024-04-16,0x52c77b0cb827afbad022e6d6caf2c44452edbc39,lp,1505671.38631251
2024-04-17,0x52c77b0cb827afbad022e6d6caf2c44452edbc39,lp,-1875303.19573404
2024-04-18,0x52c77b0cb827afbad022e6d6caf2c44452edbc39,lp,1138992.27952226
2024-04-19,0x52c77b0cb827afbad022e6d6caf2c44452edbc39,lp,-2904224.60031929
2024-04-20,0x52c77b0cb827afbad022e6d6caf2c44452edbc39,lp,-9474696.3957488
2024-04-21,0x52c77b0cb827afbad022e6d6caf2c44452edbc39,lp,5924956.04763933
2024-04-22,0x52c77b0cb827afbad022e6d6caf2c44452edbc39,lp,-1504309.30580426
2024-04-23,0x52c77b0cb827afbad022e6d6caf2c44452edbc39,lp,1008993.88415865
2024-04-24,0x52c77b0cb827afbad022e6d6caf2c44452edbc39,lp,-3750851.75037149
2024-04-25,0x52c77b0cb827afbad022e6d6caf2c44452edbc39,lp,2037603.37580394
2024-04-26,0x52c77b0cb827afbad022e6d6caf2c44452edbc39,lp,873752.31668783
2024-04-27,0x52c77b0cb827afbad022e6d6caf2c44452edbc39,lp,-1675512.23716321
2024-04-28,0x52c77b0cb827afbad022e6d6caf2c44452edbc39,lp,-10463342.23996694
2024-04-29,0x52c77b0cb827afbad022e6d6caf2c44452edbc39,lp,4307939.79651339
2024-04-30,0x52c77b0cb827afbad022e6d6caf2c44452edbc39,lp,-302114.6188224
2024-05-01,0x52c77b0cb827afbad022e6d6caf2c44452edbc39,lp,-8940125.36673794
2024-05-02,0x52c77b0cb827afbad022e6d6caf2c44452edbc39,lp,-1767140.3827869
2024-05-03,0x52c77b0cb827afbad022e6d6caf2c44452edbc39,lp,3014337.67112856
2024-05-04,0x52c77b0cb827afbad022e6d6caf2c44452edbc39,lp,2974836.11051648
2024-05-05,0x52c77b0cb827afbad022e6d6caf2c44452edbc39,lp,2618032.13776597
2024-05-06,0x52c77b0cb827afbad022e6d6caf2c44452edbc39,lp,-1150759.03053885
2024-05-07,0x52c77b0cb827afbad022e6d6caf2c44452edbc39,lp,533970.76723176
2024-05-08,0x52c77b0cb827afbad022e6d6caf2c44452edbc39,lp,1937827.99934359
2024-05-09,0x52c77b0cb827afbad022e6d6caf2c44452edbc39,lp,951289.96045693
2024-05-10,0x52c77b0cb827afbad022e6d6caf2c44452edbc39,lp,38264.16468938
2024-05-11,0x52c77b0cb827afbad022e6d6caf2c44452edbc39,lp,3319810.0566299
2024-05-12,0x52c77b0cb827afbad022e6d6caf2c44452edbc39,lp,-3454348.88642751
2024-05-13,0x52c77b0cb827afbad022e6d6caf2c44452edbc39,lp,-3718801.97019526
2024-05-14,0x52c77b0cb827afbad022e6d6caf2c44452edbc39,lp,2944088.9578782
2024-05-15,0x52c77b0cb827afbad022e6d6caf2c44452edbc39,lp,-9362476.79145451
2024-05-16,0x52c77b0cb827afbad022e6d6caf2c44452edbc39,lp,3392865.37186239
2024-05-17,0x52c77b0cb827afbad022e6d6caf2c44452edbc39,lp,1446684.43953399
2024-05-18,0x52c77b0cb827afbad022e6d6caf2c44452edbc39,lp,3570213.36600547
2024-05-19,0x52c77b0cb827afbad022e6d6caf2c44452edbc39,lp,2128925.84700497
2024-05-20,0x52c77b0cb827afbad022e6d6caf2c44452edbc39,lp,-6511751.32135348
2024-05-21,0x52c77b0cb827afbad022e6d6caf2c44452edbc39,lp,4025152.7458653
2024-05-22,0x52c77b0cb827afbad022e6d6caf2c44452edbc39,lp,-9956503.48684448
2024-05-23,0x52c77b0cb827afbad022e6d6caf2c44452edbc39,lp,-6074029.46665164
2024-05-24,0x52c77b0cb827afbad022e6d6caf2c44452edbc39,lp,1277847.18307079
2024-05-25,0x52c77b0cb827afbad022e6d6caf2c44452edbc39,lp,-2737506.39057101
2024-05-26,0x52c77b0cb827afbad022e6d6caf2c44452edbc39,lp,1335576.03435459
2024-05-27,0x52c77b0cb827afbad022e6d6caf2c44452edbc39,lp,-3009787.01209361
2024-05-28,0x52c77b0cb827afbad022e6d6caf2c44452edbc39,lp,3204453.41209736
2024-05-29,0x52c77b0cb827afbad022e6d6caf2c44452edbc39,lp,3120865.41216115
2024-05-30,0x52c77b0cb827afbad022e6d6caf2c44452edbc39,lp,24914.54538776
2024-05-31,0x52c77b0cb827afbad022e6d6caf2c44452edbc39,lp,2302946.65524555
2024-06-01,0x52c77b0cb827afbad022e6d6caf2c44452edbc39,lp,2133572.51961981
2024-06-02,0x52c77b0cb827afbad022e6d6caf2c44452edbc39,lp,1782011.68904804
2024-06-03,0x52c77b0cb827afbad022e6d6caf2c44452edbc39,lp,-3992430.0647772
2024-06-04,0x52c77b0cb827afbad022e6d6caf2c44452edbc39,lp,2849023.30984279
2024-06-05,0x52c77b0cb827afbad022e6d6caf2c44452edbc39,lp,895998.38801973
2024-06-06,0x52c77b0cb827afbad022e6d6caf2c44452edbc39,lp,1433615.10935034
2024-06-07,0x52c77b0cb827afbad022e6d6caf2c44452edbc39,lp,-42420.55099734
2024-06-08,0x52c77b0cb827afbad022e6d6caf2c44452edbc39,lp,-1560300.73555282
2024-06-09,0x52c77b0cb827afbad022e6d6caf2c44452edbc39,lp,-304685.82092551
2024-06-10,0x52c77b0cb827afbad022e6d6caf2c44452edbc39,lp,5632795.08429145
2024-06-11,0x52c77b0cb827afbad022e6d6caf2c44452edbc39,lp,-401837.3737891
2024-06-12,0x52c77b0cb827afbad022e6d6caf2c44452edbc39,lp,217176.77524328
2024-06-13,0x52c77b0cb827afbad022e6d6caf2c44452edbc39,lp,170752.51804187
2024-06-14,0x52c77b0cb827afbad022e6d6caf2c44452edbc39,lp,-855728.96174433
2024-06-15,0x52c77b0cb827afbad022e6d6caf2c44452edbc39,lp,827800.06724503
2024-06-16,0x52c77b0cb827afbad022e6d6caf2c44452edbc39,lp,-2987336.16027996
2024-06-17,0x52c77b0cb827afbad022e6d6caf2c44452edbc39,lp,-20519.13987997
2024-06-18,0x52c77b0cb827afbad022e6d6caf2c44452edbc39,lp,-4823285.83113902
2024-06-19,0x52c77b0cb827afbad022e6d6caf2c44452edbc39,lp,-3339839.59284994
2024-06-20,0x52c77b0cb827afbad022e6d6caf2c44452edbc39,lp,637559.19665775
2024-06-21,0x52c77b0cb827afbad022e6d6caf2c44452edbc39,lp,3221821.32522134
2024-06-22,0x52c77b0cb827afbad022e6d6caf2c44452edbc39,lp,610634.25919779
2024-06-23,0x52c77b0cb827afbad022e6d6caf2c44452edbc39,lp,-138243.27755203
2024-06-24,0x52c77b0cb827afbad022e6d6caf2c44452edbc39,lp,-1030904.5824041
2024-06-25,0x52c77b0cb827afbad022e6d6caf2c44452edbc39,lp,-2207287.27914843
2024-06-26,0x52c77b0cb827afbad022e6d6caf2c44452edbc39,lp,-2927838.52442451
2024-06-27,0x52c77b0cb827afbad022e6d6caf2c44452edbc39,lp,-4432870.75797379
2024-06-28,0x52c77b0cb827afbad022e6d6caf2c44452edbc39,lp,5052652.29609355
2024-06-29,0x52c77b0cb827afbad022e6d6caf2c44452edbc39,lp,-3342371.19013529
2024-06-30,0x52c77b0cb827afbad022e6d6caf2c44452edbc39,lp,-2875732.42464918
2024-07-01,0x52c77b0cb827afbad022e6d6caf2c44452edbc39,lp,-153553.60828995
2024-07-02,0x52c77b0cb827afbad022e6d6caf2c44452edbc39,lp,-2525508.86134656
2024-07-03,0x52c77b0cb827afbad022e6d6caf2c44452edbc39,lp,4657627.64725367
2024-07-04,0x52c77b0cb827afbad022e6d6caf2c44452edbc39,lp,689973.83303424
2024-07-05,0x52c77b0cb827afbad022e6d6caf2c44452edbc39,lp,-588298.38394998
2024-07-06,0x52c77b0cb827afbad022e6d6caf2c44452edbc39,lp,275770.59177982
2024-07-07,0x52c77b0cb827afbad022e6d6caf2c44452edbc39,lp,2246972.79767404
2024-07-08,0x52c77b0cb827afbad022e6d6caf2c44452edbc39,lp,-2723750.41813372
2024-07-09,0x52c77b0cb827afbad022e6d6caf2c44452edbc39,lp,-2261984.89065394
2024-07-10,0x52c77b0cb827afbad022e6d6caf2c44452edbc39,lp,2013813.75352189
2024-07-11,0x52c77b0cb827afbad022e6d6caf2c44452edbc39,lp,91875.07272083
2024-07-12,0x52c77b0cb827afbad022e6d6caf2c44452edbc39,lp,1718594.56377477
2024-07-13,0x52c77b0cb827afbad022e6d6caf2c44452edbc39,lp,-161214.75897532
2024-07-14,0x52c77b0cb827afbad022e6d6caf2c44452edbc39,lp,-2362816.29127157
2024-07-15,0x52c77b0cb827afbad022e6d6caf2c44452edbc39,lp,-3056016.5540391
2024-07-16,0x52c77b0cb827afbad022e6d6caf2c44452edbc39,lp,1533437.21224361
2024-07-17,0x52c77b0cb827afbad022e6d6caf2c44452edbc39,lp,-473122.89628021
2024-07-18,0x52c77b0cb827afbad022e6d6caf2c44452edbc39,lp,987579.95276861
2024-07-19,0x52c77b0cb827afbad022e6d6caf2c44452edbc39,lp,-3643052.96083036
2024-07-20,0x52c77b0cb827afbad022e6d6caf2c44452edbc39,lp,-2584169.57255727
2024-07-21,0x52c77b0cb827afbad022e6d6caf2c44452edbc39,lp,2174333.51980642
2024-07-22,0x52c77b0cb827afbad022e6d6caf2c44452edbc39,lp,-105861.00507389
2024-07-23,0x52c77b0cb827afbad022e6d6caf2c44452edbc39,lp,-3695808.43562319
2024-07-24,0x52c77b0cb827afbad022e6d6caf2c44452edbc39,lp,4160668.82742444
2024-07-25,0x52c77b0cb827afbad022e6d6caf2c44452edbc39,lp,454120.80780154
2024-07-26,0x52c77b0cb827afbad022e6d6caf2c44452edbc39,lp,-880320.82047157
2024-07-27,0x52c77b0cb827afbad022e6d6caf2c44452edbc39,lp,787643.74290788
2024-07-28,0x52c77b0cb827afbad022e6d6caf2c44452edbc39,lp,653525.63799725
2024-07-29,0x52c77b0cb827afbad022e6d6caf2c44452edbc39,lp,-2444097.95600559
2024-07-30,0x52c77b0cb827afbad022e6d6caf2c44452edbc39,lp,-1400233.71054884
2024-07-31,0x52c77b0cb827afbad022e6d6caf2c44452edbc39,lp,2174407.85988781
2024-08-01,0x52c77b0cb827afbad022e6d6caf2c44452edbc39,lp,1791227.42185394
2024-08-02,0x52c77b0cb827afbad022e6d6caf2c44452edbc39,lp,4539158.34329421
2024-08-03,0x52c77b0cb827afbad022e6d6caf2c44452edbc39,lp,1085285.72609985
2024-08-04,0x52c77b0cb827afbad022e6d6caf2c44452edbc39,lp,636116.52101474
2024-08-05,0x52c77b0cb827afbad022e6d6caf2c44452edbc39,lp,-4196097.53414037
2024-08-06,0x52c77b0cb827afbad022e6d6caf2c44452edbc39,lp,2235233.41496053
2024-08-07,0x52c77b0cb827afbad022e6d6caf2c44452edbc39,lp,-3491301.80102543
2024-08-08,0x52c77b0cb827afbad022e6d6caf2c44452edbc39,lp,-4261840.31893568
2024-08-09,0x52c77b0cb827afbad022e6d6caf2c44452edbc39,lp,1503620.29568528
2024-08-10,0x52c77b0cb827afbad022e6d6caf2c44452edbc39,lp,360354.20424051
2024-08-11,0x52c77b0cb827afbad022e6d6caf2c44452edbc39,lp,2056767.33138534
2024-08-12,0x52c77b0cb827afbad022e6d6caf2c44452edbc39,lp,-268095.59153217
2024-08-13,0x52c77b0cb827afbad022e6d6caf2c44452edbc39,lp,119480.76549694
2024-08-14,0x52c77b0cb827afbad022e6d6caf2c44452edbc39,lp,1215279.03773685
2024-08-15,0x52c77b0cb827afbad022e6d6caf2c44452edbc39,lp,2488508.96584948
2024-08-16,0x52c77b0cb827afbad022e6d6caf2c44452edbc39,lp,390526.71618157
2024-08-17,0x52c77b0cb827afbad022e6d6caf2c44452edbc39,lp,6008190.74937821
2024-08-18,0x52c77b0cb827afbad022e6d6caf2c44452edbc39,lp,-1863065.89864374
2024-08-19,0x52c77b0cb827afbad022e6d6caf2c44452edbc39,lp,3491787.38616733
2024-08-20,0x52c77b0cb827afbad022e6d6caf2c44452edbc39,lp,1028350.82764716
2024-08-21,0x52c77b0cb827afbad022e6d6caf2c44452edbc39,lp,-1232196.97211837
2024-08-22,0x52c77b0cb827afbad022e6d6caf2c44452edbc39,lp,1354937.12557191
2024-08-23,0x52c77b0cb827afbad022e6d6caf2c44452edbc39,lp,-3946966.20315466
2024-08-24,0x52c77b0cb827afbad022e6d6caf2c44452edbc39,lp,-853324.84835962
2024-08-25,0x52c77b0cb827afbad022e6d6caf2c44452edbc39,lp,2222554.14902846
2024-08-26,0x52c77b0cb827afbad022e6d6caf2c44452edbc39,lp,1128907.22742365
2024-08-27,0x52c77b0cb827afbad022e6d6caf2c44452edbc39,lp,1145710.52072512
2024-08-28,0x52c77b0cb827afbad022e6d6caf2c44452edbc39,lp,-4052050.74007489
2024-08-29,0x52c77b0cb827afbad022e6d6caf2c44452edbc39,lp,1955868.14853392
2024-08-30,0x52c77b0cb827afbad022e6d6caf2c44452edbc39,lp,683109.53424701
2024-08-31,0x52c77b0cb827afbad022e6d6caf2c44452edbc39,lp,-474607.25059808
2024-09-01,0x52c77b0cb827afbad022e6d6caf2c44452edbc39,lp,-606670.38928205
2024-09-02,0x52c77b0cb827afbad022e6d6caf2c44452edbc39,lp,1122604.48951557
2024-09-03,0x52c77b0cb827afbad022e6d6caf2c44452edbc39,lp,1443506.67878853
2024-09-04,0x52c77b0cb827afbad022e6d6caf2c44452edbc39,lp,-425365.3432844
2024-09-05,0x52c77b0cb827afbad022e6d6caf2c44452edbc39,lp,455937.72428479
2024-09-06,0x52c77b0cb827afbad022e6d6caf2c44452edbc39,lp,856533.2446512
2024-09-07,0x52c77b0cb827afbad022e6d6caf2c44452edbc39,lp,173052.36088154
2024-09-08,0x52c77b0cb827afbad022e6d6caf2c44452edbc39,lp,-2189149.7425879
2024-09-09,0x52c77b0cb827afbad022e6d6caf2c44452edbc39,lp,-1180976.04171571
2024-09-10,0x52c77b0cb827afbad022e6d6caf2c44452edbc39,lp,-2247559.0234914
2024-09-11,0x52c77b0cb827afbad022e6d6caf2c44452edbc39,lp,-1094331.85284762
2024-09-12,0x52c77b0cb827afbad022e6d6caf2c44452edbc39,lp,-10755048.7930898
2024-09-13,0x52c77b0cb827afbad022e6d6caf2c44452edbc39,lp,-2696793.06821785
2024-09-14,0x52c77b0cb827afbad022e6d6caf2c44452edbc39,lp,-4283159.07352972
2024-09-15,0x52c77b0cb827afbad022e6d6caf2c44452edbc39,lp,1681064.18437236
2024-09-16,0x52c77b0cb827afbad022e6d6caf2c44452edbc39,lp,-619784.13885937
2024-09-17,0x52c77b0cb827afbad022e6d6caf2c44452edbc39,lp,-3332466.69759985
2024-09-18,0x52c77b0cb827afbad022e6d6caf2c44452edbc39,lp,-947095.37923205
2024-09-19,0x52c77b0cb827afbad022e6d6caf2c44452edbc39,lp,-1363177.82610286
2024-09-20,0x52c77b0cb827afbad022e6d6caf2c44452edbc39,lp,821544.00376455
2024-09-21,0x52c77b0cb827afbad022e6d6caf2c44452edbc39,lp,-1120381.63195066
2024-09-22,0x52c77b0cb827afbad022e6d6caf2c44452edbc39,lp,254314.94086166
2024-09-23,0x52c77b0cb827afbad022e6d6caf2c44452edbc39,lp,1203813.09724912
2024-09-24,0x52c77b0cb827afbad022e6d6caf2c44452edbc39,lp,476798.14516758
2024-09-25,0x52c77b0cb827afbad022e6d6caf2c44452edbc39,lp,-1920634.69365795
2024-09-26,0x52c77b0cb827afbad022e6d6caf2c44452edbc39,lp,-1860020.76014801
2024-09-27,0x52c77b0cb827afbad022e6d6caf2c44452edbc39,lp,-2420280.3267703
2024-09-28,0x52c77b0cb827afbad022e6d6caf2c44452edbc39,lp,-1680986.27837752
2024-09-29,0x52c77b0cb827afbad022e6d6caf2c44452edbc39,lp,-1089454.14415516
2024-09-30,0x52c77b0cb827afbad022e6d6caf2c44452edbc39,lp,-2349433.95229809
2024-10-01,0x52c77b0cb827afbad022e6d6caf2c44452edbc39,lp,886499.66004396
2024-10-02,0x52c77b0cb827afbad022e6d6caf2c44452edbc39,lp,-1453327.3840627
2024-10-03,0x52c77b0cb827afbad022e6d6caf2c44452edbc39,lp,-1862067.49779042
2024-10-04,0x52c77b0cb827afbad022e6d6caf2c44452edbc39,lp,-24025.47710521
2024-10-05,0x52c77b0cb827afbad022e6d6caf2c44452edbc39,lp,419994.00096102
2024-10-06,0x52c77b0cb827afbad022e6d6caf2c44452edbc39,lp,-2137149.97034312
2024-10-07,0x52c77b0cb827afbad022e6d6caf2c44452edbc39,lp,-627219.66508648
2024-10-08,0x52c77b0cb827afbad022e6d6caf2c44452edbc39,lp,-937412.31904882
2024-10-09,0x52c77b0cb827afbad022e6d6caf2c44452edbc39,lp,-208190.37579491
2024-10-10,0x52c77b0cb827afbad022e6d6caf2c44452edbc39,lp,161852.73828436
2024-10-10,0x9642b23ed1e01df1092b92641051881a322f5d4e,cex,1105380.11766568
2024-10-11,0x0d0707963952f2fba59dd06f2b425ace40b492fe,cex,6659
2024-10-11,0x52c77b0cb827afbad022e6d6caf2c44452edbc39,lp,-547834.74351793
2024-10-11,0x9642b23ed1e01df1092b92641051881a322f5d4e,cex,214641.15397546
2024-10-12,0x0d0707963952f2fba59dd06f2b425ace40b492fe,cex,-2627.95431577
2024-10-12,0x52c77b0cb827afbad022e6d6caf2c44452edbc39,lp,-378705.10423021
2024-10-12,0x9642b23ed1e01df1092b92641051881a322f5d4e,cex,1063031.09352779
2024-10-13,0x0d0707963952f2fba59dd06f2b425ace40b492fe,cex,-2665.82255776
2024-10-13,0x52c77b0cb827afbad022e6d6caf2c44452edbc39,lp,-388538.8741462
2024-10-13,0x9642b23ed1e01df1092b92641051881a322f5d4e,cex,550975.79956702
2024-10-14,0x0d0707963952f2fba59dd06f2b425ace40b492fe,cex,7385.96156217
2024-10-14,0x52c77b0cb827afbad022e6d6caf2c44452edbc39,lp,562927.97996573
2024-10-14,0x9642b23ed1e01df1092b92641051881a322f5d4e,cex,256190.75739216
2024-10-15,0x52c77b0cb827afbad022e6d6caf2c44452edbc39,lp,488766.16271244
2024-10-15,0x9642b23ed1e01df1092b92641051881a322f5d4e,cex,33536.74573256
2024-10-16,0x3cc936b795a188f0e246cbb2d74c5bd190aecf18,cex,751786.21249487
2024-10-16,0x52c77b0cb827afbad022e6d6caf2c44452edbc39,lp,796493.91190915
2024-10-16,0x9642b23ed1e01df1092b92641051881a322f5d4e,cex,-207203.69888541
2024-10-17,0x3cc936b795a188f0e246cbb2d74c5bd190aecf18,cex,909657.8550672
2024-10-17,0x52c77b0cb827afbad022e6d6caf2c44452edbc39,lp,-591986.92307958
2024-10-17,0x9642b23ed1e01df1092b92641051881a322f5d4e,cex,-518395.48487905
2024-10-18,0x0d0707963952f2fba59dd06f2b425ace40b492fe,cex,-4821.05655713
2024-10-18,0x3cc936b795a188f0e246cbb2d74c5bd190aecf18,cex,397069.47319001
2024-10-18,0x52c77b0cb827afbad022e6d6caf2c44452edbc39,lp,69404.8846158
2024-10-18,0x9642b23ed1e01df1092b92641051881a322f5d4e,cex,-121606.63783422
2024-10-19,0x3cc936b795a188f0e246cbb2d74c5bd190aecf18,cex,682069.49764739
2024-10-19,0x52c77b0cb827afbad022e6d6caf2c44452edbc39,lp,508637.06223346
2024-10-19,0x9642b23ed1e01df1092b92641051881a322f5d4e,cex,-230798.75212559
2024-10-20,0x0d0707963952f2fba59dd06f2b425ace40b492fe,cex,88553.41173103
2024-10-20,0x3cc936b795a188f0e246cbb2d74c5bd190aecf18,cex,425637.80902873
2024-10-20,0x52c77b0cb827afbad022e6d6caf2c44452edbc39,lp,-972168.23891325
2024-10-20,0x9642b23ed1e01df1092b92641051881a322f5d4e,cex,-343181.18549527
2024-10-21,0x3cc936b795a188f0e246cbb2d74c5bd190aecf18,cex,772472.16305913
2024-10-21,0x52c77b0cb827afbad022e6d6caf2c44452edbc39,lp,280255.00850927
2024-10-21,0x9642b23ed1e01df1092b92641051881a322f5d4e,cex,-475038.07277185
2024-10-22,0x0d0707963952f2fba59dd06f2b425ace40b492fe,cex,-1226.30826
2024-10-22,0x3cc936b795a188f0e246cbb2d74c5bd190aecf18,cex,503253.37383879
2024-10-22,0x52c77b0cb827afbad022e6d6caf2c44452edbc39,lp,-277752.54085901
2024-10-22,0x9642b23ed1e01df1092b92641051881a322f5d4e,cex,-638724.05826023
2024-10-23,0x0d0707963952f2fba59dd06f2b425ace40b492fe,cex,-15860.35223906
2024-10-23,0x3cc936b795a188f0e246cbb2d74c5bd190aecf18,cex,-491189.83840136
2024-10-23,0x52c77b0cb827afbad022e6d6caf2c44452edbc39,lp,10376.39058645
2024-10-23,0x9642b23ed1e01df1092b92641051881a322f5d4e,cex,621211.52033362
2024-10-24,0x0d0707963952f2fba59dd06f2b425ace40b492fe,cex,-13553.61564
2024-10-24,0x3cc936b795a188f0e246cbb2d74c5bd190aecf18,cex,212879.40461196
2024-10-24,0x52c77b0cb827afbad022e6d6caf2c44452edbc39,lp,-273497.36414716
2024-10-24,0x9642b23ed1e01df1092b92641051881a322f5d4e,cex,-276617.96165239
2024-10-25,0x3cc936b795a188f0e246cbb2d74c5bd190aecf18,cex,404435.34897719
2024-10-25,0x52c77b0cb827afbad022e6d6caf2c44452edbc39,lp,156264.6445255
2024-10-25,0x9642b23ed1e01df1092b92641051881a322f5d4e,cex,-350581.51670238
2024-10-26,0x3cc936b795a188f0e246cbb2d74c5bd190aecf18,cex,-760297.40504461
2024-10-26,0x52c77b0cb827afbad022e6d6caf2c44452edbc39,lp,-67587.93303563
2024-10-26,0x9642b23ed1e01df1092b92641051881a322f5d4e,cex,778789.64568295
2024-10-27,0x3cc936b795a188f0e246cbb2d74c5bd190aecf18,cex,210267.70584889
2024-10-27,0x52c77b0cb827afbad022e6d6caf2c44452edbc39,lp,-121986.54056312
2024-10-27,0x9642b23ed1e01df1092b92641051881a322f5d4e,cex,-136042.05946626
2024-10-28,0x0d0707963952f2fba59dd06f2b425ace40b492fe,cex,-1339.80546
2024-10-28,0x3cc936b795a188f0e246cbb2d74c5bd190aecf18,cex,490328.05028309
2024-10-28,0x52c77b0cb827afbad022e6d6caf2c44452edbc39,lp,-188599.90960772
2024-10-28,0x9642b23ed1e01df1092b92641051881a322f5d4e,cex,-84481.88011276
2024-10-29,0x0d0707963952f2fba59dd06f2b425ace40b492fe,cex,-6167.223997
2024-10-29,0x3cc936b795a188f0e246cbb2d74c5bd190aecf18,cex,455341.8383798
2024-10-29,0x52c77b0cb827afbad022e6d6caf2c44452edbc39,lp,76815.46748145
2024-10-29,0x9642b23ed1e01df1092b92641051881a322f5d4e,cex,-116958.01307988
2024-10-30,0x0d0707963952f2fba59dd06f2b425ace40b492fe,cex,-12627.16795998
2024-10-30,0x3cc936b795a188f0e246cbb2d74c5bd190aecf18,cex,274003.91723191
2024-10-30,0x52c77b0cb827afbad022e6d6caf2c44452edbc39,lp,281539.95060819
2024-10-30,0x9642b23ed1e01df1092b92641051881a322f5d4e,cex,-248395.56002223
2024-10-31,0x3cc936b795a188f0e246cbb2d74c5bd190aecf18,cex,-94179.58909682
2024-10-31,0x52c77b0cb827afbad022e6d6caf2c44452edbc39,lp,151588.23061051
2024-10-31,0x9642b23ed1e01df1092b92641051881a322f5d4e,cex,258825.32583506
2024-11-01,0x0d0707963952f2fba59dd06f2b425ace40b492fe,cex,-2362.00738
2024-11-01,0x3cc936b795a188f0e246cbb2d74c5bd190aecf18,cex,151103.21959741
2024-11-01,0x52c77b0cb827afbad022e6d6caf2c44452edbc39,lp,-29753.84742207
2024-11-01,0x9642b23ed1e01df1092b92641051881a322f5d4e,cex,-209116.83205604
2024-11-02,0x0d0707963952f2fba59dd06f2b425ace40b492fe,cex,-536.56728335
2024-11-02,0x3cc936b795a188f0e246cbb2d74c5bd190aecf18,cex,-1578485.25962179
2024-11-02,0x52c77b0cb827afbad022e6d6caf2c44452edbc39,lp,-15504.55111902
2024-11-02,0x9642b23ed1e01df1092b92641051881a322f5d4e,cex,1942353.972116
2024-11-03,0x0d0707963952f2fba59dd06f2b425ace40b492fe,cex,-95.44
2024-11-03,0x3cc936b795a188f0e246cbb2d74c5bd190aecf18,cex,370307.58036233
2024-11-03,0x52c77b0cb827afbad022e6d6caf2c44452edbc39,lp,190809.64289218
2024-11-03,0x9642b23ed1e01df1092b92641051881a322f5d4e,cex,-156168.69142288
2024-11-04,0x0d0707963952f2fba59dd06f2b425ace40b492fe,cex,-3952
2024-11-04,0x3cc936b795a188f0e246cbb2d74c5bd190aecf18,cex,347976.98885604
2024-11-04,0x52c77b0cb827afbad022e6d6caf2c44452edbc39,lp,269201.16887953
2024-11-04,0x9642b23ed1e01df1092b92641051881a322f5d4e,cex,-113820.95530077
2024-11-05,0x0d0707963952f2fba59dd06f2b425ace40b492fe,cex,-20474.4134
2024-11-05,0x3cc936b795a188f0e246cbb2d74c5bd190aecf18,cex,430939.2952076
2024-11-05,0x52c77b0cb827afbad022e6d6caf2c44452edbc39,lp,-46786.81923215
2024-11-05,0x9642b23ed1e01df1092b92641051881a322f5d4e,cex,-128391.2269998
2024-11-06,0x0d0707963952f2fba59dd06f2b425ace40b492fe,cex,104166.71827036
2024-11-06,0x3cc936b795a188f0e246cbb2d74c5bd190aecf18,cex,431861.04056927
2024-11-06,0x52c77b0cb827afbad022e6d6caf2c44452edbc39,lp,-517231.42295725
2024-11-06,0x9642b23ed1e01df1092b92641051881a322f5d4e,cex,-329471.25502493
2024-11-07,0x0d0707963952f2fba59dd06f2b425ace40b492fe,cex,-6114.03224022
2024-11-07,0x3cc936b795a188f0e246cbb2d74c5bd190aecf18,cex,82796.90854152
2024-11-07,0x52c77b0cb827afbad022e6d6caf2c44452edbc39,lp,251842.78526609
2024-11-07,0x9642b23ed1e01df1092b92641051881a322f5d4e,cex,-151242.7674029
2024-11-08,0x3cc936b795a188f0e246cbb2d74c5bd190aecf18,cex,147876.09651256
2024-11-08,0x52c77b0cb827afbad022e6d6caf2c44452edbc39,lp,447810.03034272
2024-11-08,0x9642b23ed1e01df1092b92641051881a322f5d4e,cex,-76082.12
2024-11-09,0x3cc936b795a188f0e246cbb2d74c5bd190aecf18,cex,455277.3110863
2024-11-09,0x52c77b0cb827afbad022e6d6caf2c44452edbc39,lp,340851.1932491
2024-11-09,0x9642b23ed1e01df1092b92641051881a322f5d4e,cex,-165461.51646803
2024-11-10,0x0d0707963952f2fba59dd06f2b425ace40b492fe,cex,-11492.61198998
2024-11-10,0x3cc936b795a188f0e246cbb2d74c5bd190aecf18,cex,610437.32054027
2024-11-10,0x52c77b0cb827afbad022e6d6caf2c44452edbc39,lp,-86835.42842725
2024-11-10,0x9642b23ed1e01df1092b92641051881a322f5d4e,cex,-312608.19526076
2024-11-11,0x0d0707963952f2fba59dd06f2b425ace40b492fe,cex,-1915.42952505
2024-11-11,0x3cc936b795a188f0e246cbb2d74c5bd190aecf18,cex,590667.16449048
2024-11-11,0x52c77b0cb827afbad022e6d6caf2c44452edbc39,lp,394878.49628239
2024-11-11,0x9642b23ed1e01df1092b92641051881a322f5d4e,cex,-146785.609084
2024-11-12,0x0d0707963952f2fba59dd06f2b425ace40b492fe,cex,-888.31
2024-11-12,0x3cc936b795a188f0e246cbb2d74c5bd190aecf18,cex,553311.01543674
2024-11-12,0x52c77b0cb827afbad022e6d6caf2c44452edbc39,lp,216137.70430258
2024-11-12,0x9642b23ed1e01df1092b92641051881a322f5d4e,cex,155625.93
2024-11-13,0x0d0707963952f2fba59dd06f2b425ace40b492fe,cex,-53375.53423042
2024-11-13,0x3cc936b795a188f0e246cbb2d74c5bd190aecf18,cex,2059243.85437036
2024-11-13,0x52c77b0cb827afbad022e6d6caf2c44452edbc39,lp,363361.28811133
2024-11-13,0x9642b23ed1e01df1092b92641051881a322f5d4e,cex,-234280.48244287
2024-11-14,0x0d0707963952f2fba59dd06f2b425ace40b492fe,cex,-27711.39351908
2024-11-14,0x3cc936b795a188f0e246cbb2d74c5bd190aecf18,cex,-21438.59297357
2024-11-14,0x52c77b0cb827afbad022e6d6caf2c44452edbc39,lp,-250689.63281095
2024-11-14,0x9642b23ed1e01df1092b92641051881a322f5d4e,cex,775320.77197449
2024-11-15,0x0d0707963952f2fba59dd06f2b425ace40b492fe,cex,-2965.68
2024-11-15,0x3cc936b795a188f0e246cbb2d74c5bd190aecf18,cex,1466994.02925969
2024-11-15,0x52c77b0cb827afbad022e6d6caf2c44452edbc39,lp,246821.71103426
2024-11-15,0x9642b23ed1e01df1092b92641051881a322f5d4e,cex,-336711.88454915
2024-11-16,0x0d0707963952f2fba59dd06f2b425ace40b492fe,cex,130921.1140192
2024-11-16,0x3cc936b795a188f0e246cbb2d74c5bd190aecf18,cex,-1795513.36819314
2024-11-16,0x52c77b0cb827afbad022e6d6caf2c44452edbc39,lp,-118929.62373797
2024-11-16,0x9642b23ed1e01df1092b92641051881a322f5d4e,cex,1765133.49425139
2024-11-17,0x0d0707963952f2fba59dd06f2b425ace40b492fe,cex,-226.55
2024-11-17,0x3cc936b795a188f0e246cbb2d74c5bd190aecf18,cex,380671.41488587
2024-11-17,0x52c77b0cb827afbad022e6d6caf2c44452edbc39,lp,257728.5293365
2024-11-17,0x9642b23ed1e01df1092b92641051881a322f5d4e,cex,-227324.32549948
2024-11-18,0x0d0707963952f2fba59dd06f2b425ace40b492fe,cex,-5342.66320107
2024-11-18,0x3cc936b795a188f0e246cbb2d74c5bd190aecf18,cex,2064335.42636508
2024-11-18,0x52c77b0cb827afbad022e6d6caf2c44452edbc39,lp,652433.0136383
2024-11-18,0x9642b23ed1e01df1092b92641051881a322f5d4e,cex,-180178.39579409
2024-11-19,0x0d0707963952f2fba59dd06f2b425ace40b492fe,cex,-2636.25897952
2024-11-19,0x3cc936b795a188f0e246cbb2d74c5bd190aecf18,cex,1763712.79251215
2024-11-19,0x52c77b0cb827afbad022e6d6caf2c44452edbc39,lp,69547.1607811
2024-11-19,0x91dca37856240e5e1906222ec79278b16420dc92,cex,10.33793643
2024-11-19,0x9642b23ed1e01df1092b92641051881a322f5d4e,cex,-955055.25410195
2024-11-20,0x0d0707963952f2fba59dd06f2b425ace40b492fe,cex,-5844.92
2024-11-20,0x3cc936b795a188f0e246cbb2d74c5bd190aecf18,cex,-1181227.92356202
2024-11-20,0x52c77b0cb827afbad022e6d6caf2c44452edbc39,lp,422736.17917896
2024-11-20,0x9642b23ed1e01df1092b92641051881a322f5d4e,cex,911300.79215388
2024-11-21,0x0d0707963952f2fba59dd06f2b425ace40b492fe,cex,-6382.57765576
2024-11-21,0x3cc936b795a188f0e246cbb2d74c5bd190aecf18,cex,494965.75737606
2024-11-21,0x52c77b0cb827afbad022e6d6caf2c44452edbc39,lp,-122398.03749064
2024-11-21,0x91dca37856240e5e1906222ec79278b16420dc92,cex,40472.35
2024-11-21,0x9642b23ed1e01df1092b92641051881a322f5d4e,cex,-928624.47567449
2024-11-22,0x0d0707963952f2fba59dd06f2b425ace40b492fe,cex,-16507.94878505
2024-11-22,0x3cc936b795a188f0e246cbb2d74c5bd190aecf18,cex,-1263883.52948179
2024-11-22,0x52c77b0cb827afbad022e6d6caf2c44452edbc39,lp,307913.14558705
2024-11-22,0x91dca37856240e5e1906222ec79278b16420dc92,cex,32728.86025965
2024-11-22,0x9642b23ed1e01df1092b92641051881a322f5d4e,cex,1175378.89993421
2024-11-23,0x0d0707963952f2fba59dd06f2b425ace40b492fe,cex,-43581.66092819
2024-11-23,0x3cc936b795a188f0e246cbb2d74c5bd190aecf18,cex,188269.28462141
2024-11-23,0x52c77b0cb827afbad022e6d6caf2c44452edbc39,lp,-341101.20899538
2024-11-23,0x91dca37856240e5e1906222ec79278b16420dc92,cex,14478.2742
2024-11-23,0x9642b23ed1e01df1092b92641051881a322f5d4e,cex,-157309.69
2024-11-24,0x0d0707963952f2fba59dd06f2b425ace40b492fe,cex,-1148.82944
2024-11-24,0x3cc936b795a188f0e246cbb2d74c5bd190aecf18,cex,143374.24066919
2024-11-24,0x52c77b0cb827afbad022e6d6caf2c44452edbc39,lp,237042.52869765
2024-11-24,0x91dca37856240e5e1906222ec79278b16420dc92,cex,18682.9671
2024-11-24,0x9642b23ed1e01df1092b92641051881a322f5d4e,cex,-265814.33
2024-11-25,0x3cc936b795a188f0e246cbb2d74c5bd190aecf18,cex,99419.03988168
2024-11-25,0x52c77b0cb827afbad022e6d6caf2c44452edbc39,lp,494468.49569784
2024-11-25,0x91dca37856240e5e1906222ec79278b16420dc92,cex,7584.7509
2024-11-25,0x9642b23ed1e01df1092b92641051881a322f5d4e,cex,-340849.47325732
2024-11-26,0x3cc936b795a188f0e246cbb2d74c5bd190aecf18,cex,102775.82742402
2024-11-26,0x52c77b0cb827afbad022e6d6caf2c44452edbc39,lp,41519.15662346
2024-11-26,0x91dca37856240e5e1906222ec79278b16420dc92,cex,22221.435
2024-11-26,0x9642b23ed1e01df1092b92641051881a322f5d4e,cex,-139272.71489607
2024-11-26,0xab782bc7d4a2b306825de5a7730034f8f63ee1bc,cex,50
2024-11-27,0x0d0707963952f2fba59dd06f2b425ace40b492fe,cex,-1343
2024-11-27,0x3cc936b795a188f0e246cbb2d74c5bd190aecf18,cex,171980.0702508
2024-11-27,0x52c77b0cb827afbad022e6d6caf2c44452edbc39,lp,-857359.33399535
2024-11-27,0x91dca37856240e5e1906222ec79278b16420dc92,cex,28018.001438
2024-11-27,0x9642b23ed1e01df1092b92641051881a322f5d4e,cex,-187725.58
2024-11-27,0xab782bc7d4a2b306825de5a7730034f8f63ee1bc,cex,-20
2024-11-27,0xb0a3a2b60e969afd26561429aa4c1444c57e4411,cex,10
2024-11-28,0x0d0707963952f2fba59dd06f2b425ace40b492fe,cex,-11378.68
2024-11-28,0x3cc936b795a188f0e246cbb2d74c5bd190aecf18,cex,-1852996.70136894
2024-11-28,0x52c77b0cb827afbad022e6d6caf2c44452edbc39,lp,-591474.6880804
2024-11-28,0x91dca37856240e5e1906222ec79278b16420dc92,cex,17112.71773931
2024-11-28,0x9642b23ed1e01df1092b92641051881a322f5d4e,cex,1674643.23102238
2024-11-28,0xab782bc7d4a2b306825de5a7730034f8f63ee1bc,cex,8
2024-11-28,0xb0a3a2b60e969afd26561429aa4c1444c57e4411,cex,2
2024-11-29,0x0d0707963952f2fba59dd06f2b425ace40b492fe,cex,-6449.7157
2024-11-29,0x3cc936b795a188f0e246cbb2d74c5bd190aecf18,cex,85670.40319554
2024-11-29,0x52c77b0cb827afbad022e6d6caf2c44452edbc39,lp,78107.01192013
2024-11-29,0x91dca37856240e5e1906222ec79278b16420dc92,cex,3320.7599
2024-11-29,0x9642b23ed1e01df1092b92641051881a322f5d4e,cex,-284741.98
2024-11-29,0xab782bc7d4a2b306825de5a7730034f8f63ee1bc,cex,573.82566973
2024-11-29,0xb0a3a2b60e969afd26561429aa4c1444c57e4411,cex,2924250.5
2024-11-30,0x0d0707963952f2fba59dd06f2b425ace40b492fe,cex,-488.93
2024-11-30,0x3cc936b795a188f0e246cbb2d74c5bd190aecf18,cex,95633.22993205
2024-11-30,0x52c77b0cb827afbad022e6d6caf2c44452edbc39,lp,-26053.59890543
2024-11-30,0x91dca37856240e5e1906222ec79278b16420dc92,cex,6221.1566
2024-11-30,0x9642b23ed1e01df1092b92641051881a322f5d4e,cex,-99394.53
2024-11-30,0xab782bc7d4a2b306825de5a7730034f8f63ee1bc,cex,218.27578427
2024-12-01,0x0d0707963952f2fba59dd06f2b425ace40b492fe,cex,-554.79376
2024-12-01,0x3cc936b795a188f0e246cbb2d74c5bd190aecf18,cex,37126.17933992
2024-12-01,0x52c77b0cb827afbad022e6d6caf2c44452edbc39,lp,318993.94954478
2024-12-01,0x91dca37856240e5e1906222ec79278b16420dc92,cex,32463.08304234
2024-12-01,0x9642b23ed1e01df1092b92641051881a322f5d4e,cex,-146920.96
2024-12-02,0x3cc936b795a188f0e246cbb2d74c5bd190aecf18,cex,154944.10689541
2024-12-02,0x52c77b0cb827afbad022e6d6caf2c44452edbc39,lp,728373.39071051
2024-12-02,0x91dca37856240e5e1906222ec79278b16420dc92,cex,82732.63603119
2024-12-02,0x9642b23ed1e01df1092b92641051881a322f5d4e,cex,-160828.553278
2024-12-02,0xab782bc7d4a2b306825de5a7730034f8f63ee1bc,cex,316.86347217
2024-12-03,0x0d0707963952f2fba59dd06f2b425ace40b492fe,cex,-2478.54
2024-12-03,0x3cc936b795a188f0e246cbb2d74c5bd190aecf18,cex,209905.18894452
2024-12-03,0x52c77b0cb827afbad022e6d6caf2c44452edbc39,lp,-390208.3773703
2024-12-03,0x91dca37856240e5e1906222ec79278b16420dc92,cex,36137.4899
2024-12-03,0x9642b23ed1e01df1092b92641051881a322f5d4e,cex,-102850.61805988
2024-12-03,0xab782bc7d4a2b306825de5a7730034f8f63ee1bc,cex,1750.9761355
2024-12-04,0x0d0707963952f2fba59dd06f2b425ace40b492fe,cex,-4020.58846
2024-12-04,0x3cc936b795a188f0e246cbb2d74c5bd190aecf18,cex,68732.34798064
2024-12-04,0x52c77b0cb827afbad022e6d6caf2c44452edbc39,lp,-49460.95829666
2024-12-04,0x91dca37856240e5e1906222ec79278b16420dc92,cex,2734.40229156
2024-12-04,0x9642b23ed1e01df1092b92641051881a322f5d4e,cex,-85491.32
2024-12-04,0xab782bc7d4a2b306825de5a7730034f8f63ee1bc,cex,1042123.7952836
2024-12-04,0xb0a3a2b60e969afd26561429aa4c1444c57e4411,cex,-1034000
2024-12-05,0x3cc936b795a188f0e246cbb2d74c5bd190aecf18,cex,190302.4579491
2024-12-05,0x52c77b0cb827afbad022e6d6caf2c44452edbc39,lp,-174009.89344628
2024-12-05,0x91dca37856240e5e1906222ec79278b16420dc92,cex,2666.02353119
2024-12-05,0x9642b23ed1e01df1092b92641051881a322f5d4e,cex,-560395.77
2024-12-05,0xab782bc7d4a2b306825de5a7730034f8f63ee1bc,cex,-28009.55508354
2024-12-05,0xb0a3a2b60e969afd26561429aa4c1444c57e4411,cex,-700000
2024-12-06,0x3cc936b795a188f0e246cbb2d74c5bd190aecf18,cex,145545.31642075
2024-12-06,0x52c77b0cb827afbad022e6d6caf2c44452edbc39,lp,-218943.45945171
2024-12-06,0x91dca37856240e5e1906222ec79278b16420dc92,cex,164.042697
2024-12-06,0x9642b23ed1e01df1092b92641051881a322f5d4e,cex,-130955.73212229
2024-12-06,0xab782bc7d4a2b306825de5a7730034f8f63ee1bc,cex,-72.21298044
2024-12-07,0x3cc936b795a188f0e246cbb2d74c5bd190aecf18,cex,70767.31530716
2024-12-07,0x52c77b0cb827afbad022e6d6caf2c44452edbc39,lp,79071.97049331
2024-12-07,0x9642b23ed1e01df1092b92641051881a322f5d4e,cex,-152315.37
2024-12-08,0x0d0707963952f2fba59dd06f2b425ace40b492fe,cex,796699.74023276
2024-12-08,0x3cc936b795a188f0e246cbb2d74c5bd190aecf18,cex,76024.24537602
2024-12-08,0x52c77b0cb827afbad022e6d6caf2c44452edbc39,lp,23063.5477754
2024-12-08,0x9642b23ed1e01df1092b92641051881a322f5d4e,cex,-172257.33094687
2024-12-09,0x0d0707963952f2fba59dd06f2b425ace40b492fe,cex,-49195.04179663
2024-12-09,0x3cc936b795a188f0e246cbb2d74c5bd190aecf18,cex,-838606.42164786
2024-12-09,0x52c77b0cb827afbad022e6d6caf2c44452edbc39,lp,491790.26881629
2024-12-09,0x91dca37856240e5e1906222ec79278b16420dc92,cex,8425.4507391
2024-12-09,0x9642b23ed1e01df1092b92641051881a322f5d4e,cex,926355.33
2024-12-09,0xab782bc7d4a2b306825de5a7730034f8f63ee1bc,cex,456025.77410477
2024-12-10,0x0d0707963952f2fba59dd06f2b425ace40b492fe,cex,-101299.6108392
2024-12-10,0x3cc936b795a188f0e246cbb2d74c5bd190aecf18,cex,413666.33149742
2024-12-10,0x52c77b0cb827afbad022e6d6caf2c44452edbc39,lp,-691517.60131872
2024-12-10,0x91dca37856240e5e1906222ec79278b16420dc92,cex,6494.3992392
2024-12-10,0x9642b23ed1e01df1092b92641051881a322f5d4e,cex,-305586.43
2024-12-10,0xab782bc7d4a2b306825de5a7730034f8f63ee1bc,cex,-367746.63297915
2024-12-10,0xb0a3a2b60e969afd26561429aa4c1444c57e4411,cex,377499.87
2024-12-11,0x0d0707963952f2fba59dd06f2b425ace40b492fe,cex,-36257.9216265
2024-12-11,0x3cc936b795a188f0e246cbb2d74c5bd190aecf18,cex,109934.58363282
2024-12-11,0x52c77b0cb827afbad022e6d6caf2c44452edbc39,lp,-113969.61390013
2024-12-11,0x9642b23ed1e01df1092b92641051881a322f5d4e,cex,-468139.81
2024-12-11,0xab782bc7d4a2b306825de5a7730034f8f63ee1bc,cex,-203630
2024-12-12,0x0d0707963952f2fba59dd06f2b425ace40b492fe,cex,-61040.64
2024-12-12,0x3cc936b795a188f0e246cbb2d74c5bd190aecf18,cex,-1951183.64243245
2024-12-12,0x52c77b0cb827afbad022e6d6caf2c44452edbc39,lp,514359.8573171
2024-12-12,0x91dca37856240e5e1906222ec79278b16420dc92,cex,3992.89
2024-12-12,0x9642b23ed1e01df1092b92641051881a322f5d4e,cex,1576887.663
2024-12-12,0xab782bc7d4a2b306825de5a7730034f8f63ee1bc,cex,-588041
2024-12-13,0x0d0707963952f2fba59dd06f2b425ace40b492fe,cex,-35312.60483
2024-12-13,0x3cc936b795a188f0e246cbb2d74c5bd190aecf18,cex,314784.19436422
2024-12-13,0x52c77b0cb827afbad022e6d6caf2c44452edbc39,lp,56131.10769261
2024-12-13,0x91dca37856240e5e1906222ec79278b16420dc92,cex,6615.3456
2024-12-13,0x9642b23ed1e01df1092b92641051881a322f5d4e,cex,-410898.26552847
2024-12-13,0xab782bc7d4a2b306825de5a7730034f8f63ee1bc,cex,1068014.38624284
2024-12-13,0xb0a3a2b60e969afd26561429aa4c1444c57e4411,cex,-900000
2024-12-14,0x0d0707963952f2fba59dd06f2b425ace40b492fe,cex,-112246.78376
2024-12-14,0x3cc936b795a188f0e246cbb2d74c5bd190aecf18,cex,62352.53000264
2024-12-14,0x52c77b0cb827afbad022e6d6caf2c44452edbc39,lp,-61066.97011769
2024-12-14,0x91dca37856240e5e1906222ec79278b16420dc92,cex,136.26239128
2024-12-14,0x9642b23ed1e01df1092b92641051881a322f5d4e,cex,-119967.73558843
2024-12-14,0xab782bc7d4a2b306825de5a7730034f8f63ee1bc,cex,-348637.00260637
2024-12-14,0xb0a3a2b60e969afd26561429aa4c1444c57e4411,cex,353496.92
2024-12-15,0x0d0707963952f2fba59dd06f2b425ace40b492fe,cex,-174683.06938
2024-12-15,0x3cc936b795a188f0e246cbb2d74c5bd190aecf18,cex,223731.92241527
2024-12-15,0x52c77b0cb827afbad022e6d6caf2c44452edbc39,lp,-346386.30409569
2024-12-15,0x9642b23ed1e01df1092b92641051881a322f5d4e,cex,-223886.36349315
2024-12-15,0xab782bc7d4a2b306825de5a7730034f8f63ee1bc,cex,97648.38994712
2024-12-16,0x0d0707963952f2fba59dd06f2b425ace40b492fe,cex,-257874.59227036
2024-12-16,0x3cc936b795a188f0e246cbb2d74c5bd190aecf18,cex,226216.01495312
2024-12-16,0x52c77b0cb827afbad022e6d6caf2c44452edbc39,lp,-216550.9840154
2024-12-16,0x91dca37856240e5e1906222ec79278b16420dc92,cex,703.38
2024-12-16,0x9642b23ed1e01df1092b92641051881a322f5d4e,cex,-231601.88
2024-12-17,0x0d0707963952f2fba59dd06f2b425ace40b492fe,cex,664385.93328552
2024-12-17,0x3cc936b795a188f0e246cbb2d74c5bd190aecf18,cex,110799.22822583
2024-12-17,0x52c77b0cb827afbad022e6d6caf2c44452edbc39,lp,401370.82863364
2024-12-17,0x9642b23ed1e01df1092b92641051881a322f5d4e,cex,-44766.12
2024-12-17,0xab782bc7d4a2b306825de5a7730034f8f63ee1bc,cex,3702.98218028
2024-12-18,0x0d0707963952f2fba59dd06f2b425ace40b492fe,cex,-93902.597419
2024-12-18,0x3cc936b795a188f0e246cbb2d74c5bd190aecf18,cex,243305.48
2024-12-18,0x52c77b0cb827afbad022e6d6caf2c44452edbc39,lp,73600.71003523
2024-12-18,0x9642b23ed1e01df1092b92641051881a322f5d4e,cex,-256661.40247027
2024-12-18,0xab782bc7d4a2b306825de5a7730034f8f63ee1bc,cex,10846.46345481
2024-12-19,0x0d0707963952f2fba59dd06f2b425ace40b492fe,cex,-440446.5527509
2024-12-19,0x3cc936b795a188f0e246cbb2d74c5bd190aecf18,cex,211732.4185763
2024-12-19,0x52c77b0cb827afbad022e6d6caf2c44452edbc39,lp,35631.22834202
2024-12-19,0x9642b23ed1e01df1092b92641051881a322f5d4e,cex,-166316.2237427
2024-12-20,0x0d0707963952f2fba59dd06f2b425ace40b492fe,cex,1216362.35578428
2024-12-20,0x3cc936b795a188f0e246cbb2d74c5bd190aecf18,cex,90212.92807377
2024-12-20,0x52c77b0cb827afbad022e6d6caf2c44452edbc39,lp,-416987.69756284
2024-12-20,0x9642b23ed1e01df1092b92641051881a322f5d4e,cex,-131636.97
2024-12-20,0xab782bc7d4a2b306825de5a7730034f8f63ee1bc,cex,146020.39261332
2024-12-21,0x0d0707963952f2fba59dd06f2b425ace40b492fe,cex,-405438.4964
2024-12-21,0x3cc936b795a188f0e246cbb2d74c5bd190aecf18,cex,177198.52567781
2024-12-21,0x52c77b0cb827afbad022e6d6caf2c44452edbc39,lp,-500604.71380498
2024-12-21,0x9642b23ed1e01df1092b92641051881a322f5d4e,cex,-397860.66553726
2024-12-21,0xab782bc7d4a2b306825de5a7730034f8f63ee1bc,cex,-1103034.5557793
2024-12-21,0xb0a3a2b60e969afd26561429aa4c1444c57e4411,cex,1102512.93
2024-12-22,0x0d0707963952f2fba59dd06f2b425ace40b492fe,cex,-31540.1483806
2024-12-22,0x3cc936b795a188f0e246cbb2d74c5bd190aecf18,cex,-1912193.33912701
2024-12-22,0x52c77b0cb827afbad022e6d6caf2c44452edbc39,lp,693598.01259848
2024-12-22,0x9642b23ed1e01df1092b92641051881a322f5d4e,cex,1716951.04
2024-12-22,0xab782bc7d4a2b306825de5a7730034f8f63ee1bc,cex,112.17933246
2024-12-23,0x0d0707963952f2fba59dd06f2b425ace40b492fe,cex,-544794.09956561
2024-12-23,0x3cc936b795a188f0e246cbb2d74c5bd190aecf18,cex,341083.16635684
2024-12-23,0x52c77b0cb827afbad022e6d6caf2c44452edbc39,lp,-805069.86565458
2024-12-23,0x9642b23ed1e01df1092b92641051881a322f5d4e,cex,-84944.89000278
2024-12-23,0xab782bc7d4a2b306825de5a7730034f8f63ee1bc,cex,133633.2529515
2024-12-24,0x0d0707963952f2fba59dd06f2b425ace40b492fe,cex,-136195.76483359
2024-12-24,0x3cc936b795a188f0e246cbb2d74c5bd190aecf18,cex,75662.32505966
2024-12-24,0x52c77b0cb827afbad022e6d6caf2c44452edbc39,lp,-19722.06610853
2024-12-24,0x9642b23ed1e01df1092b92641051881a322f5d4e,cex,-345538.16830287
2024-12-24,0xab782bc7d4a2b306825de5a7730034f8f63ee1bc,cex,1999.45352864
2024-12-25,0x0d0707963952f2fba59dd06f2b425ace40b492fe,cex,2440620.84078518
2024-12-25,0x3cc936b795a188f0e246cbb2d74c5bd190aecf18,cex,41539.3661612
2024-12-25,0x52c77b0cb827afbad022e6d6caf2c44452edbc39,lp,-4006.42497349
2024-12-25,0x9642b23ed1e01df1092b92641051881a322f5d4e,cex,-114082.85503104
2024-12-25,0xab782bc7d4a2b306825de5a7730034f8f63ee1bc,cex,1411.48371804
2024-12-26,0x0d0707963952f2fba59dd06f2b425ace40b492fe,cex,-1939335.36970137
2024-12-26,0x3cc936b795a188f0e246cbb2d74c5bd190aecf18,cex,19707.80046167
2024-12-26,0x52c77b0cb827afbad022e6d6caf2c44452edbc39,lp,35323.61311918
2024-12-26,0x91dca37856240e5e1906222ec79278b16420dc92,cex,19450.19428024
2024-12-26,0x9642b23ed1e01df1092b92641051881a322f5d4e,cex,-36151.58
2024-12-26,0xab782bc7d4a2b306825de5a7730034f8f63ee1bc,cex,143064.95971275
2024-12-26,0xc882b111a75c0c657fc507c04fbfcd2cc984f071,cex,1933672.37030647
2024-12-27,0x0d0707963952f2fba59dd06f2b425ace40b492fe,cex,-30250.947534
2024-12-27,0x3cc936b795a188f0e246cbb2d74c5bd190aecf18,cex,292448.31516495
2024-12-27,0x52c77b0cb827afbad022e6d6caf2c44452edbc39,lp,-145629.95943035
2024-12-27,0x91dca37856240e5e1906222ec79278b16420dc92,cex,3079.555429
2024-12-27,0x9642b23ed1e01df1092b92641051881a322f5d4e,cex,-117094.65
2024-12-27,0xab782bc7d4a2b306825de5a7730034f8f63ee1bc,cex,-5122.4773518
2024-12-28,0x0d0707963952f2fba59dd06f2b425ace40b492fe,cex,-191317.46092
2024-12-28,0x3cc936b795a188f0e246cbb2d74c5bd190aecf18,cex,149041.7437809
2024-12-28,0x52c77b0cb827afbad022e6d6caf2c44452edbc39,lp,-343085.81616253
2024-12-28,0x9642b23ed1e01df1092b92641051881a322f5d4e,cex,-157072.04050662
2024-12-28,0xab782bc7d4a2b306825de5a7730034f8f63ee1bc,cex,-135433.43897232
2024-12-29,0x0d0707963952f2fba59dd06f2b425ace40b492fe,cex,-140056.9477226
2024-12-29,0x3cc936b795a188f0e246cbb2d74c5bd190aecf18,cex,196760.11125377
2024-12-29,0x52c77b0cb827afbad022e6d6caf2c44452edbc39,lp,-183394.57620607
2024-12-29,0x91dca37856240e5e1906222ec79278b16420dc92,cex,2460.5441904
2024-12-29,0x9642b23ed1e01df1092b92641051881a322f5d4e,cex,-107447.97
2024-12-29,0xab782bc7d4a2b306825de5a7730034f8f63ee1bc,cex,-204753.83524728
2024-12-29,0xb0a3a2b60e969afd26561429aa4c1444c57e4411,cex,329000
2024-12-30,0x0d0707963952f2fba59dd06f2b425ace40b492fe,cex,-81580.44
2024-12-30,0x3cc936b795a188f0e246cbb2d74c5bd190aecf18,cex,9278.54760096
2024-12-30,0x52c77b0cb827afbad022e6d6caf2c44452edbc39,lp,274469.32415098
2024-12-30,0x91dca37856240e5e1906222ec79278b16420dc92,cex,-14861.52666532
2024-12-30,0x9642b23ed1e01df1092b92641051881a322f5d4e,cex,-218644.37
2024-12-30,0xab782bc7d4a2b306825de5a7730034f8f63ee1bc,cex,117343.75792608
2024-12-31,0x0d0707963952f2fba59dd06f2b425ace40b492fe,cex,-165863.6963988
2024-12-31,0x3cc936b795a188f0e246cbb2d74c5bd190aecf18,cex,12704.27064139
2024-12-31,0x52c77b0cb827afbad022e6d6caf2c44452edbc39,lp,-73854.28372503
2024-12-31,0x9642b23ed1e01df1092b92641051881a322f5d4e,cex,-251130.04
2024-12-31,0xab782bc7d4a2b306825de5a7730034f8f63ee1bc,cex,116958.37004238
2025-01-01,0x0d0707963952f2fba59dd06f2b425ace40b492fe,cex,1100649.76417506
2025-01-01,0x3cc936b795a188f0e246cbb2d74c5bd190aecf18,cex,36299.98812354
2025-01-01,0x52c77b0cb827afbad022e6d6caf2c44452edbc39,lp,-334040.83546812
2025-01-01,0x9642b23ed1e01df1092b92641051881a322f5d4e,cex,-76202.4
2025-01-01,0xab782bc7d4a2b306825de5a7730034f8f63ee1bc,cex,-134.12348909
2025-01-01,0xc882b111a75c0c657fc507c04fbfcd2cc984f071,cex,-1113089.93766696
2025-01-02,0x0d0707963952f2fba59dd06f2b425ace40b492fe,cex,-435656.0861916
2025-01-02,0x3cc936b795a188f0e246cbb2d74c5bd190aecf18,cex,445134.48498509
2025-01-02,0x52c77b0cb827afbad022e6d6caf2c44452edbc39,lp,-711179.31714904
2025-01-02,0x9642b23ed1e01df1092b92641051881a322f5d4e,cex,-115181.16774644
2025-01-02,0xab782bc7d4a2b306825de5a7730034f8f63ee1bc,cex,342195.82458581
2025-01-02,0xb0a3a2b60e969afd26561429aa4c1444c57e4411,cex,212463.15
2025-01-03,0x0d0707963952f2fba59dd06f2b425ace40b492fe,cex,-161744.30501025
2025-01-03,0x3cc936b795a188f0e246cbb2d74c5bd190aecf18,cex,-468512.85807809
2025-01-03,0x52c77b0cb827afbad022e6d6caf2c44452edbc39,lp,-184152.36634799
2025-01-03,0x91dca37856240e5e1906222ec79278b16420dc92,cex,8384.33074565
2025-01-03,0x9642b23ed1e01df1092b92641051881a322f5d4e,cex,485916.42333723
2025-01-03,0xab782bc7d4a2b306825de5a7730034f8f63ee1bc,cex,77345.20672718
2025-01-04,0x0d0707963952f2fba59dd06f2b425ace40b492fe,cex,-67182.8860393
2025-01-04,0x3cc936b795a188f0e246cbb2d74c5bd190aecf18,cex,231768.26894262
2025-01-04,0x52c77b0cb827afbad022e6d6caf2c44452edbc39,lp,38253.19616335
2025-01-04,0x91dca37856240e5e1906222ec79278b16420dc92,cex,10619.90258201
2025-01-04,0x9642b23ed1e01df1092b92641051881a322f5d4e,cex,-247428.56
2025-01-04,0xab782bc7d4a2b306825de5a7730034f8f63ee1bc,cex,-190047.64889718
2025-01-05,0x0d0707963952f2fba59dd06f2b425ace40b492fe,cex,-117780.4409552
2025-01-05,0x3cc936b795a188f0e246cbb2d74c5bd190aecf18,cex,239973.6232229
2025-01-05,0x52c77b0cb827afbad022e6d6caf2c44452edbc39,lp,-446881.59202049
2025-01-05,0x9642b23ed1e01df1092b92641051881a322f5d4e,cex,-773841.61
2025-01-05,0xab782bc7d4a2b306825de5a7730034f8f63ee1bc,cex,370510.84318445
2025-01-06,0x0d0707963952f2fba59dd06f2b425ace40b492fe,cex,-212605.6770598
2025-01-06,0x3cc936b795a188f0e246cbb2d74c5bd190aecf18,cex,-1042945.92193038
2025-01-06,0x52c77b0cb827afbad022e6d6caf2c44452edbc39,lp,-25699.69755188
2025-01-06,0x91dca37856240e5e1906222ec79278b16420dc92,cex,26411.71368425
2025-01-06,0x9642b23ed1e01df1092b92641051881a322f5d4e,cex,1094026.10335912
2025-01-06,0xab782bc7d4a2b306825de5a7730034f8f63ee1bc,cex,832506.20749314
2025-01-07,0x0d0707963952f2fba59dd06f2b425ace40b492fe,cex,560831.13614235
2025-01-07,0x3cc936b795a188f0e246cbb2d74c5bd190aecf18,cex,305897.97585573
2025-01-07,0x52c77b0cb827afbad022e6d6caf2c44452edbc39,lp,35756.75417612
2025-01-07,0x9642b23ed1e01df1092b92641051881a322f5d4e,cex,-569784.24398505
2025-01-07,0xab782bc7d4a2b306825de5a7730034f8f63ee1bc,cex,88716.32529303
2025-01-07,0xc882b111a75c0c657fc507c04fbfcd2cc984f071,cex,-657808.18313379
2025-01-08,0x0d0707963952f2fba59dd06f2b425ace40b492fe,cex,-185013.56981494
2025-01-08,0x3cc936b795a188f0e246cbb2d74c5bd190aecf18,cex,-643265.73830724
2025-01-08,0x52c77b0cb827afbad022e6d6caf2c44452edbc39,lp,185412.38964057
2025-01-08,0x91dca37856240e5e1906222ec79278b16420dc92,cex,-11255.35807048
2025-01-08,0x9642b23ed1e01df1092b92641051881a322f5d4e,cex,513588.41986157
2025-01-08,0xab782bc7d4a2b306825de5a7730034f8f63ee1bc,cex,172386.68362715
2025-01-09,0x0d0707963952f2fba59dd06f2b425ace40b492fe,cex,-392538.35897
2025-01-09,0x3cc936b795a188f0e246cbb2d74c5bd190aecf18,cex,348700.5489688
2025-01-09,0x52c77b0cb827afbad022e6d6caf2c44452edbc39,lp,562019.47239888
2025-01-09,0x91dca37856240e5e1906222ec79278b16420dc92,cex,299.4221878
2025-01-09,0x9642b23ed1e01df1092b92641051881a322f5d4e,cex,-360392.97052757
2025-01-09,0xab782bc7d4a2b306825de5a7730034f8f63ee1bc,cex,79216.65304501
2025-01-10,0x0d0707963952f2fba59dd06f2b425ace40b492fe,cex,44179.54574013
2025-01-10,0x3cc936b795a188f0e246cbb2d74c5bd190aecf18,cex,305622.59765743
2025-01-10,0x52c77b0cb827afbad022e6d6caf2c44452edbc39,lp,27197.01463881
2025-01-10,0x91dca37856240e5e1906222ec79278b16420dc92,cex,2706.2315076
2025-01-10,0x9642b23ed1e01df1092b92641051881a322f5d4e,cex,-193410.23727752
2025-01-10,0xab782bc7d4a2b306825de5a7730034f8f63ee1bc,cex,101294.52699874
2025-01-10,0xc882b111a75c0c657fc507c04fbfcd2cc984f071,cex,2192792.74450153
2025-01-11,0x0d0707963952f2fba59dd06f2b425ace40b492fe,cex,1118916.88774268
2025-01-11,0x3cc936b795a188f0e246cbb2d74c5bd190aecf18,cex,-806843.94269419
2025-01-11,0x52c77b0cb827afbad022e6d6caf2c44452edbc39,lp,57618.2740512
2025-01-11,0x91dca37856240e5e1906222ec79278b16420dc92,cex,7779.0256026
2025-01-11,0x9642b23ed1e01df1092b92641051881a322f5d4e,cex,817675.45
2025-01-11,0xab782bc7d4a2b306825de5a7730034f8f63ee1bc,cex,128140.20067948
2025-01-11,0xc882b111a75c0c657fc507c04fbfcd2cc984f071,cex,-1810609.30022683
2025-01-12,0x0d0707963952f2fba59dd06f2b425ace40b492fe,cex,-33565.5828958
2025-01-12,0x3cc936b795a188f0e246cbb2d74c5bd190aecf18,cex,230196.05608228
2025-01-12,0x52c77b0cb827afbad022e6d6caf2c44452edbc39,lp,336091.63469106
2025-01-12,0x91dca37856240e5e1906222ec79278b16420dc92,cex,2098.01
2025-01-12,0x9642b23ed1e01df1092b92641051881a322f5d4e,cex,-104440.110724
2025-01-12,0xab782bc7d4a2b306825de5a7730034f8f63ee1bc,cex,4721.84411273
2025-01-13,0x0d0707963952f2fba59dd06f2b425ace40b492fe,cex,-657960.0940842
2025-01-13,0x3cc936b795a188f0e246cbb2d74c5bd190aecf18,cex,788409.72418892
2025-01-13,0x52c77b0cb827afbad022e6d6caf2c44452edbc39,lp,-159082.66439121
2025-01-13,0x91dca37856240e5e1906222ec79278b16420dc92,cex,10126.0261722
2025-01-13,0x9642b23ed1e01df1092b92641051881a322f5d4e,cex,-494212.84359773
2025-01-13,0xab782bc7d4a2b306825de5a7730034f8f63ee1bc,cex,156131.45577365
2025-01-14,0x0d0707963952f2fba59dd06f2b425ace40b492fe,cex,66974.24790572
2025-01-14,0x3cc936b795a188f0e246cbb2d74c5bd190aecf18,cex,616477.4171388
2025-01-14,0x52c77b0cb827afbad022e6d6caf2c44452edbc39,lp,-196378.86335986
2025-01-14,0x91dca37856240e5e1906222ec79278b16420dc92,cex,20686.2074834
2025-01-14,0x9642b23ed1e01df1092b92641051881a322f5d4e,cex,-217519.45027857
2025-01-14,0xab782bc7d4a2b306825de5a7730034f8f63ee1bc,cex,-3828.62031272
2025-01-14,0xc882b111a75c0c657fc507c04fbfcd2cc984f071,cex,-544957.69378042
2025-01-15,0x0d0707963952f2fba59dd06f2b425ace40b492fe,cex,-235622.17290326
2025-01-15,0x3cc936b795a188f0e246cbb2d74c5bd190aecf18,cex,-698324.35975207
2025-01-15,0x52c77b0cb827afbad022e6d6caf2c44452edbc39,lp,178325.4449421
2025-01-15,0x91dca37856240e5e1906222ec79278b16420dc92,cex,31239.79794104
2025-01-15,0x9642b23ed1e01df1092b92641051881a322f5d4e,cex,701320.16967555
2025-01-15,0xab782bc7d4a2b306825de5a7730034f8f63ee1bc,cex,422128.61021355
2025-01-16,0x0d0707963952f2fba59dd06f2b425ace40b492fe,cex,-147940.86444408
2025-01-16,0x3cc936b795a188f0e246cbb2d74c5bd190aecf18,cex,96480.29456421
2025-01-16,0x52c77b0cb827afbad022e6d6caf2c44452edbc39,lp,214351.61832962
2025-01-16,0x91dca37856240e5e1906222ec79278b16420dc92,cex,729.25
2025-01-16,0x9642b23ed1e01df1092b92641051881a322f5d4e,cex,-293717.21239575
2025-01-16,0xab782bc7d4a2b306825de5a7730034f8f63ee1bc,cex,-73058.51085961
2025-01-17,0x0d0707963952f2fba59dd06f2b425ace40b492fe,cex,-135777.8590713
2025-01-17,0x3cc936b795a188f0e246cbb2d74c5bd190aecf18,cex,372342.81786549
2025-01-17,0x52c77b0cb827afbad022e6d6caf2c44452edbc39,lp,-1250170.8549634
2025-01-17,0x91dca37856240e5e1906222ec79278b16420dc92,cex,40611.483
2025-01-17,0x9642b23ed1e01df1092b92641051881a322f5d4e,cex,-274271.2
2025-01-17,0xab782bc7d4a2b306825de5a7730034f8f63ee1bc,cex,-2788948.16608998
2025-01-17,0xb0a3a2b60e969afd26561429aa4c1444c57e4411,cex,2397366
2025-01-18,0x0d0707963952f2fba59dd06f2b425ace40b492fe,cex,-76364.5313781
2025-01-18,0x3cc936b795a188f0e246cbb2d74c5bd190aecf18,cex,-862640.37162736
2025-01-18,0x52c77b0cb827afbad022e6d6caf2c44452edbc39,lp,19823.85889211
2025-01-18,0x9642b23ed1e01df1092b92641051881a322f5d4e,cex,518120.24878362
2025-01-18,0xab782bc7d4a2b306825de5a7730034f8f63ee1bc,cex,181522.0323501
2025-01-18,0xb0a3a2b60e969afd26561429aa4c1444c57e4411,cex,-260000
2025-01-19,0x0d0707963952f2fba59dd06f2b425ace40b492fe,cex,5118756.23284013
2025-01-19,0x3cc936b795a188f0e246cbb2d74c5bd190aecf18,cex,513491.02147765
2025-01-19,0x52c77b0cb827afbad022e6d6caf2c44452edbc39,lp,-62209.36596048
2025-01-19,0x9642b23ed1e01df1092b92641051881a322f5d4e,cex,-440318.56405828
2025-01-19,0xab782bc7d4a2b306825de5a7730034f8f63ee1bc,cex,-167324.59819002
2025-01-19,0xb0a3a2b60e969afd26561429aa4c1444c57e4411,cex,-85000
2025-01-20,0x0d0707963952f2fba59dd06f2b425ace40b492fe,cex,-4882439.78765491
2025-01-20,0x3cc936b795a188f0e246cbb2d74c5bd190aecf18,cex,451133.81380438
2025-01-20,0x52c77b0cb827afbad022e6d6caf2c44452edbc39,lp,64562.3208302
2025-01-20,0x9642b23ed1e01df1092b92641051881a322f5d4e,cex,34704.26130778
2025-01-20,0xab782bc7d4a2b306825de5a7730034f8f63ee1bc,cex,335514.2930643
2025-01-20,0xc882b111a75c0c657fc507c04fbfcd2cc984f071,cex,4430256.93540043
2025-01-21,0x0d0707963952f2fba59dd06f2b425ace40b492fe,cex,455457.81346198
2025-01-21,0x3cc936b795a188f0e246cbb2d74c5bd190aecf18,cex,442922.82930259
2025-01-21,0x52c77b0cb827afbad022e6d6caf2c44452edbc39,lp,274670.55614684
2025-01-21,0x9642b23ed1e01df1092b92641051881a322f5d4e,cex,-317958.12654163
2025-01-21,0xab782bc7d4a2b306825de5a7730034f8f63ee1bc,cex,-301754.15416332
2025-01-21,0xb0a3a2b60e969afd26561429aa4c1444c57e4411,cex,261320.29
2025-01-21,0xc882b111a75c0c657fc507c04fbfcd2cc984f071,cex,-735023.88827636
2025-01-22,0x0d0707963952f2fba59dd06f2b425ace40b492fe,cex,-240572.5069459
2025-01-22,0x3cc936b795a188f0e246cbb2d74c5bd190aecf18,cex,-1815079.77381486
2025-01-22,0x52c77b0cb827afbad022e6d6caf2c44452edbc39,lp,87631.97254779
2025-01-22,0x91dca37856240e5e1906222ec79278b16420dc92,cex,-9137
2025-01-22,0x9642b23ed1e01df1092b92641051881a322f5d4e,cex,1798331.74751551
2025-01-22,0x9b0c45d46d386cedd98873168c36efd0dcba8d46,cex,0
2025-01-22,0xab782bc7d4a2b306825de5a7730034f8f63ee1bc,cex,79024.9267615
2025-01-23,0x0d0707963952f2fba59dd06f2b425ace40b492fe,cex,-167454.4871678
2025-01-23,0x3cc936b795a188f0e246cbb2d74c5bd190aecf18,cex,320431.38258832
2025-01-23,0x52c77b0cb827afbad022e6d6caf2c44452edbc39,lp,54469.83782226
2025-01-23,0x91dca37856240e5e1906222ec79278b16420dc92,cex,6109.7
2025-01-23,0x9642b23ed1e01df1092b92641051881a322f5d4e,cex,-422011.76867897
2025-01-23,0xab782bc7d4a2b306825de5a7730034f8f63ee1bc,cex,214244.48780964
2025-01-24,0x0d0707963952f2fba59dd06f2b425ace40b492fe,cex,-166411.86077
2025-01-24,0x3cc936b795a188f0e246cbb2d74c5bd190aecf18,cex,355182.63616842
2025-01-24,0x52c77b0cb827afbad022e6d6caf2c44452edbc39,lp,436347.20913546
2025-01-24,0x9642b23ed1e01df1092b92641051881a322f5d4e,cex,-58773.65692608
2025-01-24,0xab782bc7d4a2b306825de5a7730034f8f63ee1bc,cex,82371.42734376
2025-01-24,0xb0a3a2b60e969afd26561429aa4c1444c57e4411,cex,242599.14
2025-01-25,0x0d0707963952f2fba59dd06f2b425ace40b492fe,cex,472544.98060424
2025-01-25,0x3cc936b795a188f0e246cbb2d74c5bd190aecf18,cex,119752.74817975
2025-01-25,0x52c77b0cb827afbad022e6d6caf2c44452edbc39,lp,6155.26682826
2025-01-25,0x91dca37856240e5e1906222ec79278b16420dc92,cex,1542.05
2025-01-25,0x9642b23ed1e01df1092b92641051881a322f5d4e,cex,-146913.55663675
2025-01-25,0xab782bc7d4a2b306825de5a7730034f8f63ee1bc,cex,116543.2445367
2025-01-25,0xc882b111a75c0c657fc507c04fbfcd2cc984f071,cex,-843028.15714044
2025-01-26,0x0d0707963952f2fba59dd06f2b425ace40b492fe,cex,-40234.82821133
2025-01-26,0x3cc936b795a188f0e246cbb2d74c5bd190aecf18,cex,93197.12548495
2025-01-26,0x52c77b0cb827afbad022e6d6caf2c44452edbc39,lp,96627.03935211
2025-01-26,0x9642b23ed1e01df1092b92641051881a322f5d4e,cex,-58872.67090817
2025-01-26,0xab782bc7d4a2b306825de5a7730034f8f63ee1bc,cex,-313422.46347493
2025-01-26,0xb0a3a2b60e969afd26561429aa4c1444c57e4411,cex,313865.05
2025-01-27,0x0d0707963952f2fba59dd06f2b425ace40b492fe,cex,-26047.37106279
2025-01-27,0x3cc936b795a188f0e246cbb2d74c5bd190aecf18,cex,194998.5880829
2025-01-27,0x52c77b0cb827afbad022e6d6caf2c44452edbc39,lp,-40792.08602554
2025-01-27,0x91dca37856240e5e1906222ec79278b16420dc92,cex,-10206.9736
2025-01-27,0x9642b23ed1e01df1092b92641051881a322f5d4e,cex,-70940.66375
2025-01-27,0xab782bc7d4a2b306825de5a7730034f8f63ee1bc,cex,129688.61411915
2025-01-28,0x0d0707963952f2fba59dd06f2b425ace40b492fe,cex,-63673.1339984
2025-01-28,0x3cc936b795a188f0e246cbb2d74c5bd190aecf18,cex,94674.78368426
2025-01-28,0x52c77b0cb827afbad022e6d6caf2c44452edbc39,lp,262856.81492521
2025-01-28,0x91dca37856240e5e1906222ec79278b16420dc92,cex,7284.1683386
2025-01-28,0x9642b23ed1e01df1092b92641051881a322f5d4e,cex,-116401.44405327
2025-01-28,0xab782bc7d4a2b306825de5a7730034f8f63ee1bc,cex,-6277.98113551
2025-01-29,0x0d0707963952f2fba59dd06f2b425ace40b492fe,cex,-67048.9086085
2025-01-29,0x3cc936b795a188f0e246cbb2d74c5bd190aecf18,cex,357564.25937768
2025-01-29,0x52c77b0cb827afbad022e6d6caf2c44452edbc39,lp,-463098.62055664
2025-01-29,0x91dca37856240e5e1906222ec79278b16420dc92,cex,2216.9121952
2025-01-29,0x9642b23ed1e01df1092b92641051881a322f5d4e,cex,-163580.37
2025-01-29,0xab782bc7d4a2b306825de5a7730034f8f63ee1bc,cex,-2475.72652958
2025-01-30,0x0d0707963952f2fba59dd06f2b425ace40b492fe,cex,-169139.02775637
2025-01-30,0x3cc936b795a188f0e246cbb2d74c5bd190aecf18,cex,234648.15891194
2025-01-30,0x52c77b0cb827afbad022e6d6caf2c44452edbc39,lp,-248306.81943715
2025-01-30,0x9642b23ed1e01df1092b92641051881a322f5d4e,cex,-460086.5871
2025-01-30,0xab782bc7d4a2b306825de5a7730034f8f63ee1bc,cex,-9619.73310952
2025-01-31,0x0d0707963952f2fba59dd06f2b425ace40b492fe,cex,-12945.09937885
2025-01-31,0x3cc936b795a188f0e246cbb2d74c5bd190aecf18,cex,38715.45613856
2025-01-31,0x52c77b0cb827afbad022e6d6caf2c44452edbc39,lp,311949.44473459
2025-01-31,0x9642b23ed1e01df1092b92641051881a322f5d4e,cex,-31169.72
2025-01-31,0xab782bc7d4a2b306825de5a7730034f8f63ee1bc,cex,-120007.56543629
2025-02-01,0x0d0707963952f2fba59dd06f2b425ace40b492fe,cex,-11008.9616643
2025-02-01,0x3cc936b795a188f0e246cbb2d74c5bd190aecf18,cex,-1932271.93961903
2025-02-01,0x52c77b0cb827afbad022e6d6caf2c44452edbc39,lp,271681.76731881
2025-02-01,0x9642b23ed1e01df1092b92641051881a322f5d4e,cex,1728268.12
2025-02-01,0xab782bc7d4a2b306825de5a7730034f8f63ee1bc,cex,29318.98914938
2025-02-01,0xb0a3a2b60e969afd26561429aa4c1444c57e4411,cex,330780.04
2025-02-02,0x0d0707963952f2fba59dd06f2b425ace40b492fe,cex,-338782.56378256
2025-02-02,0x3cc936b795a188f0e246cbb2d74c5bd190aecf18,cex,594489.06028395
2025-02-02,0x52c77b0cb827afbad022e6d6caf2c44452edbc39,lp,471205.49843563
2025-02-02,0x9642b23ed1e01df1092b92641051881a322f5d4e,cex,-203028.20319311
2025-02-02,0xab782bc7d4a2b306825de5a7730034f8f63ee1bc,cex,486966.54779187
2025-02-02,0xc882b111a75c0c657fc507c04fbfcd2cc984f071,cex,-975990.63048994
2025-02-03,0x0d0707963952f2fba59dd06f2b425ace40b492fe,cex,890163.95817594
2025-02-03,0x3cc936b795a188f0e246cbb2d74c5bd190aecf18,cex,706006.49826749
2025-02-03,0x52c77b0cb827afbad022e6d6caf2c44452edbc39,lp,-84625.55046808
2025-02-03,0x9642b23ed1e01df1092b92641051881a322f5d4e,cex,-323189.06038155
2025-02-03,0xab782bc7d4a2b306825de5a7730034f8f63ee1bc,cex,161932.44860756
2025-02-03,0xc882b111a75c0c657fc507c04fbfcd2cc984f071,cex,-1409046.07580667
2025-02-04,0x0d0707963952f2fba59dd06f2b425ace40b492fe,cex,-490214.93450638
2025-02-04,0x3cc936b795a188f0e246cbb2d74c5bd190aecf18,cex,58532.26498733
2025-02-04,0x52c77b0cb827afbad022e6d6caf2c44452edbc39,lp,145581.52009415
2025-02-04,0x91dca37856240e5e1906222ec79278b16420dc92,cex,-14477
2025-02-04,0x9642b23ed1e01df1092b92641051881a322f5d4e,cex,-268685.19350478
2025-02-04,0xab782bc7d4a2b306825de5a7730034f8f63ee1bc,cex,166636.80413896
2025-02-04,0xc882b111a75c0c657fc507c04fbfcd2cc984f071,cex,-467168.18368702
2025-02-05,0x0d0707963952f2fba59dd06f2b425ace40b492fe,cex,-329849.66089868
2025-02-05,0x3cc936b795a188f0e246cbb2d74c5bd190aecf18,cex,281851.24022206
2025-02-05,0x52c77b0cb827afbad022e6d6caf2c44452edbc39,lp,1018155.8514628
2025-02-05,0x91dca37856240e5e1906222ec79278b16420dc92,cex,-27620
2025-02-05,0x9642b23ed1e01df1092b92641051881a322f5d4e,cex,-247858.47
2025-02-05,0x9b0c45d46d386cedd98873168c36efd0dcba8d46,cex,192881.362
2025-02-05,0xab782bc7d4a2b306825de5a7730034f8f63ee1bc,cex,-636955.08152506
2025-02-05,0xb0a3a2b60e969afd26561429aa4c1444c57e4411,cex,415517.92
2025-02-06,0x0d0707963952f2fba59dd06f2b425ace40b492fe,cex,5981601.94548289
2025-02-06,0x3cc936b795a188f0e246cbb2d74c5bd190aecf18,cex,419539.49720207
2025-02-06,0x52c77b0cb827afbad022e6d6caf2c44452edbc39,lp,133770.71648304
2025-02-06,0x9642b23ed1e01df1092b92641051881a322f5d4e,cex,-270001.92550192
2025-02-06,0xab782bc7d4a2b306825de5a7730034f8f63ee1bc,cex,93933.41848345
2025-02-06,0xb0a3a2b60e969afd26561429aa4c1444c57e4411,cex,521678.73
2025-02-07,0x0d0707963952f2fba59dd06f2b425ace40b492fe,cex,-4943871.91523789
2025-02-07,0x3cc936b795a188f0e246cbb2d74c5bd190aecf18,cex,85634.74346908
2025-02-07,0x52c77b0cb827afbad022e6d6caf2c44452edbc39,lp,118115.05508195
2025-02-07,0x9642b23ed1e01df1092b92641051881a322f5d4e,cex,-84795.25
2025-02-07,0x9b0c45d46d386cedd98873168c36efd0dcba8d46,cex,240522.79
2025-02-07,0xab782bc7d4a2b306825de5a7730034f8f63ee1bc,cex,32512.99236533
2025-02-07,0xc882b111a75c0c657fc507c04fbfcd2cc984f071,cex,4801433.10040479
2025-02-08,0x0d0707963952f2fba59dd06f2b425ace40b492fe,cex,-39910.017888
2025-02-08,0x3cc936b795a188f0e246cbb2d74c5bd190aecf18,cex,125048.51378826
2025-02-08,0x52c77b0cb827afbad022e6d6caf2c44452edbc39,lp,-398211.14218767
2025-02-08,0x9642b23ed1e01df1092b92641051881a322f5d4e,cex,-80246.6456
2025-02-08,0xab782bc7d4a2b306825de5a7730034f8f63ee1bc,cex,216690.75713673
2025-02-09,0x0d0707963952f2fba59dd06f2b425ace40b492fe,cex,-101264.9231056
2025-02-09,0x3cc936b795a188f0e246cbb2d74c5bd190aecf18,cex,148047.94130251
2025-02-09,0x52c77b0cb827afbad022e6d6caf2c44452edbc39,lp,225865.04608262
2025-02-09,0x9642b23ed1e01df1092b92641051881a322f5d4e,cex,-76846.2071885
2025-02-09,0xab782bc7d4a2b306825de5a7730034f8f63ee1bc,cex,-445333.60703876
2025-02-09,0xb0a3a2b60e969afd26561429aa4c1444c57e4411,cex,447920.51
2025-02-10,0x0d0707963952f2fba59dd06f2b425ace40b492fe,cex,-179320.4239177
2025-02-10,0x3cc936b795a188f0e246cbb2d74c5bd190aecf18,cex,178801.46420896
2025-02-10,0x52c77b0cb827afbad022e6d6caf2c44452edbc39,lp,-221829.88147437
2025-02-10,0x9642b23ed1e01df1092b92641051881a322f5d4e,cex,-267617.60981534
2025-02-10,0xab782bc7d4a2b306825de5a7730034f8f63ee1bc,cex,-141769.08774161
2025-02-11,0x0d0707963952f2fba59dd06f2b425ace40b492fe,cex,-178570.73997167
2025-02-11,0x3cc936b795a188f0e246cbb2d74c5bd190aecf18,cex,-1648785.2
2025-02-11,0x52c77b0cb827afbad022e6d6caf2c44452edbc39,lp,-433819.68277719
2025-02-11,0x91dca37856240e5e1906222ec79278b16420dc92,cex,-118000
2025-02-11,0x9642b23ed1e01df1092b92641051881a322f5d4e,cex,1874962.16701952
2025-02-11,0x9b0c45d46d386cedd98873168c36efd0dcba8d46,cex,195975.251
2025-02-11,0xab782bc7d4a2b306825de5a7730034f8f63ee1bc,cex,-230269.14687493
2025-02-11,0xb0a3a2b60e969afd26561429aa4c1444c57e4411,cex,-140000
2025-02-12,0x0d0707963952f2fba59dd06f2b425ace40b492fe,cex,-270052.27244338
2025-02-12,0x3cc936b795a188f0e246cbb2d74c5bd190aecf18,cex,102922.21175699
2025-02-12,0x52c77b0cb827afbad022e6d6caf2c44452edbc39,lp,-76674.47293414
2025-02-12,0x9642b23ed1e01df1092b92641051881a322f5d4e,cex,-184794.21210469
2025-02-12,0xab782bc7d4a2b306825de5a7730034f8f63ee1bc,cex,288266.69794239
2025-02-13,0x0d0707963952f2fba59dd06f2b425ace40b492fe,cex,-346755.856654
2025-02-13,0x3cc936b795a188f0e246cbb2d74c5bd190aecf18,cex,122021.22
2025-02-13,0x52c77b0cb827afbad022e6d6caf2c44452edbc39,lp,89960.33849935
2025-02-13,0x91dca37856240e5e1906222ec79278b16420dc92,cex,107278.09553486
2025-02-13,0x9642b23ed1e01df1092b92641051881a322f5d4e,cex,-83804.58866866
2025-02-13,0xab782bc7d4a2b306825de5a7730034f8f63ee1bc,cex,106977.03928613
2025-02-13,0xb0a3a2b60e969afd26561429aa4c1444c57e4411,cex,-250000
2025-02-14,0x0d0707963952f2fba59dd06f2b425ace40b492fe,cex,1269484.63497209
2025-02-14,0x3cc936b795a188f0e246cbb2d74c5bd190aecf18,cex,139173.16114715
2025-02-14,0x52c77b0cb827afbad022e6d6caf2c44452edbc39,lp,-290490.70124365
2025-02-14,0x9642b23ed1e01df1092b92641051881a322f5d4e,cex,-63995.31238817
2025-02-14,0xab782bc7d4a2b306825de5a7730034f8f63ee1bc,cex,-214683.03102028
2025-02-14,0xc882b111a75c0c657fc507c04fbfcd2cc984f071,cex,-1331735.25103209
2025-02-14,0xcffad3200574698b78f32232aa9d63eabd290703,cex,13.23
2025-02-15,0x0d0707963952f2fba59dd06f2b425ace40b492fe,cex,-24987.789502
2025-02-15,0x52c77b0cb827afbad022e6d6caf2c44452edbc39,lp,221237.13231925
2025-02-15,0x91dca37856240e5e1906222ec79278b16420dc92,cex,-44077
2025-02-15,0x9642b23ed1e01df1092b92641051881a322f5d4e,cex,-233247.68186677
2025-02-15,0xab782bc7d4a2b306825de5a7730034f8f63ee1bc,cex,190800.40026023
2025-02-15,0xb0a3a2b60e969afd26561429aa4c1444c57e4411,cex,-200000
2025-02-15,0xcffad3200574698b78f32232aa9d63eabd290703,cex,13969.9
2025-02-16,0x0d0707963952f2fba59dd06f2b425ace40b492fe,cex,-216960.3210821
2025-02-16,0x3cc936b795a188f0e246cbb2d74c5bd190aecf18,cex,82791.00452509
2025-02-16,0x52c77b0cb827afbad022e6d6caf2c44452edbc39,lp,372627.94004237
2025-02-16,0x9642b23ed1e01df1092b92641051881a322f5d4e,cex,-30412.8860308
2025-02-16,0xab782bc7d4a2b306825de5a7730034f8f63ee1bc,cex,-3127.69058439
2025-02-16,0xcffad3200574698b78f32232aa9d63eabd290703,cex,235928.84557562
2025-02-17,0x0d0707963952f2fba59dd06f2b425ace40b492fe,cex,-57060.7206676
2025-02-17,0x3cc936b795a188f0e246cbb2d74c5bd190aecf18,cex,39463.10572868
2025-02-17,0x52c77b0cb827afbad022e6d6caf2c44452edbc39,lp,155197.08280928
2025-02-17,0x9642b23ed1e01df1092b92641051881a322f5d4e,cex,-23296.76666277
2025-02-17,0x9b0c45d46d386cedd98873168c36efd0dcba8d46,cex,157891.824
2025-02-17,0xab782bc7d4a2b306825de5a7730034f8f63ee1bc,cex,199151.3249465
2025-02-18,0x0d0707963952f2fba59dd06f2b425ace40b492fe,cex,-119302.36477
2025-02-18,0x3cc936b795a188f0e246cbb2d74c5bd190aecf18,cex,109009.77314001
2025-02-18,0x52c77b0cb827afbad022e6d6caf2c44452edbc39,lp,377815.85384089
2025-02-18,0x9642b23ed1e01df1092b92641051881a322f5d4e,cex,-87474.51
2025-02-18,0xab782bc7d4a2b306825de5a7730034f8f63ee1bc,cex,81113.93038102
2025-02-19,0x0d0707963952f2fba59dd06f2b425ace40b492fe,cex,-482157.150231
2025-02-19,0x3cc936b795a188f0e246cbb2d74c5bd190aecf18,cex,99681.08
2025-02-19,0x52c77b0cb827afbad022e6d6caf2c44452edbc39,lp,-52022.23570191
2025-02-19,0x9642b23ed1e01df1092b92641051881a322f5d4e,cex,-53433.07498058
2025-02-19,0xab782bc7d4a2b306825de5a7730034f8f63ee1bc,cex,-355689.768436
2025-02-19,0xcffad3200574698b78f32232aa9d63eabd290703,cex,18213.74
2025-02-20,0x0d0707963952f2fba59dd06f2b425ace40b492fe,cex,-324320.43
2025-02-20,0x3cc936b795a188f0e246cbb2d74c5bd190aecf18,cex,102274.54012188
2025-02-20,0x52c77b0cb827afbad022e6d6caf2c44452edbc39,lp,-499954.12847836
2025-02-20,0x9642b23ed1e01df1092b92641051881a322f5d4e,cex,-43789.88
2025-02-20,0xab782bc7d4a2b306825de5a7730034f8f63ee1bc,cex,-97148.27004985
2025-02-20,0xcffad3200574698b78f32232aa9d63eabd290703,cex,20917.45
2025-02-21,0x0529ea5885702715e83923c59746ae8734c553b7,cex,971280.393715
2025-02-21,0x0d0707963952f2fba59dd06f2b425ace40b492fe,cex,1285968.82431605
2025-02-21,0x33a64dcdfa041befebc9161a3e0c6180cd94fa89,cex,190202.34881247
2025-02-21,0x3cc936b795a188f0e246cbb2d74c5bd190aecf18,cex,318991.74461115
2025-02-21,0x52c77b0cb827afbad022e6d6caf2c44452edbc39,lp,42629.46966931
2025-02-21,0x9642b23ed1e01df1092b92641051881a322f5d4e,cex,-431796.85179266
2025-02-21,0xab782bc7d4a2b306825de5a7730034f8f63ee1bc,cex,229453.78054453
2025-02-21,0xb0a3a2b60e969afd26561429aa4c1444c57e4411,cex,-250000
2025-02-21,0xc882b111a75c0c657fc507c04fbfcd2cc984f071,cex,-1390627.17285495
2025-02-21,0xcffad3200574698b78f32232aa9d63eabd290703,cex,-28958.41
2025-02-22,0x0d0707963952f2fba59dd06f2b425ace40b492fe,cex,-587054.9386457
2025-02-22,0x33a64dcdfa041befebc9161a3e0c6180cd94fa89,cex,5437.96299791
2025-02-22,0x3cc936b795a188f0e246cbb2d74c5bd190aecf18,cex,122110.43502684
2025-02-22,0x52c77b0cb827afbad022e6d6caf2c44452edbc39,lp,-105879.59000801
2025-02-22,0x91dca37856240e5e1906222ec79278b16420dc92,cex,174.70067447
2025-02-22,0x9642b23ed1e01df1092b92641051881a322f5d4e,cex,-153553.8048
2025-02-22,0xab782bc7d4a2b306825de5a7730034f8f63ee1bc,cex,37694.27
2025-02-22,0xcffad3200574698b78f32232aa9d63eabd290703,cex,7077.67
2025-02-23,0x0d0707963952f2fba59dd06f2b425ace40b492fe,cex,-181213.48263627
2025-02-23,0x33a64dcdfa041befebc9161a3e0c6180cd94fa89,cex,21267.82870734
2025-02-23,0x3cc936b795a188f0e246cbb2d74c5bd190aecf18,cex,4097.55254353
2025-02-23,0x52c77b0cb827afbad022e6d6caf2c44452edbc39,lp,72548.5261405
2025-02-23,0x9642b23ed1e01df1092b92641051881a322f5d4e,cex,-20512.9202
2025-02-23,0xab782bc7d4a2b306825de5a7730034f8f63ee1bc,cex,-88600
2025-02-23,0xc882b111a75c0c657fc507c04fbfcd2cc984f071,cex,-1410437.23554301
2025-02-23,0xcffad3200574698b78f32232aa9d63eabd290703,cex,16015.46
2025-02-24,0x0d0707963952f2fba59dd06f2b425ace40b492fe,cex,325457.69930474
2025-02-24,0x33a64dcdfa041befebc9161a3e0c6180cd94fa89,cex,5482.13918619
2025-02-24,0x3cc936b795a188f0e246cbb2d74c5bd190aecf18,cex,383367.59419882
2025-02-24,0x52c77b0cb827afbad022e6d6caf2c44452edbc39,lp,427338.75892737
2025-02-24,0x9642b23ed1e01df1092b92641051881a322f5d4e,cex,-171191.27400776
2025-02-24,0x9b0c45d46d386cedd98873168c36efd0dcba8d46,cex,164439.77
2025-02-24,0xab782bc7d4a2b306825de5a7730034f8f63ee1bc,cex,223324.08
2025-02-24,0xc882b111a75c0c657fc507c04fbfcd2cc984f071,cex,-668633.44097474
2025-02-25,0x0d0707963952f2fba59dd06f2b425ace40b492fe,cex,-428048.23082813
2025-02-25,0x3cc936b795a188f0e246cbb2d74c5bd190aecf18,cex,-31063.98883118
2025-02-25,0x52c77b0cb827afbad022e6d6caf2c44452edbc39,lp,-229953.07564506
2025-02-25,0x9642b23ed1e01df1092b92641051881a322f5d4e,cex,-136937.95
2025-02-25,0xab782bc7d4a2b306825de5a7730034f8f63ee1bc,cex,66225.32621664
2025-02-25,0xb0a3a2b60e969afd26561429aa4c1444c57e4411,cex,443033.15
2025-02-25,0xcffad3200574698b78f32232aa9d63eabd290703,cex,144745.82
2025-02-26,0x0d0707963952f2fba59dd06f2b425ace40b492fe,cex,-297668.3590734
2025-02-26,0x33a64dcdfa041befebc9161a3e0c6180cd94fa89,cex,4217.72787316
2025-02-26,0x3cc936b795a188f0e246cbb2d74c5bd190aecf18,cex,-777699.15269121
2025-02-26,0x52c77b0cb827afbad022e6d6caf2c44452edbc39,lp,-182155.8676321
2025-02-26,0x91dca37856240e5e1906222ec79278b16420dc92,cex,34518.4464825
2025-02-26,0x9642b23ed1e01df1092b92641051881a322f5d4e,cex,938113.61
2025-02-26,0x9b0c45d46d386cedd98873168c36efd0dcba8d46,cex,223073.534
2025-02-26,0xab782bc7d4a2b306825de5a7730034f8f63ee1bc,cex,28012.72940348
2025-02-26,0xcffad3200574698b78f32232aa9d63eabd290703,cex,32370.01
2025-02-27,0x0d0707963952f2fba59dd06f2b425ace40b492fe,cex,-166053.6164604
2025-02-27,0x33a64dcdfa041befebc9161a3e0c6180cd94fa89,cex,1550.42286339
2025-02-27,0x3cc936b795a188f0e246cbb2d74c5bd190aecf18,cex,61740.37671941
2025-02-27,0x52c77b0cb827afbad022e6d6caf2c44452edbc39,lp,672596.21546669
2025-02-27,0x9642b23ed1e01df1092b92641051881a322f5d4e,cex,-250269.69266575
2025-02-27,0xab782bc7d4a2b306825de5a7730034f8f63ee1bc,cex,47773.96748489
2025-02-28,0x0d0707963952f2fba59dd06f2b425ace40b492fe,cex,977796.81669513
2025-02-28,0x33a64dcdfa041befebc9161a3e0c6180cd94fa89,cex,7208.32161338
2025-02-28,0x3cc936b795a188f0e246cbb2d74c5bd190aecf18,cex,812637.35920149
2025-02-28,0x52c77b0cb827afbad022e6d6caf2c44452edbc39,lp,-217582.74542295
2025-02-28,0x91dca37856240e5e1906222ec79278b16420dc92,cex,56420.0849886
2025-02-28,0x9642b23ed1e01df1092b92641051881a322f5d4e,cex,-298684.78541995
2025-02-28,0x9b0c45d46d386cedd98873168c36efd0dcba8d46,cex,448757.106
2025-02-28,0xab782bc7d4a2b306825de5a7730034f8f63ee1bc,cex,-299753.06618363
2025-02-28,0xb0a3a2b60e969afd26561429aa4c1444c57e4411,cex,558162.53
2025-03-01,0x0d0707963952f2fba59dd06f2b425ace40b492fe,cex,-26496.551
2025-03-01,0x33a64dcdfa041befebc9161a3e0c6180cd94fa89,cex,841.82626135
2025-03-01,0x3cc936b795a188f0e246cbb2d74c5bd190aecf18,cex,32880.30638874
2025-03-01,0x52c77b0cb827afbad022e6d6caf2c44452edbc39,lp,29325.04958135
2025-03-01,0x9642b23ed1e01df1092b92641051881a322f5d4e,cex,-60792.56168
2025-03-01,0xab782bc7d4a2b306825de5a7730034f8f63ee1bc,cex,938.73
2025-03-01,0xcffad3200574698b78f32232aa9d63eabd290703,cex,8805.02
2025-03-02,0x0d0707963952f2fba59dd06f2b425ace40b492fe,cex,-391970.8949456
2025-03-02,0x33a64dcdfa041befebc9161a3e0c6180cd94fa89,cex,230.91089407
2025-03-02,0x3cc936b795a188f0e246cbb2d74c5bd190aecf18,cex,220985.54919482
2025-03-02,0x52c77b0cb827afbad022e6d6caf2c44452edbc39,lp,-372485.17866875
2025-03-02,0x9642b23ed1e01df1092b92641051881a322f5d4e,cex,-591691.9180825
2025-03-02,0xab782bc7d4a2b306825de5a7730034f8f63ee1bc,cex,-212383
2025-03-03,0x0529ea5885702715e83923c59746ae8734c553b7,cex,913293.26
2025-03-03,0x0d0707963952f2fba59dd06f2b425ace40b492fe,cex,-24848.50074698
2025-03-03,0x33a64dcdfa041befebc9161a3e0c6180cd94fa89,cex,12561.26747138
2025-03-03,0x3cc936b795a188f0e246cbb2d74c5bd190aecf18,cex,-1981570.66673355
2025-03-03,0x52c77b0cb827afbad022e6d6caf2c44452edbc39,lp,403541.8339567
2025-03-03,0x91dca37856240e5e1906222ec79278b16420dc92,cex,20
2025-03-03,0x9642b23ed1e01df1092b92641051881a322f5d4e,cex,1729319.24
2025-03-03,0xab782bc7d4a2b306825de5a7730034f8f63ee1bc,cex,134376.57514613
2025-03-03,0xb0a3a2b60e969afd26561429aa4c1444c57e4411,cex,-550000
2025-03-03,0xcffad3200574698b78f32232aa9d63eabd290703,cex,-190000
2025-03-04,0x0d0707963952f2fba59dd06f2b425ace40b492fe,cex,-73960.91284475
2025-03-04,0x33a64dcdfa041befebc9161a3e0c6180cd94fa89,cex,6176.09492836
2025-03-04,0x3cc936b795a188f0e246cbb2d74c5bd190aecf18,cex,268964.19027942
2025-03-04,0x52c77b0cb827afbad022e6d6caf2c44452edbc39,lp,593007.50153054
2025-03-04,0x9642b23ed1e01df1092b92641051881a322f5d4e,cex,-94549.22
2025-03-04,0xab782bc7d4a2b306825de5a7730034f8f63ee1bc,cex,466264.29339274
2025-03-05,0x0d0707963952f2fba59dd06f2b425ace40b492fe,cex,-299481.57088
2025-03-05,0x3cc936b795a188f0e246cbb2d74c5bd190aecf18,cex,202219.39
2025-03-05,0x52c77b0cb827afbad022e6d6caf2c44452edbc39,lp,-106053.95213074
2025-03-05,0x9642b23ed1e01df1092b92641051881a322f5d4e,cex,-291632.16739228
2025-03-05,0xa023f08c70a23abc7edfc5b6b5e171d78dfc947e,cex,3043.51
2025-03-05,0xab782bc7d4a2b306825de5a7730034f8f63ee1bc,cex,-446074.21355036
2025-03-05,0xb0a3a2b60e969afd26561429aa4c1444c57e4411,cex,593173.48
2025-03-05,0xcffad3200574698b78f32232aa9d63eabd290703,cex,-3043.51
2025-03-06,0x0529ea5885702715e83923c59746ae8734c553b7,cex,100691.51
2025-03-06,0x0d0707963952f2fba59dd06f2b425ace40b492fe,cex,5380277.49850606
2025-03-06,0x3cc936b795a188f0e246cbb2d74c5bd190aecf18,cex,68174.62
2025-03-06,0x52c77b0cb827afbad022e6d6caf2c44452edbc39,lp,-35882.64113193
2025-03-06,0x9642b23ed1e01df1092b92641051881a322f5d4e,cex,-44400.74155756
2025-03-06,0xab782bc7d4a2b306825de5a7730034f8f63ee1bc,cex,-60382.0498206
2025-03-06,0xb0a3a2b60e969afd26561429aa4c1444c57e4411,cex,-200000
2025-03-06,0xcffad3200574698b78f32232aa9d63eabd290703,cex,-26500
2025-03-07,0x0d0707963952f2fba59dd06f2b425ace40b492fe,cex,-4059794.85394137
2025-03-07,0x33a64dcdfa041befebc9161a3e0c6180cd94fa89,cex,1718.78941307
2025-03-07,0x3cc936b795a188f0e246cbb2d74c5bd190aecf18,cex,10915.14570678
2025-03-07,0x52c77b0cb827afbad022e6d6caf2c44452edbc39,lp,-231120.61010928
2025-03-07,0x9642b23ed1e01df1092b92641051881a322f5d4e,cex,-272178.71631054
2025-03-07,0xab782bc7d4a2b306825de5a7730034f8f63ee1bc,cex,-64230
2025-03-07,0xb0a3a2b60e969afd26561429aa4c1444c57e4411,cex,-200000
2025-03-07,0xc882b111a75c0c657fc507c04fbfcd2cc984f071,cex,3922168.24394137
2025-03-07,0xcffad3200574698b78f32232aa9d63eabd290703,cex,17972.93
2025-03-08,0x0d0707963952f2fba59dd06f2b425ace40b492fe,cex,-16228.64303951
2025-03-08,0x33a64dcdfa041befebc9161a3e0c6180cd94fa89,cex,1572.76150495
2025-03-08,0x3cc936b795a188f0e246cbb2d74c5bd190aecf18,cex,17753.58139196
2025-03-08,0x52c77b0cb827afbad022e6d6caf2c44452edbc39,lp,112573.13344581
2025-03-08,0x9642b23ed1e01df1092b92641051881a322f5d4e,cex,-78101.67666277
2025-03-08,0xab782bc7d4a2b306825de5a7730034f8f63ee1bc,cex,66346.84225543
2025-03-09,0x0d0707963952f2fba59dd06f2b425ace40b492fe,cex,-62924.78845407
2025-03-09,0x3cc936b795a188f0e246cbb2d74c5bd190aecf18,cex,137515.62247445
2025-03-09,0x52c77b0cb827afbad022e6d6caf2c44452edbc39,lp,651393.55592283
2025-03-09,0x9642b23ed1e01df1092b92641051881a322f5d4e,cex,-36179.48
2025-03-09,0xab782bc7d4a2b306825de5a7730034f8f63ee1bc,cex,164918.02495828
2025-03-10,0x0d0707963952f2fba59dd06f2b425ace40b492fe,cex,541953.68570961
2025-03-10,0x3cc936b795a188f0e246cbb2d74c5bd190aecf18,cex,278960.03626217
2025-03-10,0x52c77b0cb827afbad022e6d6caf2c44452edbc39,lp,1239598.15364577
2025-03-10,0x91dca37856240e5e1906222ec79278b16420dc92,cex,4788.7984
2025-03-10,0x9642b23ed1e01df1092b92641051881a322f5d4e,cex,-204116.98636523
2025-03-10,0xab782bc7d4a2b306825de5a7730034f8f63ee1bc,cex,732324.22268517
2025-03-10,0xc882b111a75c0c657fc507c04fbfcd2cc984f071,cex,-2471576.86604053
2025-03-10,0xcffad3200574698b78f32232aa9d63eabd290703,cex,1780.69917342
2025-03-11,0x0d0707963952f2fba59dd06f2b425ace40b492fe,cex,-1931730.94364516
2025-03-11,0x33a64dcdfa041befebc9161a3e0c6180cd94fa89,cex,15223.9528
2025-03-11,0x3cc936b795a188f0e246cbb2d74c5bd190aecf18,cex,440671.44914948
2025-03-11,0x52c77b0cb827afbad022e6d6caf2c44452edbc39,lp,29943.48342826
2025-03-11,0x91dca37856240e5e1906222ec79278b16420dc92,cex,80926.9883
2025-03-11,0x9642b23ed1e01df1092b92641051881a322f5d4e,cex,-508646.21211841
2025-03-11,0xab782bc7d4a2b306825de5a7730034f8f63ee1bc,cex,495397.11691167
2025-03-11,0xc882b111a75c0c657fc507c04fbfcd2cc984f071,cex,-1450591.37790084
2025-03-12,0x0d0707963952f2fba59dd06f2b425ace40b492fe,cex,4447558.77202671
2025-03-12,0x33a64dcdfa041befebc9161a3e0c6180cd94fa89,cex,171.95092
2025-03-12,0x3cc936b795a188f0e246cbb2d74c5bd190aecf18,cex,-2601235.49897316
2025-03-12,0x52c77b0cb827afbad022e6d6caf2c44452edbc39,lp,-688585.67262727
2025-03-12,0x9642b23ed1e01df1092b92641051881a322f5d4e,cex,2658608.92163113
2025-03-12,0x9b0c45d46d386cedd98873168c36efd0dcba8d46,cex,426521.561
2025-03-12,0xab782bc7d4a2b306825de5a7730034f8f63ee1bc,cex,-36228.41967292
2025-03-12,0xcffad3200574698b78f32232aa9d63eabd290703,cex,-30000
2025-03-13,0x0529ea5885702715e83923c59746ae8734c553b7,cex,135788.34
2025-03-13,0x0d0707963952f2fba59dd06f2b425ace40b492fe,cex,-447309.906239
2025-03-13,0x33a64dcdfa041befebc9161a3e0c6180cd94fa89,cex,100
2025-03-13,0x3cc936b795a188f0e246cbb2d74c5bd190aecf18,cex,94159.6994001
2025-03-13,0x52c77b0cb827afbad022e6d6caf2c44452edbc39,lp,-47083.27392561
2025-03-13,0x91dca37856240e5e1906222ec79278b16420dc92,cex,177.16622621
2025-03-13,0x9642b23ed1e01df1092b92641051881a322f5d4e,cex,-292777.44
2025-03-13,0xab782bc7d4a2b306825de5a7730034f8f63ee1bc,cex,-808592.42
2025-03-13,0xb0a3a2b60e969afd26561429aa4c1444c57e4411,cex,808611.77
2025-03-13,0xcffad3200574698b78f32232aa9d63eabd290703,cex,12354.41
2025-03-14,0x0d0707963952f2fba59dd06f2b425ace40b492fe,cex,-455531.93127529
2025-03-14,0x33a64dcdfa041befebc9161a3e0c6180cd94fa89,cex,500
2025-03-14,0x3cc936b795a188f0e246cbb2d74c5bd190aecf18,cex,150591.61311959
2025-03-14,0x52c77b0cb827afbad022e6d6caf2c44452edbc39,lp,-63245.43837176
2025-03-14,0x9642b23ed1e01df1092b92641051881a322f5d4e,cex,-117543.0258001
2025-03-14,0xab782bc7d4a2b306825de5a7730034f8f63ee1bc,cex,-33399
2025-03-15,0x0d0707963952f2fba59dd06f2b425ace40b492fe,cex,-427956.3578145
2025-03-15,0x33a64dcdfa041befebc9161a3e0c6180cd94fa89,cex,432.12180507
2025-03-15,0x3cc936b795a188f0e246cbb2d74c5bd190aecf18,cex,101199.81471049
2025-03-15,0x52c77b0cb827afbad022e6d6caf2c44452edbc39,lp,-641495.29792664
2025-03-15,0x9642b23ed1e01df1092b92641051881a322f5d4e,cex,-62812.53
2025-03-15,0xab782bc7d4a2b306825de5a7730034f8f63ee1bc,cex,-141197
2025-03-16,0x0d0707963952f2fba59dd06f2b425ace40b492fe,cex,-207983.5818518
2025-03-16,0x33a64dcdfa041befebc9161a3e0c6180cd94fa89,cex,961.83854708
2025-03-16,0x3cc936b795a188f0e246cbb2d74c5bd190aecf18,cex,1400
2025-03-16,0x52c77b0cb827afbad022e6d6caf2c44452edbc39,lp,17319.08269297
2025-03-16,0x9642b23ed1e01df1092b92641051881a322f5d4e,cex,-7571.53
2025-03-16,0xab782bc7d4a2b306825de5a7730034f8f63ee1bc,cex,-134878.97334047
2025-03-17,0x0d0707963952f2fba59dd06f2b425ace40b492fe,cex,-140614.48808
2025-03-17,0x33a64dcdfa041befebc9161a3e0c6180cd94fa89,cex,2291.89506066
2025-03-17,0x3cc936b795a188f0e246cbb2d74c5bd190aecf18,cex,203792.90152569
2025-03-17,0x52c77b0cb827afbad022e6d6caf2c44452edbc39,lp,304840.47678407
2025-03-17,0x9642b23ed1e01df1092b92641051881a322f5d4e,cex,-96607.47685289
2025-03-17,0xab782bc7d4a2b306825de5a7730034f8f63ee1bc,cex,-134584
2025-03-18,0x0d0707963952f2fba59dd06f2b425ace40b492fe,cex,-63815.06
2025-03-18,0x3cc936b795a188f0e246cbb2d74c5bd190aecf18,cex,10070.36
2025-03-18,0x52c77b0cb827afbad022e6d6caf2c44452edbc39,lp,87228.22652421
2025-03-18,0x9642b23ed1e01df1092b92641051881a322f5d4e,cex,-127244.896
2025-03-18,0xab782bc7d4a2b306825de5a7730034f8f63ee1bc,cex,-3000
2025-03-19,0x0d0707963952f2fba59dd06f2b425ace40b492fe,cex,4035386.51762983
2025-03-19,0x33a64dcdfa041befebc9161a3e0c6180cd94fa89,cex,4066.59966939
2025-03-19,0x3cc936b795a188f0e246cbb2d74c5bd190aecf18,cex,33326.83497963
2025-03-19,0x52c77b0cb827afbad022e6d6caf2c44452edbc39,lp,-573344.38789344
2025-03-19,0x9642b23ed1e01df1092b92641051881a322f5d4e,cex,-61687.19
2025-03-19,0xab782bc7d4a2b306825de5a7730034f8f63ee1bc,cex,-194093.8873113
2025-03-20,0x0529ea5885702715e83923c59746ae8734c553b7,cex,255792.06721975
2025-03-20,0x0d0707963952f2fba59dd06f2b425ace40b492fe,cex,-6662563.44868887
2025-03-20,0x3cc936b795a188f0e246cbb2d74c5bd190aecf18,cex,14628.27474792
2025-03-20,0x52c77b0cb827afbad022e6d6caf2c44452edbc39,lp,-103735.91706625
2025-03-20,0x9642b23ed1e01df1092b92641051881a322f5d4e,cex,-97154.33
2025-03-20,0xab782bc7d4a2b306825de5a7730034f8f63ee1bc,cex,256437.06188413
2025-03-20,0xb0a3a2b60e969afd26561429aa4c1444c57e4411,cex,-200000
2025-03-20,0xc882b111a75c0c657fc507c04fbfcd2cc984f071,cex,5566281.08424962
2025-03-21,0x0529ea5885702715e83923c59746ae8734c553b7,cex,31039.9857075
2025-03-21,0x0d0707963952f2fba59dd06f2b425ace40b492fe,cex,2337788.83803328
2025-03-21,0x3cc936b795a188f0e246cbb2d74c5bd190aecf18,cex,118536.45265857
2025-03-21,0x52c77b0cb827afbad022e6d6caf2c44452edbc39,lp,-678611.89361554
2025-03-21,0x9642b23ed1e01df1092b92641051881a322f5d4e,cex,-242685.16
2025-03-21,0xc882b111a75c0c657fc507c04fbfcd2cc984f071,cex,-2156566.74574078
2025-03-22,0x0d0707963952f2fba59dd06f2b425ace40b492fe,cex,-33846.1994759
2025-03-22,0x33a64dcdfa041befebc9161a3e0c6180cd94fa89,cex,638.1
2025-03-22,0x3cc936b795a188f0e246cbb2d74c5bd190aecf18,cex,171448.69707429
2025-03-22,0x52c77b0cb827afbad022e6d6caf2c44452edbc39,lp,117496.23326182
2025-03-22,0x9642b23ed1e01df1092b92641051881a322f5d4e,cex,-131613.0118818
2025-03-22,0xab782bc7d4a2b306825de5a7730034f8f63ee1bc,cex,-71765.04585703
2025-03-23,0x0d0707963952f2fba59dd06f2b425ace40b492fe,cex,70891.43
2025-03-23,0x3cc936b795a188f0e246cbb2d74c5bd190aecf18,cex,109996
2025-03-23,0x52c77b0cb827afbad022e6d6caf2c44452edbc39,lp,-229159.27102171
2025-03-23,0x9642b23ed1e01df1092b92641051881a322f5d4e,cex,-115419.18144323
2025-03-23,0xab782bc7d4a2b306825de5a7730034f8f63ee1bc,cex,-109998
2025-03-24,0x0529ea5885702715e83923c59746ae8734c553b7,cex,59455.8898075
2025-03-24,0x0d0707963952f2fba59dd06f2b425ace40b492fe,cex,-61305.85088269
2025-03-24,0x33a64dcdfa041befebc9161a3e0c6180cd94fa89,cex,1232.76351643
2025-03-24,0x3cc936b795a188f0e246cbb2d74c5bd190aecf18,cex,206454.13761494
2025-03-24,0x52c77b0cb827afbad022e6d6caf2c44452edbc39,lp,-387536.48156741
2025-03-24,0x9642b23ed1e01df1092b92641051881a322f5d4e,cex,-155571.69
2025-03-24,0xab782bc7d4a2b306825de5a7730034f8f63ee1bc,cex,89606.26402542
2025-03-24,0xb0a3a2b60e969afd26561429aa4c1444c57e4411,cex,-100000
2025-03-25,0x0529ea5885702715e83923c59746ae8734c553b7,cex,-65000
2025-03-25,0x0d0707963952f2fba59dd06f2b425ace40b492fe,cex,62863.25271
2025-03-25,0x33a64dcdfa041befebc9161a3e0c6180cd94fa89,cex,2574.44370348
2025-03-25,0x3cc936b795a188f0e246cbb2d74c5bd190aecf18,cex,167708.82922061
2025-03-25,0x52c77b0cb827afbad022e6d6caf2c44452edbc39,lp,-250602.11833503
2025-03-25,0x9642b23ed1e01df1092b92641051881a322f5d4e,cex,-147528.64193921
2025-03-25,0xab782bc7d4a2b306825de5a7730034f8f63ee1bc,cex,-1085.19354561
2025-03-26,0x0529ea5885702715e83923c59746ae8734c553b7,cex,24031.4498825
2025-03-26,0x0d0707963952f2fba59dd06f2b425ace40b492fe,cex,195454.81182373
2025-03-26,0x3cc936b795a188f0e246cbb2d74c5bd190aecf18,cex,21561.05535602
2025-03-26,0x52c77b0cb827afbad022e6d6caf2c44452edbc39,lp,101168.84434585
2025-03-26,0x9642b23ed1e01df1092b92641051881a322f5d4e,cex,-44058.64752792
2025-03-26,0xab782bc7d4a2b306825de5a7730034f8f63ee1bc,cex,-104774.84452645
2025-03-27,0x0d0707963952f2fba59dd06f2b425ace40b492fe,cex,253657.52930919
2025-03-27,0x3cc936b795a188f0e246cbb2d74c5bd190aecf18,cex,115101.43
2025-03-27,0x52c77b0cb827afbad022e6d6caf2c44452edbc39,lp,-132421.93469608
2025-03-27,0x9642b23ed1e01df1092b92641051881a322f5d4e,cex,-37262.13
2025-03-27,0xab782bc7d4a2b306825de5a7730034f8f63ee1bc,cex,-5142.14299429
2025-03-28,0x0529ea5885702715e83923c59746ae8734c553b7,cex,71650.42150621
2025-03-28,0x0d0707963952f2fba59dd06f2b425ace40b492fe,cex,-1958424.2330014
2025-03-28,0x3cc936b795a188f0e246cbb2d74c5bd190aecf18,cex,31021.11234042
2025-03-28,0x52c77b0cb827afbad022e6d6caf2c44452edbc39,lp,560648.22868809
2025-03-28,0x9642b23ed1e01df1092b92641051881a322f5d4e,cex,-18488.741
2025-03-28,0xab782bc7d4a2b306825de5a7730034f8f63ee1bc,cex,128381.2305792
2025-03-28,0xb0a3a2b60e969afd26561429aa4c1444c57e4411,cex,-350000
2025-03-28,0xc882b111a75c0c657fc507c04fbfcd2cc984f071,cex,1953615.35302436
2025-03-29,0x0529ea5885702715e83923c59746ae8734c553b7,cex,-500000
2025-03-29,0x0d0707963952f2fba59dd06f2b425ace40b492fe,cex,178371.2283735
2025-03-29,0x33a64dcdfa041befebc9161a3e0c6180cd94fa89,cex,2613.96730877
2025-03-29,0x3cc936b795a188f0e246cbb2d74c5bd190aecf18,cex,40053.3638035
2025-03-29,0x52c77b0cb827afbad022e6d6caf2c44452edbc39,lp,636591.7540985
2025-03-29,0x91dca37856240e5e1906222ec79278b16420dc92,cex,-73535
2025-03-29,0x9642b23ed1e01df1092b92641051881a322f5d4e,cex,-24560.3
2025-03-29,0xab782bc7d4a2b306825de5a7730034f8f63ee1bc,cex,428075.78806792
2025-03-29,0xb0a3a2b60e969afd26561429aa4c1444c57e4411,cex,-350000
2025-03-30,0x0d0707963952f2fba59dd06f2b425ace40b492fe,cex,34297.83976506
2025-03-30,0x3cc936b795a188f0e246cbb2d74c5bd190aecf18,cex,214919.68475432
2025-03-30,0x52c77b0cb827afbad022e6d6caf2c44452edbc39,lp,-90626.24349057
2025-03-30,0x9642b23ed1e01df1092b92641051881a322f5d4e,cex,-40697.21758121
2025-03-30,0xab782bc7d4a2b306825de5a7730034f8f63ee1bc,cex,686845.33355163
2025-03-30,0xb0a3a2b60e969afd26561429aa4c1444c57e4411,cex,-500000
2025-03-31,0x0d0707963952f2fba59dd06f2b425ace40b492fe,cex,179994.7323407
2025-03-31,0x52c77b0cb827afbad022e6d6caf2c44452edbc39,lp,-35589.85424636
2025-03-31,0x91dca37856240e5e1906222ec79278b16420dc92,cex,3780.6392
2025-03-31,0x9642b23ed1e01df1092b92641051881a322f5d4e,cex,-18406.7
2025-03-31,0xab782bc7d4a2b306825de5a7730034f8f63ee1bc,cex,48972.61781562
2025-04-01,0x0529ea5885702715e83923c59746ae8734c553b7,cex,560995.26270954
2025-04-01,0x0d0707963952f2fba59dd06f2b425ace40b492fe,cex,-383288.60378956
2025-04-01,0x3cc936b795a188f0e246cbb2d74c5bd190aecf18,cex,33111.92937301
2025-04-01,0x52c77b0cb827afbad022e6d6caf2c44452edbc39,lp,-508106.60670485
2025-04-01,0x91dca37856240e5e1906222ec79278b16420dc92,cex,19557.4848
2025-04-01,0x9642b23ed1e01df1092b92641051881a322f5d4e,cex,-113435.18999999
2025-04-01,0xab782bc7d4a2b306825de5a7730034f8f63ee1bc,cex,67805.34597823
2025-04-02,0x0d0707963952f2fba59dd06f2b425ace40b492fe,cex,77151.02363269
2025-04-02,0x33a64dcdfa041befebc9161a3e0c6180cd94fa89,cex,23425.68159794
2025-04-02,0x3cc936b795a188f0e246cbb2d74c5bd190aecf18,cex,299612.68035279
2025-04-02,0x52c77b0cb827afbad022e6d6caf2c44452edbc39,lp,508152.0723904
2025-04-02,0x9642b23ed1e01df1092b92641051881a322f5d4e,cex,-65976.99
2025-04-02,0xab782bc7d4a2b306825de5a7730034f8f63ee1bc,cex,-1465273.43318632
2025-04-02,0xb0a3a2b60e969afd26561429aa4c1444c57e4411,cex,1244008.54
2025-04-03,0x0529ea5885702715e83923c59746ae8734c553b7,cex,-350000
2025-04-03,0x0d0707963952f2fba59dd06f2b425ace40b492fe,cex,487258.607
2025-04-03,0x3cc936b795a188f0e246cbb2d74c5bd190aecf18,cex,74493.12452774
2025-04-03,0x52c77b0cb827afbad022e6d6caf2c44452edbc39,lp,-212295.81064768
2025-04-03,0x91dca37856240e5e1906222ec79278b16420dc92,cex,1057.0339
2025-04-03,0x9642b23ed1e01df1092b92641051881a322f5d4e,cex,-28301.94
2025-04-03,0xa023f08c70a23abc7edfc5b6b5e171d78dfc947e,cex,7243.04
2025-04-03,0xab782bc7d4a2b306825de5a7730034f8f63ee1bc,cex,307558.016
2025-04-03,0xb0a3a2b60e969afd26561429aa4c1444c57e4411,cex,-240000
2025-04-03,0xcffad3200574698b78f32232aa9d63eabd290703,cex,-7243.04
2025-04-04,0x0529ea5885702715e83923c59746ae8734c553b7,cex,131743.40774855
2025-04-04,0x0d0707963952f2fba59dd06f2b425ace40b492fe,cex,-186272.12827565
2025-04-04,0x3cc936b795a188f0e246cbb2d74c5bd190aecf18,cex,42240.90295665
2025-04-04,0x52c77b0cb827afbad022e6d6caf2c44452edbc39,lp,-632421.30939221
2025-04-04,0x91dca37856240e5e1906222ec79278b16420dc92,cex,64284.75276997
2025-04-04,0x9642b23ed1e01df1092b92641051881a322f5d4e,cex,-63248.7492905
2025-04-04,0xab782bc7d4a2b306825de5a7730034f8f63ee1bc,cex,82802.52927827
2025-04-05,0x0d0707963952f2fba59dd06f2b425ace40b492fe,cex,-375691.3967425
2025-04-05,0x3cc936b795a188f0e246cbb2d74c5bd190aecf18,cex,3958.67632884
2025-04-05,0x52c77b0cb827afbad022e6d6caf2c44452edbc39,lp,223061.01067202
2025-04-05,0x9642b23ed1e01df1092b92641051881a322f5d4e,cex,-326645.44383811
2025-04-05,0xab782bc7d4a2b306825de5a7730034f8f63ee1bc,cex,-201179.26975437
2025-04-06,0x0529ea5885702715e83923c59746ae8734c553b7,cex,-146000
2025-04-06,0x0d0707963952f2fba59dd06f2b425ace40b492fe,cex,2099672.9559941
2025-04-06,0x33a64dcdfa041befebc9161a3e0c6180cd94fa89,cex,656.41848585
2025-04-06,0x3cc936b795a188f0e246cbb2d74c5bd190aecf18,cex,345764.41981576
2025-04-06,0x52c77b0cb827afbad022e6d6caf2c44452edbc39,lp,332966.67412028
2025-04-06,0x91dca37856240e5e1906222ec79278b16420dc92,cex,4853.91761657
2025-04-06,0x9642b23ed1e01df1092b92641051881a322f5d4e,cex,-35724.14344036
2025-04-06,0xab782bc7d4a2b306825de5a7730034f8f63ee1bc,cex,772367.15460908
2025-04-06,0xc882b111a75c0c657fc507c04fbfcd2cc984f071,cex,-2018163.47124117
2025-04-07,0x0d0707963952f2fba59dd06f2b425ace40b492fe,cex,1023887.69238052
2025-04-07,0x3cc936b795a188f0e246cbb2d74c5bd190aecf18,cex,-4818339.1904614
2025-04-07,0x52c77b0cb827afbad022e6d6caf2c44452edbc39,lp,-690226.90615621
2025-04-07,0x91dca37856240e5e1906222ec79278b16420dc92,cex,30063.2906
2025-04-07,0x9642b23ed1e01df1092b92641051881a322f5d4e,cex,4753059.039554
2025-04-07,0xab782bc7d4a2b306825de5a7730034f8f63ee1bc,cex,-505762.52758681
2025-04-08,0x0529ea5885702715e83923c59746ae8734c553b7,cex,168885.13701722
2025-04-08,0x0d0707963952f2fba59dd06f2b425ace40b492fe,cex,-3562227.91328129
2025-04-08,0x3cc936b795a188f0e246cbb2d74c5bd190aecf18,cex,767097.57578775
2025-04-08,0x52c77b0cb827afbad022e6d6caf2c44452edbc39,lp,611146.29881765
2025-04-08,0x91dca37856240e5e1906222ec79278b16420dc92,cex,27401.5066
2025-04-08,0x9642b23ed1e01df1092b92641051881a322f5d4e,cex,-202992.21666931
2025-04-08,0xab782bc7d4a2b306825de5a7730034f8f63ee1bc,cex,768568.5929119
2025-04-08,0xc882b111a75c0c657fc507c04fbfcd2cc984f071,cex,2130790.87402275
2025-04-08,0xcffad3200574698b78f32232aa9d63eabd290703,cex,21701.94
2025-04-09,0x0d0707963952f2fba59dd06f2b425ace40b492fe,cex,3339947.12919315
2025-04-09,0x3cc936b795a188f0e246cbb2d74c5bd190aecf18,cex,372267.68311959
2025-04-09,0x52c77b0cb827afbad022e6d6caf2c44452edbc39,lp,-240481.05311706
2025-04-09,0x91dca37856240e5e1906222ec79278b16420dc92,cex,68120.4505992
2025-04-09,0x9642b23ed1e01df1092b92641051881a322f5d4e,cex,-298154.03914228
2025-04-09,0xab782bc7d4a2b306825de5a7730034f8f63ee1bc,cex,-1285885.917672
2025-04-09,0xb0a3a2b60e969afd26561429aa4c1444c57e4411,cex,979545.19
2025-04-09,0xc882b111a75c0c657fc507c04fbfcd2cc984f071,cex,-2433682.16110975
2025-04-09,0xdd276dc5223d0120f9bf1776f38957cc8da23cb0,cex,369051.6275369
2025-04-10,0x0529ea5885702715e83923c59746ae8734c553b7,cex,-120000
2025-04-10,0x0d0707963952f2fba59dd06f2b425ace40b492fe,cex,-180928.79322527
2025-04-10,0x33a64dcdfa041befebc9161a3e0c6180cd94fa89,cex,1722
2025-04-10,0x3cc936b795a188f0e246cbb2d74c5bd190aecf18,cex,55029.78889987
2025-04-10,0x52c77b0cb827afbad022e6d6caf2c44452edbc39,lp,-457471.40908952
2025-04-10,0x9642b23ed1e01df1092b92641051881a322f5d4e,cex,-321623.51036941
2025-04-10,0xa023f08c70a23abc7edfc5b6b5e171d78dfc947e,cex,-2948.83
2025-04-10,0xab782bc7d4a2b306825de5a7730034f8f63ee1bc,cex,86874
2025-04-10,0xb0a3a2b60e969afd26561429aa4c1444c57e4411,cex,-250000
2025-04-10,0xcffad3200574698b78f32232aa9d63eabd290703,cex,2948.83
2025-04-11,0x0529ea5885702715e83923c59746ae8734c553b7,cex,169643.48159264
2025-04-11,0x0d0707963952f2fba59dd06f2b425ace40b492fe,cex,-134489.11509936
2025-04-11,0x33a64dcdfa041befebc9161a3e0c6180cd94fa89,cex,22068.68775659
2025-04-11,0x3cc936b795a188f0e246cbb2d74c5bd190aecf18,cex,339252.61459383
2025-04-11,0x52c77b0cb827afbad022e6d6caf2c44452edbc39,lp,32710.59084664
2025-04-11,0x9642b23ed1e01df1092b92641051881a322f5d4e,cex,-343488.94
2025-04-11,0xab782bc7d4a2b306825de5a7730034f8f63ee1bc,cex,74030.46407237
2025-04-11,0xb0a3a2b60e969afd26561429aa4c1444c57e4411,cex,-300000
2025-04-11,0xcffad3200574698b78f32232aa9d63eabd290703,cex,25894.851112
2025-04-12,0x0d0707963952f2fba59dd06f2b425ace40b492fe,cex,44109.18022543
2025-04-12,0x33a64dcdfa041befebc9161a3e0c6180cd94fa89,cex,1769.59077775
2025-04-12,0x3cc936b795a188f0e246cbb2d74c5bd190aecf18,cex,97225.38736398
2025-04-12,0x52c77b0cb827afbad022e6d6caf2c44452edbc39,lp,-346530.73634361
2025-04-12,0x91dca37856240e5e1906222ec79278b16420dc92,cex,1200
2025-04-12,0x9642b23ed1e01df1092b92641051881a322f5d4e,cex,-18127.88646285
2025-04-12,0xab782bc7d4a2b306825de5a7730034f8f63ee1bc,cex,-167918.7527659
2025-04-12,0xb0a3a2b60e969afd26561429aa4c1444c57e4411,cex,-100000
2025-04-12,0xcffad3200574698b78f32232aa9d63eabd290703,cex,29694.27
2025-04-13,0x0d0707963952f2fba59dd06f2b425ace40b492fe,cex,228567.02796568
2025-04-13,0x3cc936b795a188f0e246cbb2d74c5bd190aecf18,cex,14976.54318066
2025-04-13,0x52c77b0cb827afbad022e6d6caf2c44452edbc39,lp,229640.72449816
2025-04-13,0x91dca37856240e5e1906222ec79278b16420dc92,cex,-52679.74997683
2025-04-13,0x9642b23ed1e01df1092b92641051881a322f5d4e,cex,-87035.83079999
2025-04-13,0xab782bc7d4a2b306825de5a7730034f8f63ee1bc,cex,232283.55790925
2025-04-13,0xb0a3a2b60e969afd26561429aa4c1444c57e4411,cex,-200000
2025-04-13,0xcffad3200574698b78f32232aa9d63eabd290703,cex,-46000
2025-04-14,0x0d0707963952f2fba59dd06f2b425ace40b492fe,cex,-2024914.06925027
2025-04-14,0x33a64dcdfa041befebc9161a3e0c6180cd94fa89,cex,2495.5121
2025-04-14,0x3cc936b795a188f0e246cbb2d74c5bd190aecf18,cex,606333.6820279
2025-04-14,0x52c77b0cb827afbad022e6d6caf2c44452edbc39,lp,163083.07244671
2025-04-14,0x9642b23ed1e01df1092b92641051881a322f5d4e,cex,-368878.52630168
2025-04-14,0xab782bc7d4a2b306825de5a7730034f8f63ee1bc,cex,79751.084
2025-04-14,0xc882b111a75c0c657fc507c04fbfcd2cc984f071,cex,1989524.06925027
2025-04-15,0x0d0707963952f2fba59dd06f2b425ace40b492fe,cex,92841.99610037
2025-04-15,0x3cc936b795a188f0e246cbb2d74c5bd190aecf18,cex,50173.82501733
2025-04-15,0x52c77b0cb827afbad022e6d6caf2c44452edbc39,lp,456573.45640381
2025-04-15,0x9642b23ed1e01df1092b92641051881a322f5d4e,cex,-178727.7
2025-04-15,0xab782bc7d4a2b306825de5a7730034f8f63ee1bc,cex,156699.19590392
2025-04-15,0xdd276dc5223d0120f9bf1776f38957cc8da23cb0,cex,50000
2025-04-16,0x0d0707963952f2fba59dd06f2b425ace40b492fe,cex,-100955.35811207
2025-04-16,0x3cc936b795a188f0e246cbb2d74c5bd190aecf18,cex,217341.07
2025-04-16,0x52c77b0cb827afbad022e6d6caf2c44452edbc39,lp,-56688.44864613
2025-04-16,0x91dca37856240e5e1906222ec79278b16420dc92,cex,2735.04374
2025-04-16,0x9642b23ed1e01df1092b92641051881a322f5d4e,cex,-111991.80688212
2025-04-16,0xab782bc7d4a2b306825de5a7730034f8f63ee1bc,cex,246664.59753718
2025-04-16,0xcffad3200574698b78f32232aa9d63eabd290703,cex,-225000
2025-04-17,0x0d0707963952f2fba59dd06f2b425ace40b492fe,cex,-111160.51181807
2025-04-17,0x3cc936b795a188f0e246cbb2d74c5bd190aecf18,cex,18194.05901108
2025-04-17,0x52c77b0cb827afbad022e6d6caf2c44452edbc39,lp,36903.67052779
2025-04-17,0x9642b23ed1e01df1092b92641051881a322f5d4e,cex,-84527.26477152
2025-04-17,0xab782bc7d4a2b306825de5a7730034f8f63ee1bc,cex,202455.93766183
2025-04-17,0xdd276dc5223d0120f9bf1776f38957cc8da23cb0,cex,90000
2025-04-18,0x0d0707963952f2fba59dd06f2b425ace40b492fe,cex,5171.67448544
2025-04-18,0x3cc936b795a188f0e246cbb2d74c5bd190aecf18,cex,345819.06642243
2025-04-18,0x52c77b0cb827afbad022e6d6caf2c44452edbc39,lp,273218.96740148
2025-04-18,0x9642b23ed1e01df1092b92641051881a322f5d4e,cex,-59791.2
2025-04-18,0xab782bc7d4a2b306825de5a7730034f8f63ee1bc,cex,288587.13312922
2025-04-19,0x0d0707963952f2fba59dd06f2b425ace40b492fe,cex,290468.8110434
2025-04-19,0x3cc936b795a188f0e246cbb2d74c5bd190aecf18,cex,61697.288
2025-04-19,0x52c77b0cb827afbad022e6d6caf2c44452edbc39,lp,12249.26335953
2025-04-19,0x91dca37856240e5e1906222ec79278b16420dc92,cex,5323.15824941
2025-04-19,0x9642b23ed1e01df1092b92641051881a322f5d4e,cex,-3789.24
2025-04-19,0xab782bc7d4a2b306825de5a7730034f8f63ee1bc,cex,132814.10005441
2025-04-20,0x0d0707963952f2fba59dd06f2b425ace40b492fe,cex,186107.4757688
2025-04-20,0x33a64dcdfa041befebc9161a3e0c6180cd94fa89,cex,889.18693
2025-04-20,0x3cc936b795a188f0e246cbb2d74c5bd190aecf18,cex,41429.43
2025-04-20,0x52c77b0cb827afbad022e6d6caf2c44452edbc39,lp,15709.34038696
2025-04-20,0x91dca37856240e5e1906222ec79278b16420dc92,cex,60768.5838225
2025-04-20,0x9642b23ed1e01df1092b92641051881a322f5d4e,cex,-358233.58
2025-04-20,0xab782bc7d4a2b306825de5a7730034f8f63ee1bc,cex,178251.518
2025-04-21,0x0d0707963952f2fba59dd06f2b425ace40b492fe,cex,191090.61978409
2025-04-21,0x33a64dcdfa041befebc9161a3e0c6180cd94fa89,cex,107395.80131472
2025-04-21,0x3cc936b795a188f0e246cbb2d74c5bd190aecf18,cex,19123
2025-04-21,0x52c77b0cb827afbad022e6d6caf2c44452edbc39,lp,-171351.97873114
2025-04-21,0x73d8bd54f7cf5fab43fe4ef40a62d390644946db,cex,30423.70645033
2025-04-21,0x9642b23ed1e01df1092b92641051881a322f5d4e,cex,-2309.23
2025-04-21,0xab782bc7d4a2b306825de5a7730034f8f63ee1bc,cex,-1263717.22
2025-04-21,0xb0a3a2b60e969afd26561429aa4c1444c57e4411,cex,1263717.22
2025-04-21,0xcffad3200574698b78f32232aa9d63eabd290703,cex,189998.53
2025-04-22,0x0d0707963952f2fba59dd06f2b425ace40b492fe,cex,438523.7875642
2025-04-22,0x3cc936b795a188f0e246cbb2d74c5bd190aecf18,cex,282500.20300193
2025-04-22,0x52c77b0cb827afbad022e6d6caf2c44452edbc39,lp,-293002.82656276
2025-04-22,0x73d8bd54f7cf5fab43fe4ef40a62d390644946db,cex,29006.95732973
2025-04-22,0x9642b23ed1e01df1092b92641051881a322f5d4e,cex,-37310.70703218
2025-04-22,0xab782bc7d4a2b306825de5a7730034f8f63ee1bc,cex,-253006.83161996
2025-04-22,0xb0a3a2b60e969afd26561429aa4c1444c57e4411,cex,-160000
2025-04-23,0x0d0707963952f2fba59dd06f2b425ace40b492fe,cex,-85532.3258436
2025-04-23,0x3cc936b795a188f0e246cbb2d74c5bd190aecf18,cex,15506.4268078
2025-04-23,0x52c77b0cb827afbad022e6d6caf2c44452edbc39,lp,144163.12337561
2025-04-23,0x73d8bd54f7cf5fab43fe4ef40a62d390644946db,cex,-24259.3847885
2025-04-23,0x91dca37856240e5e1906222ec79278b16420dc92,cex,44397.0633908
2025-04-23,0x9642b23ed1e01df1092b92641051881a322f5d4e,cex,-417864.37801343
2025-04-23,0xab782bc7d4a2b306825de5a7730034f8f63ee1bc,cex,820645.5604611
2025-04-23,0xb0a3a2b60e969afd26561429aa4c1444c57e4411,cex,-1500000
2025-04-23,0xcffad3200574698b78f32232aa9d63eabd290703,cex,9236.16
2025-04-23,0xdd276dc5223d0120f9bf1776f38957cc8da23cb0,cex,-500000
2025-04-24,0x0529ea5885702715e83923c59746ae8734c553b7,cex,2882.2
2025-04-24,0x0d0707963952f2fba59dd06f2b425ace40b492fe,cex,-350374.84145057
2025-04-24,0x3cc936b795a188f0e246cbb2d74c5bd190aecf18,cex,112395.39005224
2025-04-24,0x52c77b0cb827afbad022e6d6caf2c44452edbc39,lp,-257880.90923757
2025-04-24,0x73d8bd54f7cf5fab43fe4ef40a62d390644946db,cex,5832.94591824
2025-04-24,0x9642b23ed1e01df1092b92641051881a322f5d4e,cex,-167293.00317268
2025-04-24,0xab782bc7d4a2b306825de5a7730034f8f63ee1bc,cex,-1769.75329973
2025-04-24,0xcffad3200574698b78f32232aa9d63eabd290703,cex,-26200
2025-04-24,0xdd276dc5223d0120f9bf1776f38957cc8da23cb0,cex,900000
2025-04-25,0x0529ea5885702715e83923c59746ae8734c553b7,cex,-147000
2025-04-25,0x0d0707963952f2fba59dd06f2b425ace40b492fe,cex,58657.3549741
2025-04-25,0x33a64dcdfa041befebc9161a3e0c6180cd94fa89,cex,5544.7186883
2025-04-25,0x3cc936b795a188f0e246cbb2d74c5bd190aecf18,cex,134509.55923678
2025-04-25,0x52c77b0cb827afbad022e6d6caf2c44452edbc39,lp,-308659.15220245
2025-04-25,0x73d8bd54f7cf5fab43fe4ef40a62d390644946db,cex,-4744.27903856
2025-04-25,0x91dca37856240e5e1906222ec79278b16420dc92,cex,234.345908
2025-04-25,0x9642b23ed1e01df1092b92641051881a322f5d4e,cex,-79596.65846824
2025-04-25,0x9b0c45d46d386cedd98873168c36efd0dcba8d46,cex,-181711.616
2025-04-25,0xab782bc7d4a2b306825de5a7730034f8f63ee1bc,cex,-435665
2025-04-25,0xcffad3200574698b78f32232aa9d63eabd290703,cex,11019.47
2025-04-26,0x0d0707963952f2fba59dd06f2b425ace40b492fe,cex,-116951.02
2025-04-26,0x3cc936b795a188f0e246cbb2d74c5bd190aecf18,cex,43524.01953136
2025-04-26,0x52c77b0cb827afbad022e6d6caf2c44452edbc39,lp,-64917.12788626
2025-04-26,0x73d8bd54f7cf5fab43fe4ef40a62d390644946db,cex,21154.52140454
2025-04-26,0x9642b23ed1e01df1092b92641051881a322f5d4e,cex,-39619.48
2025-04-26,0xab782bc7d4a2b306825de5a7730034f8f63ee1bc,cex,-169944
2025-04-27,0x0d0707963952f2fba59dd06f2b425ace40b492fe,cex,78800.67082208
2025-04-27,0x3cc936b795a188f0e246cbb2d74c5bd190aecf18,cex,15402.42514641
2025-04-27,0x52c77b0cb827afbad022e6d6caf2c44452edbc39,lp,147404.04526973
2025-04-27,0x73d8bd54f7cf5fab43fe4ef40a62d390644946db,cex,-689.80382161
2025-04-27,0x9642b23ed1e01df1092b92641051881a322f5d4e,cex,-63431.62
2025-04-27,0xab782bc7d4a2b306825de5a7730034f8f63ee1bc,cex,-697.56644616
2025-04-28,0x0d0707963952f2fba59dd06f2b425ace40b492fe,cex,-9494.39726566
2025-04-28,0x3cc936b795a188f0e246cbb2d74c5bd190aecf18,cex,181046.09974287
2025-04-28,0x52c77b0cb827afbad022e6d6caf2c44452edbc39,lp,49864.54297874
2025-04-28,0x73d8bd54f7cf5fab43fe4ef40a62d390644946db,cex,1035.39616537
2025-04-28,0x91dca37856240e5e1906222ec79278b16420dc92,cex,-27996
2025-04-28,0x9642b23ed1e01df1092b92641051881a322f5d4e,cex,-33547.36
2025-04-28,0x9b0c45d46d386cedd98873168c36efd0dcba8d46,cex,754998.794
2025-04-28,0xab782bc7d4a2b306825de5a7730034f8f63ee1bc,cex,110820.08319695
2025-04-29,0x0d0707963952f2fba59dd06f2b425ace40b492fe,cex,104802.89717077
2025-04-29,0x3cc936b795a188f0e246cbb2d74c5bd190aecf18,cex,24827.60451799
2025-04-29,0x52c77b0cb827afbad022e6d6caf2c44452edbc39,lp,128517.57628995
2025-04-29,0x73d8bd54f7cf5fab43fe4ef40a62d390644946db,cex,19868.19143899
2025-04-29,0x91dca37856240e5e1906222ec79278b16420dc92,cex,13958.61473779
2025-04-29,0x9642b23ed1e01df1092b92641051881a322f5d4e,cex,-92097.51372271
2025-04-29,0xab782bc7d4a2b306825de5a7730034f8f63ee1bc,cex,211080.92203676
2025-04-30,0x0d0707963952f2fba59dd06f2b425ace40b492fe,cex,-45469.8474248
2025-04-30,0x3cc936b795a188f0e246cbb2d74c5bd190aecf18,cex,13541.04964107
2025-04-30,0x52c77b0cb827afbad022e6d6caf2c44452edbc39,lp,39825.340981
2025-04-30,0x73d8bd54f7cf5fab43fe4ef40a62d390644946db,cex,-12733.95889628
2025-04-30,0x9642b23ed1e01df1092b92641051881a322f5d4e,cex,-65968.18350005
2025-04-30,0xab782bc7d4a2b306825de5a7730034f8f63ee1bc,cex,-1005.38479885
2025-05-01,0x0d0707963952f2fba59dd06f2b425ace40b492fe,cex,107360.11675252
2025-05-01,0x3cc936b795a188f0e246cbb2d74c5bd190aecf18,cex,124145.44628952
2025-05-01,0x52c77b0cb827afbad022e6d6caf2c44452edbc39,lp,204584.48123889
2025-05-01,0x73d8bd54f7cf5fab43fe4ef40a62d390644946db,cex,16893.24180326
2025-05-01,0x9642b23ed1e01df1092b92641051881a322f5d4e,cex,-54055.60300432
2025-05-01,0xab782bc7d4a2b306825de5a7730034f8f63ee1bc,cex,2169.18613967
2025-05-02,0x0d0707963952f2fba59dd06f2b425ace40b492fe,cex,-5681.2100501
2025-05-02,0x3cc936b795a188f0e246cbb2d74c5bd190aecf18,cex,46069.69
2025-05-02,0x52c77b0cb827afbad022e6d6caf2c44452edbc39,lp,-121776.72138951
2025-05-02,0x73d8bd54f7cf5fab43fe4ef40a62d390644946db,cex,20247.03896084
2025-05-02,0x91dca37856240e5e1906222ec79278b16420dc92,cex,18375.66478731
2025-05-02,0x9642b23ed1e01df1092b92641051881a322f5d4e,cex,-35476.62
2025-05-02,0xab782bc7d4a2b306825de5a7730034f8f63ee1bc,cex,7555.3002604
2025-05-03,0x0d0707963952f2fba59dd06f2b425ace40b492fe,cex,91114.5453961
2025-05-03,0x3cc936b795a188f0e246cbb2d74c5bd190aecf18,cex,4407.43884
2025-05-03,0x52c77b0cb827afbad022e6d6caf2c44452edbc39,lp,283125.47410753
2025-05-03,0x73d8bd54f7cf5fab43fe4ef40a62d390644946db,cex,-47701.19715447
2025-05-03,0x91dca37856240e5e1906222ec79278b16420dc92,cex,21711.05015756
2025-05-03,0x9642b23ed1e01df1092b92641051881a322f5d4e,cex,-83539.37884
2025-05-03,0xab782bc7d4a2b306825de5a7730034f8f63ee1bc,cex,-63.95528749
2025-05-04,0x0d0707963952f2fba59dd06f2b425ace40b492fe,cex,97878.99553
2025-05-04,0x3cc936b795a188f0e246cbb2d74c5bd190aecf18,cex,15179.67439451
2025-05-04,0x52c77b0cb827afbad022e6d6caf2c44452edbc39,lp,7888.13503407
2025-05-04,0x73d8bd54f7cf5fab43fe4ef40a62d390644946db,cex,-276.71958682
2025-05-04,0x91dca37856240e5e1906222ec79278b16420dc92,cex,11982.24864031
2025-05-04,0x9642b23ed1e01df1092b92641051881a322f5d4e,cex,-18518.88
2025-05-04,0xab782bc7d4a2b306825de5a7730034f8f63ee1bc,cex,79790
2025-05-05,0x0529ea5885702715e83923c59746ae8734c553b7,cex,265000
2025-05-05,0x0d0707963952f2fba59dd06f2b425ace40b492fe,cex,95470.83392
2025-05-05,0x3cc936b795a188f0e246cbb2d74c5bd190aecf18,cex,56069.69
2025-05-05,0x52c77b0cb827afbad022e6d6caf2c44452edbc39,lp,35087.60900939
2025-05-05,0x73d8bd54f7cf5fab43fe4ef40a62d390644946db,cex,6806.20449211
2025-05-05,0x9642b23ed1e01df1092b92641051881a322f5d4e,cex,-17536.32
2025-05-05,0xab782bc7d4a2b306825de5a7730034f8f63ee1bc,cex,77466.816
2025-05-06,0x0529ea5885702715e83923c59746ae8734c553b7,cex,83298.222202
2025-05-06,0x0d0707963952f2fba59dd06f2b425ace40b492fe,cex,-13696.07229926
2025-05-06,0x3cc936b795a188f0e246cbb2d74c5bd190aecf18,cex,88606.91690567
2025-05-06,0x52c77b0cb827afbad022e6d6caf2c44452edbc39,lp,154460.1018741
2025-05-06,0x73d8bd54f7cf5fab43fe4ef40a62d390644946db,cex,4448.68911485
2025-05-06,0x91dca37856240e5e1906222ec79278b16420dc92,cex,21652.31400545
2025-05-06,0x9642b23ed1e01df1092b92641051881a322f5d4e,cex,-21106.39962031
2025-05-06,0xab782bc7d4a2b306825de5a7730034f8f63ee1bc,cex,-98.9717623
2025-05-07,0x0529ea5885702715e83923c59746ae8734c553b7,cex,18835.25086
2025-05-07,0x0d0707963952f2fba59dd06f2b425ace40b492fe,cex,194822.1493762
2025-05-07,0x3cc936b795a188f0e246cbb2d74c5bd190aecf18,cex,100000
2025-05-07,0x52c77b0cb827afbad022e6d6caf2c44452edbc39,lp,-76556.86149127
2025-05-07,0x73d8bd54f7cf5fab43fe4ef40a62d390644946db,cex,4040.33645506
2025-05-07,0x91dca37856240e5e1906222ec79278b16420dc92,cex,13795.60859831
2025-05-07,0x9642b23ed1e01df1092b92641051881a322f5d4e,cex,-2335.2
2025-05-07,0xab782bc7d4a2b306825de5a7730034f8f63ee1bc,cex,-30441.15701905
2025-05-08,0x0d0707963952f2fba59dd06f2b425ace40b492fe,cex,-2068533.15580503
2025-05-08,0x3cc936b795a188f0e246cbb2d74c5bd190aecf18,cex,44338.14892113
2025-05-08,0x52c77b0cb827afbad022e6d6caf2c44452edbc39,lp,-194386.19952215
2025-05-08,0x73d8bd54f7cf5fab43fe4ef40a62d390644946db,cex,93206.08441507
2025-05-08,0x91dca37856240e5e1906222ec79278b16420dc92,cex,42747.07240261
2025-05-08,0x9642b23ed1e01df1092b92641051881a322f5d4e,cex,-16974.31660445
2025-05-08,0xab782bc7d4a2b306825de5a7730034f8f63ee1bc,cex,-500279.93138226
2025-05-08,0xb0a3a2b60e969afd26561429aa4c1444c57e4411,cex,521782.99
2025-05-08,0xc882b111a75c0c657fc507c04fbfcd2cc984f071,cex,1939536.70320236
2025-05-08,0xcffad3200574698b78f32232aa9d63eabd290703,cex,12865.37
2025-05-09,0x0d0707963952f2fba59dd06f2b425ace40b492fe,cex,-239560.0145281
2025-05-09,0x3cc936b795a188f0e246cbb2d74c5bd190aecf18,cex,54522.45430922
2025-05-09,0x52c77b0cb827afbad022e6d6caf2c44452edbc39,lp,-69031.43457177
2025-05-09,0x73d8bd54f7cf5fab43fe4ef40a62d390644946db,cex,6770.5552258
2025-05-09,0x9642b23ed1e01df1092b92641051881a322f5d4e,cex,-337094.41
2025-05-09,0x9b0c45d46d386cedd98873168c36efd0dcba8d46,cex,1586192.167
2025-05-09,0xab782bc7d4a2b306825de5a7730034f8f63ee1bc,cex,-20397.9
2025-05-09,0xb0a3a2b60e969afd26561429aa4c1444c57e4411,cex,-300000
2025-05-09,0xcffad3200574698b78f32232aa9d63eabd290703,cex,-40000
2025-05-10,0x0d0707963952f2fba59dd06f2b425ace40b492fe,cex,93091.73706123
2025-05-10,0x3cc936b795a188f0e246cbb2d74c5bd190aecf18,cex,35751.8393069
2025-05-10,0x52c77b0cb827afbad022e6d6caf2c44452edbc39,lp,-266138.47587832
2025-05-10,0x73d8bd54f7cf5fab43fe4ef40a62d390644946db,cex,3420.21647946
2025-05-10,0x91dca37856240e5e1906222ec79278b16420dc92,cex,21925.29828866
2025-05-10,0x9642b23ed1e01df1092b92641051881a322f5d4e,cex,-143941.37
2025-05-10,0xab782bc7d4a2b306825de5a7730034f8f63ee1bc,cex,63531.31926822
2025-05-10,0xb0a3a2b60e969afd26561429aa4c1444c57e4411,cex,-180000
2025-05-10,0xcffad3200574698b78f32232aa9d63eabd290703,cex,18513.99
2025-05-11,0x0d0707963952f2fba59dd06f2b425ace40b492fe,cex,84324.08970138
2025-05-11,0x3cc936b795a188f0e246cbb2d74c5bd190aecf18,cex,63159.80502446
2025-05-11,0x52c77b0cb827afbad022e6d6caf2c44452edbc39,lp,90254.59661296
2025-05-11,0x73d8bd54f7cf5fab43fe4ef40a62d390644946db,cex,-14364.73886985
2025-05-11,0x9642b23ed1e01df1092b92641051881a322f5d4e,cex,-9443.51272323
2025-05-11,0x9b0c45d46d386cedd98873168c36efd0dcba8d46,cex,-21885
2025-05-11,0xab782bc7d4a2b306825de5a7730034f8f63ee1bc,cex,-145.51961354
2025-05-12,0x0d0707963952f2fba59dd06f2b425ace40b492fe,cex,-187187.04708354
2025-05-12,0x33a64dcdfa041befebc9161a3e0c6180cd94fa89,cex,19207.95049937
2025-05-12,0x3cc936b795a188f0e246cbb2d74c5bd190aecf18,cex,93779.56548085
2025-05-12,0x52c77b0cb827afbad022e6d6caf2c44452edbc39,lp,-9715.42113337
2025-05-12,0x73d8bd54f7cf5fab43fe4ef40a62d390644946db,cex,8224.09097244
2025-05-12,0x91dca37856240e5e1906222ec79278b16420dc92,cex,-84548
2025-05-12,0x9642b23ed1e01df1092b92641051881a322f5d4e,cex,-84399.20857516
2025-05-12,0x9b0c45d46d386cedd98873168c36efd0dcba8d46,cex,-28791
2025-05-12,0xab782bc7d4a2b306825de5a7730034f8f63ee1bc,cex,-77536.65
2025-05-13,0x0d0707963952f2fba59dd06f2b425ace40b492fe,cex,-70813.625996
2025-05-13,0x3cc936b795a188f0e246cbb2d74c5bd190aecf18,cex,50273.00476733
2025-05-13,0x52c77b0cb827afbad022e6d6caf2c44452edbc39,lp,35655.26485127
2025-05-13,0x73d8bd54f7cf5fab43fe4ef40a62d390644946db,cex,-54431.65688353
2025-05-13,0x91dca37856240e5e1906222ec79278b16420dc92,cex,-24694.80639586
2025-05-13,0x9642b23ed1e01df1092b92641051881a322f5d4e,cex,-38080.82615248
2025-05-13,0x9b0c45d46d386cedd98873168c36efd0dcba8d46,cex,-14196.561
2025-05-13,0xab782bc7d4a2b306825de5a7730034f8f63ee1bc,cex,-87221
2025-05-14,0x0529ea5885702715e83923c59746ae8734c553b7,cex,9017.535808
2025-05-14,0x0d0707963952f2fba59dd06f2b425ace40b492fe,cex,-146792.18960116
2025-05-14,0x33a64dcdfa041befebc9161a3e0c6180cd94fa89,cex,14650.7532263
2025-05-14,0x3cc936b795a188f0e246cbb2d74c5bd190aecf18,cex,61322.26
2025-05-14,0x52c77b0cb827afbad022e6d6caf2c44452edbc39,lp,221848.86996779
2025-05-14,0x73d8bd54f7cf5fab43fe4ef40a62d390644946db,cex,51824.41112611
2025-05-14,0x9642b23ed1e01df1092b92641051881a322f5d4e,cex,-7892.85492
2025-05-14,0x9b0c45d46d386cedd98873168c36efd0dcba8d46,cex,16334.281
2025-05-14,0xab782bc7d4a2b306825de5a7730034f8f63ee1bc,cex,250205.38940703
2025-05-14,0xb0a3a2b60e969afd26561429aa4c1444c57e4411,cex,-200000
2025-05-15,0x0529ea5885702715e83923c59746ae8734c553b7,cex,-350000
2025-05-15,0x0d0707963952f2fba59dd06f2b425ace40b492fe,cex,212525.40046402
2025-05-15,0x33a64dcdfa041befebc9161a3e0c6180cd94fa89,cex,269.92
2025-05-15,0x3cc936b795a188f0e246cbb2d74c5bd190aecf18,cex,132137.04224593
2025-05-15,0x52c77b0cb827afbad022e6d6caf2c44452edbc39,lp,206167.59365456
2025-05-15,0x73d8bd54f7cf5fab43fe4ef40a62d390644946db,cex,10069.79015065
2025-05-15,0x9642b23ed1e01df1092b92641051881a322f5d4e,cex,-77185.62224593
2025-05-15,0x9b0c45d46d386cedd98873168c36efd0dcba8d46,cex,26530.105
2025-05-15,0xa023f08c70a23abc7edfc5b6b5e171d78dfc947e,cex,-5606.46
2025-05-15,0xab782bc7d4a2b306825de5a7730034f8f63ee1bc,cex,53824.36801821
2025-05-15,0xcffad3200574698b78f32232aa9d63eabd290703,cex,7845.67
2025-05-16,0x0529ea5885702715e83923c59746ae8734c553b7,cex,9970.5634
2025-05-16,0x0d0707963952f2fba59dd06f2b425ace40b492fe,cex,74352.08728604
2025-05-16,0x3cc936b795a188f0e246cbb2d74c5bd190aecf18,cex,31757.85824783
2025-05-16,0x52c77b0cb827afbad022e6d6caf2c44452edbc39,lp,172932.93448183
2025-05-16,0x73d8bd54f7cf5fab43fe4ef40a62d390644946db,cex,-53936.23198142
2025-05-16,0x9642b23ed1e01df1092b92641051881a322f5d4e,cex,-24252.11
2025-05-16,0x9b0c45d46d386cedd98873168c36efd0dcba8d46,cex,47742.811
2025-05-17,0x0529ea5885702715e83923c59746ae8734c553b7,cex,334905.95243482
2025-05-17,0x0d0707963952f2fba59dd06f2b425ace40b492fe,cex,-155051.39144415
2025-05-17,0x33a64dcdfa041befebc9161a3e0c6180cd94fa89,cex,7173.08
2025-05-17,0x3cc936b795a188f0e246cbb2d74c5bd190aecf18,cex,33767
2025-05-17,0x52c77b0cb827afbad022e6d6caf2c44452edbc39,lp,140607.84406928
2025-05-17,0x73d8bd54f7cf5fab43fe4ef40a62d390644946db,cex,324.31265705
2025-05-17,0x9642b23ed1e01df1092b92641051881a322f5d4e,cex,-14383.23
2025-05-17,0x9b0c45d46d386cedd98873168c36efd0dcba8d46,cex,54943.701
2025-05-17,0xab782bc7d4a2b306825de5a7730034f8f63ee1bc,cex,50702.41009546
2025-05-18,0x0529ea5885702715e83923c59746ae8734c553b7,cex,-200000
2025-05-18,0x0d0707963952f2fba59dd06f2b425ace40b492fe,cex,249661.10201246
2025-05-18,0x33a64dcdfa041befebc9161a3e0c6180cd94fa89,cex,418.48159491
2025-05-18,0x3cc936b795a188f0e246cbb2d74c5bd190aecf18,cex,11309.57374964
2025-05-18,0x52c77b0cb827afbad022e6d6caf2c44452edbc39,lp,-422391.86421767
2025-05-18,0x73d8bd54f7cf5fab43fe4ef40a62d390644946db,cex,2906.35938587
2025-05-18,0x9642b23ed1e01df1092b92641051881a322f5d4e,cex,-31016.28
2025-05-18,0x9b0c45d46d386cedd98873168c36efd0dcba8d46,cex,26288.09
2025-05-19,0x0d0707963952f2fba59dd06f2b425ace40b492fe,cex,-160138.0379548
2025-05-19,0x3cc936b795a188f0e246cbb2d74c5bd190aecf18,cex,28647.18443649
2025-05-19,0x52c77b0cb827afbad022e6d6caf2c44452edbc39,lp,145034.84714854
2025-05-19,0x73d8bd54f7cf5fab43fe4ef40a62d390644946db,cex,-369.14171992
2025-05-19,0x9642b23ed1e01df1092b92641051881a322f5d4e,cex,-25864.69406698
2025-05-19,0x9b0c45d46d386cedd98873168c36efd0dcba8d46,cex,21906.491
2025-05-19,0xab782bc7d4a2b306825de5a7730034f8f63ee1bc,cex,-37465
2025-05-20,0x0d0707963952f2fba59dd06f2b425ace40b492fe,cex,1897.383587
2025-05-20,0x3cc936b795a188f0e246cbb2d74c5bd190aecf18,cex,45366.52812884
2025-05-20,0x52c77b0cb827afbad022e6d6caf2c44452edbc39,lp,-231585.37447897
2025-05-20,0x73d8bd54f7cf5fab43fe4ef40a62d390644946db,cex,-99.46751116
2025-05-20,0x9642b23ed1e01df1092b92641051881a322f5d4e,cex,-6902.19262882
2025-05-20,0x9b0c45d46d386cedd98873168c36efd0dcba8d46,cex,42719.939
2025-05-20,0xab782bc7d4a2b306825de5a7730034f8f63ee1bc,cex,56403.99089
2025-05-20,0xcffad3200574698b78f32232aa9d63eabd290703,cex,7330.86
2025-05-21,0x0d0707963952f2fba59dd06f2b425ace40b492fe,cex,-36765.54129
2025-05-21,0x33a64dcdfa041befebc9161a3e0c6180cd94fa89,cex,4592.34613456
2025-05-21,0x3cc936b795a188f0e246cbb2d74c5bd190aecf18,cex,113260.89282941
2025-05-21,0x52c77b0cb827afbad022e6d6caf2c44452edbc39,lp,-193802.2331425
2025-05-21,0x73d8bd54f7cf5fab43fe4ef40a62d390644946db,cex,3758.21595215
2025-05-21,0x91dca37856240e5e1906222ec79278b16420dc92,cex,34047.86794589
2025-05-21,0x9642b23ed1e01df1092b92641051881a322f5d4e,cex,-8959.73246
2025-05-21,0x9b0c45d46d386cedd98873168c36efd0dcba8d46,cex,20390.74
2025-05-21,0xab782bc7d4a2b306825de5a7730034f8f63ee1bc,cex,255.01866759
2025-05-22,0x0d0707963952f2fba59dd06f2b425ace40b492fe,cex,1588746.51920509
2025-05-22,0x33a64dcdfa041befebc9161a3e0c6180cd94fa89,cex,12131
2025-05-22,0x3cc936b795a188f0e246cbb2d74c5bd190aecf18,cex,-1967747.18542109
2025-05-22,0x52c77b0cb827afbad022e6d6caf2c44452edbc39,lp,-384500.93612457
2025-05-22,0x73d8bd54f7cf5fab43fe4ef40a62d390644946db,cex,3390.29382859
2025-05-22,0x91dca37856240e5e1906222ec79278b16420dc92,cex,57146.81918553
2025-05-22,0x9642b23ed1e01df1092b92641051881a322f5d4e,cex,1591889.66963059
2025-05-22,0x9b0c45d46d386cedd98873168c36efd0dcba8d46,cex,-135343.134
2025-05-22,0xab782bc7d4a2b306825de5a7730034f8f63ee1bc,cex,-141836
2025-05-22,0xc882b111a75c0c657fc507c04fbfcd2cc984f071,cex,-1129943.50282485
2025-05-23,0x0d0707963952f2fba59dd06f2b425ace40b492fe,cex,-1540378.4402323
2025-05-23,0x33a64dcdfa041befebc9161a3e0c6180cd94fa89,cex,12.56098506
2025-05-23,0x3cc936b795a188f0e246cbb2d74c5bd190aecf18,cex,53575.32312386
2025-05-23,0x52c77b0cb827afbad022e6d6caf2c44452edbc39,lp,-10774.93620799
2025-05-23,0x73d8bd54f7cf5fab43fe4ef40a62d390644946db,cex,61391.26590613
2025-05-23,0x9642b23ed1e01df1092b92641051881a322f5d4e,cex,-409407.64876077
2025-05-23,0x9b0c45d46d386cedd98873168c36efd0dcba8d46,cex,46056.603
2025-05-23,0xab782bc7d4a2b306825de5a7730034f8f63ee1bc,cex,-227878.49332064
2025-05-23,0xc882b111a75c0c657fc507c04fbfcd2cc984f071,cex,1378319.57513547
2025-05-23,0xcffad3200574698b78f32232aa9d63eabd290703,cex,1151.25963966
2025-05-24,0x0d0707963952f2fba59dd06f2b425ace40b492fe,cex,-158965.52015657
2025-05-24,0x33a64dcdfa041befebc9161a3e0c6180cd94fa89,cex,390
2025-05-24,0x3cc936b795a188f0e246cbb2d74c5bd190aecf18,cex,28456.79
2025-05-24,0x52c77b0cb827afbad022e6d6caf2c44452edbc39,lp,-118467.0160937
2025-05-24,0x73d8bd54f7cf5fab43fe4ef40a62d390644946db,cex,17619.95491835
2025-05-24,0x91dca37856240e5e1906222ec79278b16420dc92,cex,-63901
2025-05-24,0x9642b23ed1e01df1092b92641051881a322f5d4e,cex,-12340.15
2025-05-24,0x9b0c45d46d386cedd98873168c36efd0dcba8d46,cex,35004.13
2025-05-24,0xab782bc7d4a2b306825de5a7730034f8f63ee1bc,cex,146042.66020883
2025-05-24,0xb0a3a2b60e969afd26561429aa4c1444c57e4411,cex,-120000
2025-05-25,0x0d0707963952f2fba59dd06f2b425ace40b492fe,cex,1051065.76013065
2025-05-25,0x3cc936b795a188f0e246cbb2d74c5bd190aecf18,cex,27425.33539972
2025-05-25,0x52c77b0cb827afbad022e6d6caf2c44452edbc39,lp,-54024.90118636
2025-05-25,0x73d8bd54f7cf5fab43fe4ef40a62d390644946db,cex,1883.62832703
2025-05-25,0x9642b23ed1e01df1092b92641051881a322f5d4e,cex,-40973.06
2025-05-25,0x9b0c45d46d386cedd98873168c36efd0dcba8d46,cex,26522.127
2025-05-25,0xab782bc7d4a2b306825de5a7730034f8f63ee1bc,cex,50529.23831462
2025-05-25,0xc882b111a75c0c657fc507c04fbfcd2cc984f071,cex,-1134429.94895065
2025-05-26,0x0529ea5885702715e83923c59746ae8734c553b7,cex,169510.836615
2025-05-26,0x0d0707963952f2fba59dd06f2b425ace40b492fe,cex,58758.86063059
2025-05-26,0x3cc936b795a188f0e246cbb2d74c5bd190aecf18,cex,178151.4381
2025-05-26,0x52c77b0cb827afbad022e6d6caf2c44452edbc39,lp,285112.78472413
2025-05-26,0x73d8bd54f7cf5fab43fe4ef40a62d390644946db,cex,1623.10355649
2025-05-26,0x9642b23ed1e01df1092b92641051881a322f5d4e,cex,-47035.87558772
2025-05-26,0x9b0c45d46d386cedd98873168c36efd0dcba8d46,cex,21023.93
2025-05-26,0xab782bc7d4a2b306825de5a7730034f8f63ee1bc,cex,53844.14425852
2025-05-27,0x0d0707963952f2fba59dd06f2b425ace40b492fe,cex,-195869.7219181
2025-05-27,0x33a64dcdfa041befebc9161a3e0c6180cd94fa89,cex,874.9982044
2025-05-27,0x3cc936b795a188f0e246cbb2d74c5bd190aecf18,cex,13686.48070217
2025-05-27,0x52c77b0cb827afbad022e6d6caf2c44452edbc39,lp,-145305.71646924
2025-05-27,0x73d8bd54f7cf5fab43fe4ef40a62d390644946db,cex,3666.49805931
2025-05-27,0x9642b23ed1e01df1092b92641051881a322f5d4e,cex,-178534.7081212
2025-05-27,0x9b0c45d46d386cedd98873168c36efd0dcba8d46,cex,-52876
2025-05-27,0xab782bc7d4a2b306825de5a7730034f8f63ee1bc,cex,-4702.30667266
2025-05-28,0x0d0707963952f2fba59dd06f2b425ace40b492fe,cex,-151191.70891835
2025-05-28,0x33a64dcdfa041befebc9161a3e0c6180cd94fa89,cex,182.81360499
2025-05-28,0x3cc936b795a188f0e246cbb2d74c5bd190aecf18,cex,143738.78509472
2025-05-28,0x52c77b0cb827afbad022e6d6caf2c44452edbc39,lp,-536111.9420858
2025-05-28,0x73d8bd54f7cf5fab43fe4ef40a62d390644946db,cex,12098.4210517
2025-05-28,0x9642b23ed1e01df1092b92641051881a322f5d4e,cex,-187924.24962302
2025-05-28,0x9b0c45d46d386cedd98873168c36efd0dcba8d46,cex,1843.181
2025-05-28,0xab782bc7d4a2b306825de5a7730034f8f63ee1bc,cex,-119778.12071778
2025-05-28,0xcffad3200574698b78f32232aa9d63eabd290703,cex,8245
2025-05-29,0x0529ea5885702715e83923c59746ae8734c553b7,cex,8527.209705
2025-05-29,0x0d0707963952f2fba59dd06f2b425ace40b492fe,cex,174579.67277919
2025-05-29,0x33a64dcdfa041befebc9161a3e0c6180cd94fa89,cex,12724.61602629
2025-05-29,0x3cc936b795a188f0e246cbb2d74c5bd190aecf18,cex,120015.07437308
2025-05-29,0x52c77b0cb827afbad022e6d6caf2c44452edbc39,lp,-274007.69744135
2025-05-29,0x548054687ef6c56c6d82e8269e5fd93d8b88fcb2,cex,1139774.83908666
2025-05-29,0x73d8bd54f7cf5fab43fe4ef40a62d390644946db,cex,16523.30519179
2025-05-29,0x91dca37856240e5e1906222ec79278b16420dc92,cex,-54660
2025-05-29,0x9642b23ed1e01df1092b92641051881a322f5d4e,cex,-81632.10055196
2025-05-29,0x9b0c45d46d386cedd98873168c36efd0dcba8d46,cex,106462.222
2025-05-29,0xab782bc7d4a2b306825de5a7730034f8f63ee1bc,cex,-9900.96409441
2025-05-29,0xcffad3200574698b78f32232aa9d63eabd290703,cex,12853.033
2025-05-29,0xdd276dc5223d0120f9bf1776f38957cc8da23cb0,cex,-279100
2025-05-30,0x0d0707963952f2fba59dd06f2b425ace40b492fe,cex,-83958.77195177
2025-05-30,0x3cc936b795a188f0e246cbb2d74c5bd190aecf18,cex,70035.48382213
2025-05-30,0x52c77b0cb827afbad022e6d6caf2c44452edbc39,lp,314945.30295035
2025-05-30,0x73d8bd54f7cf5fab43fe4ef40a62d390644946db,cex,14890.04078492
2025-05-30,0x9642b23ed1e01df1092b92641051881a322f5d4e,cex,-61407.03032734
2025-05-30,0x9b0c45d46d386cedd98873168c36efd0dcba8d46,cex,63649.219
2025-05-30,0xab782bc7d4a2b306825de5a7730034f8f63ee1bc,cex,8756.64625247
2025-05-30,0xb0a3a2b60e969afd26561429aa4c1444c57e4411,cex,-120000
2025-05-30,0xcffad3200574698b78f32232aa9d63eabd290703,cex,11487.15
2025-05-30,0xe8c15aad9d4cd3f59c9dfa18828b91a8b2c49596,cex,138180.68390106
2025-05-31,0x0d0707963952f2fba59dd06f2b425ace40b492fe,cex,-20533.74391
2025-05-31,0x3cc936b795a188f0e246cbb2d74c5bd190aecf18,cex,4614.92999
2025-05-31,0x52c77b0cb827afbad022e6d6caf2c44452edbc39,lp,-35263.9993908
2025-05-31,0x73d8bd54f7cf5fab43fe4ef40a62d390644946db,cex,1442.77638855
2025-05-31,0x91dca37856240e5e1906222ec79278b16420dc92,cex,-250000
2025-05-31,0x9642b23ed1e01df1092b92641051881a322f5d4e,cex,-165593.31671397
2025-05-31,0x9b0c45d46d386cedd98873168c36efd0dcba8d46,cex,105588.003
2025-05-31,0xab782bc7d4a2b306825de5a7730034f8f63ee1bc,cex,149314.2
2025-05-31,0xcffad3200574698b78f32232aa9d63eabd290703,cex,14935.33
2025-06-01,0x0d0707963952f2fba59dd06f2b425ace40b492fe,cex,847559.96756744
2025-06-01,0x3cc936b795a188f0e246cbb2d74c5bd190aecf18,cex,70984.35031891
2025-06-01,0x52c77b0cb827afbad022e6d6caf2c44452edbc39,lp,-85283.41882623
2025-06-01,0x73d8bd54f7cf5fab43fe4ef40a62d390644946db,cex,365.07518858
2025-06-01,0x9642b23ed1e01df1092b92641051881a322f5d4e,cex,-107937.74798553
2025-06-01,0x9b0c45d46d386cedd98873168c36efd0dcba8d46,cex,39285.181
2025-06-01,0xab782bc7d4a2b306825de5a7730034f8f63ee1bc,cex,75760.69644
2025-06-01,0xc882b111a75c0c657fc507c04fbfcd2cc984f071,cex,-1035411.0581901
2025-06-01,0xcffad3200574698b78f32232aa9d63eabd290703,cex,-31000
2025-06-01,0xe8c15aad9d4cd3f59c9dfa18828b91a8b2c49596,cex,65920.90420305
2025-06-02,0x0529ea5885702715e83923c59746ae8734c553b7,cex,-260000
2025-06-02,0x0d0707963952f2fba59dd06f2b425ace40b492fe,cex,209472.50122486
2025-06-02,0x3cc936b795a188f0e246cbb2d74c5bd190aecf18,cex,265588.17535539
2025-06-02,0x52c77b0cb827afbad022e6d6caf2c44452edbc39,lp,-276014.9855533
2025-06-02,0x548054687ef6c56c6d82e8269e5fd93d8b88fcb2,cex,-56321.74698692
2025-06-02,0x73d8bd54f7cf5fab43fe4ef40a62d390644946db,cex,2310.39770455
2025-06-02,0x91dca37856240e5e1906222ec79278b16420dc92,cex,-59600.76784
2025-06-02,0x9642b23ed1e01df1092b92641051881a322f5d4e,cex,-150668.80518637
2025-06-02,0x9b0c45d46d386cedd98873168c36efd0dcba8d46,cex,73601.506
2025-06-02,0xab782bc7d4a2b306825de5a7730034f8f63ee1bc,cex,-224113.66675476
2025-06-02,0xb0a3a2b60e969afd26561429aa4c1444c57e4411,cex,255936.92
2025-06-02,0xe8c15aad9d4cd3f59c9dfa18828b91a8b2c49596,cex,332258.83189589
2025-06-03,0x0d0707963952f2fba59dd06f2b425ace40b492fe,cex,-164768.31901594
2025-06-03,0x3cc936b795a188f0e246cbb2d74c5bd190aecf18,cex,53498.16194722
2025-06-03,0x52c77b0cb827afbad022e6d6caf2c44452edbc39,lp,122652.16122887
2025-06-03,0x548054687ef6c56c6d82e8269e5fd93d8b88fcb2,cex,-98834.00758262
2025-06-03,0x73d8bd54f7cf5fab43fe4ef40a62d390644946db,cex,-8853.8590133
2025-06-03,0x9642b23ed1e01df1092b92641051881a322f5d4e,cex,-365417.04
2025-06-03,0x9b0c45d46d386cedd98873168c36efd0dcba8d46,cex,35509.619
2025-06-03,0xa023f08c70a23abc7edfc5b6b5e171d78dfc947e,cex,-1115.5
2025-06-03,0xab782bc7d4a2b306825de5a7730034f8f63ee1bc,cex,-70402.73750466
2025-06-03,0xcffad3200574698b78f32232aa9d63eabd290703,cex,1115.5
2025-06-04,0x0d0707963952f2fba59dd06f2b425ace40b492fe,cex,-274987.54222836
2025-06-04,0x33a64dcdfa041befebc9161a3e0c6180cd94fa89,cex,1348.92050187
2025-06-04,0x3cc936b795a188f0e246cbb2d74c5bd190aecf18,cex,305519.19003999
2025-06-04,0x52c77b0cb827afbad022e6d6caf2c44452edbc39,lp,-113909.29890723
2025-06-04,0x73d8bd54f7cf5fab43fe4ef40a62d390644946db,cex,8028.29933841
2025-06-04,0x91dca37856240e5e1906222ec79278b16420dc92,cex,25758.28706973
2025-06-04,0x9642b23ed1e01df1092b92641051881a322f5d4e,cex,-308545.61518208
2025-06-04,0x9b0c45d46d386cedd98873168c36efd0dcba8d46,cex,100030.032
2025-06-04,0xab782bc7d4a2b306825de5a7730034f8f63ee1bc,cex,60314.00765106
2025-06-04,0xb0a3a2b60e969afd26561429aa4c1444c57e4411,cex,-170000
2025-06-05,0x0529ea5885702715e83923c59746ae8734c553b7,cex,74248.4518698
2025-06-05,0x0d0707963952f2fba59dd06f2b425ace40b492fe,cex,-698455.92378897
2025-06-05,0x3cc936b795a188f0e246cbb2d74c5bd190aecf18,cex,-1463877.03646694
2025-06-05,0x52c77b0cb827afbad022e6d6caf2c44452edbc39,lp,-77388.04703587
2025-06-05,0x548054687ef6c56c6d82e8269e5fd93d8b88fcb2,cex,60078.61667699
2025-06-05,0x73d8bd54f7cf5fab43fe4ef40a62d390644946db,cex,-3223.26466402
2025-06-05,0x9642b23ed1e01df1092b92641051881a322f5d4e,cex,1767185.45765844
2025-06-05,0x9b0c45d46d386cedd98873168c36efd0dcba8d46,cex,147073.844
2025-06-05,0xa023f08c70a23abc7edfc5b6b5e171d78dfc947e,cex,2346.07
2025-06-05,0xab782bc7d4a2b306825de5a7730034f8f63ee1bc,cex,112911.28520935
2025-06-05,0xc882b111a75c0c657fc507c04fbfcd2cc984f071,cex,968320.14537638
2025-06-05,0xcffad3200574698b78f32232aa9d63eabd290703,cex,-41203
2025-06-06,0x0529ea5885702715e83923c59746ae8734c553b7,cex,217271.321832
2025-06-06,0x0d0707963952f2fba59dd06f2b425ace40b492fe,cex,47568.8897664
2025-06-06,0x33a64dcdfa041befebc9161a3e0c6180cd94fa89,cex,48.86169412
2025-06-06,0x3cc936b795a188f0e246cbb2d74c5bd190aecf18,cex,113966.73033549
2025-06-06,0x52c77b0cb827afbad022e6d6caf2c44452edbc39,lp,97517.13595069
2025-06-06,0x73d8bd54f7cf5fab43fe4ef40a62d390644946db,cex,659.20081727
2025-06-06,0x9642b23ed1e01df1092b92641051881a322f5d4e,cex,-195066.83820239
2025-06-06,0x9b0c45d46d386cedd98873168c36efd0dcba8d46,cex,-41959.413
2025-06-06,0xab782bc7d4a2b306825de5a7730034f8f63ee1bc,cex,-96326.45140538
2025-06-06,0xb0a3a2b60e969afd26561429aa4c1444c57e4411,cex,253028.56
2025-06-06,0xe8c15aad9d4cd3f59c9dfa18828b91a8b2c49596,cex,-529700
2025-06-07,0x0d0707963952f2fba59dd06f2b425ace40b492fe,cex,-80529.53638539
2025-06-07,0x3cc936b795a188f0e246cbb2d74c5bd190aecf18,cex,144374.78
2025-06-07,0x52c77b0cb827afbad022e6d6caf2c44452edbc39,lp,-198990.57154663
2025-06-07,0x73d8bd54f7cf5fab43fe4ef40a62d390644946db,cex,-539.83317757
2025-06-07,0x9642b23ed1e01df1092b92641051881a322f5d4e,cex,-206354.91632728
2025-06-07,0x9b0c45d46d386cedd98873168c36efd0dcba8d46,cex,20227.298
2025-06-07,0xab782bc7d4a2b306825de5a7730034f8f63ee1bc,cex,-9577.35132038
2025-06-07,0xcffad3200574698b78f32232aa9d63eabd290703,cex,5389.13
2025-06-07,0xe8c15aad9d4cd3f59c9dfa18828b91a8b2c49596,cex,401676.55328485
2025-06-08,0x0d0707963952f2fba59dd06f2b425ace40b492fe,cex,-223312.5847333
2025-06-08,0x3cc936b795a188f0e246cbb2d74c5bd190aecf18,cex,287393.35180023
2025-06-08,0x52c77b0cb827afbad022e6d6caf2c44452edbc39,lp,-300975.48266316
2025-06-08,0x73d8bd54f7cf5fab43fe4ef40a62d390644946db,cex,10097.84782569
2025-06-08,0x9642b23ed1e01df1092b92641051881a322f5d4e,cex,-115598.05112935
2025-06-08,0x9b0c45d46d386cedd98873168c36efd0dcba8d46,cex,-206219.7
2025-06-08,0xab782bc7d4a2b306825de5a7730034f8f63ee1bc,cex,-181556.69252346
2025-06-08,0xb0a3a2b60e969afd26561429aa4c1444c57e4411,cex,-80000
2025-06-08,0xe8c15aad9d4cd3f59c9dfa18828b91a8b2c49596,cex,22228.31546491
2025-06-09,0x0d0707963952f2fba59dd06f2b425ace40b492fe,cex,-27300.52351224
2025-06-09,0x33a64dcdfa041befebc9161a3e0c6180cd94fa89,cex,8827.19672987
2025-06-09,0x3cc936b795a188f0e246cbb2d74c5bd190aecf18,cex,84167.97398785
2025-06-09,0x52c77b0cb827afbad022e6d6caf2c44452edbc39,lp,-171002.67142718
2025-06-09,0x73d8bd54f7cf5fab43fe4ef40a62d390644946db,cex,3152.69976575
2025-06-09,0x9642b23ed1e01df1092b92641051881a322f5d4e,cex,-789964.40149274
2025-06-09,0x9b0c45d46d386cedd98873168c36efd0dcba8d46,cex,71241.325
2025-06-09,0xa023f08c70a23abc7edfc5b6b5e171d78dfc947e,cex,3158.185
2025-06-09,0xab782bc7d4a2b306825de5a7730034f8f63ee1bc,cex,-2673.02818443
2025-06-10,0x0d0707963952f2fba59dd06f2b425ace40b492fe,cex,164800.03398858
2025-06-10,0x33a64dcdfa041befebc9161a3e0c6180cd94fa89,cex,-2463.55500945
2025-06-10,0x3cc936b795a188f0e246cbb2d74c5bd190aecf18,cex,86956.91654445
2025-06-10,0x52c77b0cb827afbad022e6d6caf2c44452edbc39,lp,-213485.76681831
2025-06-10,0x73d8bd54f7cf5fab43fe4ef40a62d390644946db,cex,4349.08587353
2025-06-10,0x91dca37856240e5e1906222ec79278b16420dc92,cex,-52677
2025-06-10,0x9642b23ed1e01df1092b92641051881a322f5d4e,cex,-202753.8213
2025-06-10,0x9b0c45d46d386cedd98873168c36efd0dcba8d46,cex,-97232.793
2025-06-10,0xab782bc7d4a2b306825de5a7730034f8f63ee1bc,cex,198749.4454845
2025-06-10,0xb0a3a2b60e969afd26561429aa4c1444c57e4411,cex,-350000
2025-06-10,0xf35a6bd6e0459a4b53a27862c51a2a7292b383d1,cex,301810
2025-06-11,0x0d0707963952f2fba59dd06f2b425ace40b492fe,cex,154303.73382854
2025-06-11,0x33a64dcdfa041befebc9161a3e0c6180cd94fa89,cex,-223.27580309
2025-06-11,0x3cc936b795a188f0e246cbb2d74c5bd190aecf18,cex,111033.44694001
2025-06-11,0x52c77b0cb827afbad022e6d6caf2c44452edbc39,lp,-86821.62757276
2025-06-11,0x548054687ef6c56c6d82e8269e5fd93d8b88fcb2,cex,-34000
2025-06-11,0x73d8bd54f7cf5fab43fe4ef40a62d390644946db,cex,14309.60884567
2025-06-11,0x91dca37856240e5e1906222ec79278b16420dc92,cex,-62679
2025-06-11,0x9642b23ed1e01df1092b92641051881a322f5d4e,cex,-162890.42735
2025-06-11,0x9b0c45d46d386cedd98873168c36efd0dcba8d46,cex,47863.841
2025-06-11,0xab782bc7d4a2b306825de5a7730034f8f63ee1bc,cex,-250234
2025-06-11,0xcffad3200574698b78f32232aa9d63eabd290703,cex,4198.66
2025-06-11,0xdd276dc5223d0120f9bf1776f38957cc8da23cb0,cex,-620000
2025-06-11,0xe8c15aad9d4cd3f59c9dfa18828b91a8b2c49596,cex,-430000
2025-06-11,0xf35a6bd6e0459a4b53a27862c51a2a7292b383d1,cex,3398010
2025-06-12,0x0d0707963952f2fba59dd06f2b425ace40b492fe,cex,-93577.12098686
2025-06-12,0x33a64dcdfa041befebc9161a3e0c6180cd94fa89,cex,39797.71014576
2025-06-12,0x3cc936b795a188f0e246cbb2d74c5bd190aecf18,cex,-927263.66268038
2025-06-12,0x52c77b0cb827afbad022e6d6caf2c44452edbc39,lp,-88985.93279193
2025-06-12,0x548054687ef6c56c6d82e8269e5fd93d8b88fcb2,cex,15328.09755224
2025-06-12,0x73d8bd54f7cf5fab43fe4ef40a62d390644946db,cex,47187.04561019
2025-06-12,0x91dca37856240e5e1906222ec79278b16420dc92,cex,48592.25662525
2025-06-12,0x9642b23ed1e01df1092b92641051881a322f5d4e,cex,753725.09618557
2025-06-12,0x9b0c45d46d386cedd98873168c36efd0dcba8d46,cex,254766.58
2025-06-12,0xab782bc7d4a2b306825de5a7730034f8f63ee1bc,cex,327341.00615532
2025-06-12,0xb0a3a2b60e969afd26561429aa4c1444c57e4411,cex,-200000
2025-06-12,0xcffad3200574698b78f32232aa9d63eabd290703,cex,30266.22395755
2025-06-12,0xdd276dc5223d0120f9bf1776f38957cc8da23cb0,cex,285257.1624631
2025-06-12,0xe8c15aad9d4cd3f59c9dfa18828b91a8b2c49596,cex,294643.50125024
2025-06-12,0xf35a6bd6e0459a4b53a27862c51a2a7292b383d1,cex,65000
2025-06-13,0x0529ea5885702715e83923c59746ae8734c553b7,cex,-100000
2025-06-13,0x0d0707963952f2fba59dd06f2b425ace40b492fe,cex,200770.2347441
2025-06-13,0x33a64dcdfa041befebc9161a3e0c6180cd94fa89,cex,35.89907327
2025-06-13,0x3cc936b795a188f0e246cbb2d74c5bd190aecf18,cex,293511.31643352
2025-06-13,0x52c77b0cb827afbad022e6d6caf2c44452edbc39,lp,-10811.76348581
2025-06-13,0x548054687ef6c56c6d82e8269e5fd93d8b88fcb2,cex,16431.88861253
2025-06-13,0x73d8bd54f7cf5fab43fe4ef40a62d390644946db,cex,36204.92451413
2025-06-13,0x9642b23ed1e01df1092b92641051881a322f5d4e,cex,-271665.75190754
2025-06-13,0x9b0c45d46d386cedd98873168c36efd0dcba8d46,cex,246330.829
2025-06-13,0xa023f08c70a23abc7edfc5b6b5e171d78dfc947e,cex,2158.83
2025-06-13,0xab782bc7d4a2b306825de5a7730034f8f63ee1bc,cex,-95495.4908213
2025-06-13,0xb0a3a2b60e969afd26561429aa4c1444c57e4411,cex,-100000
2025-06-13,0xcffad3200574698b78f32232aa9d63eabd290703,cex,13364.54
2025-06-13,0xe8c15aad9d4cd3f59c9dfa18828b91a8b2c49596,cex,540000
2025-06-14,0x0d0707963952f2fba59dd06f2b425ace40b492fe,cex,-97738.58681824
2025-06-14,0x33a64dcdfa041befebc9161a3e0c6180cd94fa89,cex,25136.60126106
2025-06-14,0x3cc936b795a188f0e246cbb2d74c5bd190aecf18,cex,45287.12693188
2025-06-14,0x52c77b0cb827afbad022e6d6caf2c44452edbc39,lp,246395.35885707
2025-06-14,0x73d8bd54f7cf5fab43fe4ef40a62d390644946db,cex,-33946.81140098
2025-06-14,0x91dca37856240e5e1906222ec79278b16420dc92,cex,37925.83659022
2025-06-14,0x9642b23ed1e01df1092b92641051881a322f5d4e,cex,-191466.31287639
2025-06-14,0x9b0c45d46d386cedd98873168c36efd0dcba8d46,cex,187604.353
2025-06-14,0xab782bc7d4a2b306825de5a7730034f8f63ee1bc,cex,74384.06851759
2025-06-14,0xb0a3a2b60e969afd26561429aa4c1444c57e4411,cex,220026.93
2025-06-14,0xf35a6bd6e0459a4b53a27862c51a2a7292b383d1,cex,100000
2025-06-15,0x0529ea5885702715e83923c59746ae8734c553b7,cex,14533.406679
2025-06-15,0x0d0707963952f2fba59dd06f2b425ace40b492fe,cex,96894.07865815
2025-06-15,0x33a64dcdfa041befebc9161a3e0c6180cd94fa89,cex,554.61063981
2025-06-15,0x3cc936b795a188f0e246cbb2d74c5bd190aecf18,cex,11858.84082373
2025-06-15,0x52c77b0cb827afbad022e6d6caf2c44452edbc39,lp,-137538.78309113
2025-06-15,0x548054687ef6c56c6d82e8269e5fd93d8b88fcb2,cex,-34237.28870258
2025-06-15,0x73d8bd54f7cf5fab43fe4ef40a62d390644946db,cex,-960.16434069
2025-06-15,0x9642b23ed1e01df1092b92641051881a322f5d4e,cex,-64735.43820144
2025-06-15,0x9b0c45d46d386cedd98873168c36efd0dcba8d46,cex,112367.381
2025-06-15,0xab782bc7d4a2b306825de5a7730034f8f63ee1bc,cex,23432.416
2025-06-16,0x0529ea5885702715e83923c59746ae8734c553b7,cex,12817.11388
2025-06-16,0x0d0707963952f2fba59dd06f2b425ace40b492fe,cex,150834.71226032
2025-06-16,0x33a64dcdfa041befebc9161a3e0c6180cd94fa89,cex,-123.52255133
2025-06-16,0x3cc936b795a188f0e246cbb2d74c5bd190aecf18,cex,170252.44898674
2025-06-16,0x52c77b0cb827afbad022e6d6caf2c44452edbc39,lp,46621.41608207
2025-06-16,0x548054687ef6c56c6d82e8269e5fd93d8b88fcb2,cex,-125000
2025-06-16,0x73d8bd54f7cf5fab43fe4ef40a62d390644946db,cex,4741.64788165
2025-06-16,0x91dca37856240e5e1906222ec79278b16420dc92,cex,-72301
2025-06-16,0x9642b23ed1e01df1092b92641051881a322f5d4e,cex,-129476.11483894
2025-06-16,0x9b0c45d46d386cedd98873168c36efd0dcba8d46,cex,96063.21
2025-06-16,0xa023f08c70a23abc7edfc5b6b5e171d78dfc947e,cex,4004.04
2025-06-16,0xab782bc7d4a2b306825de5a7730034f8f63ee1bc,cex,-51882.93763336
2025-06-17,0x0529ea5885702715e83923c59746ae8734c553b7,cex,24320.9194
2025-06-17,0x0d0707963952f2fba59dd06f2b425ace40b492fe,cex,-499461.79380445
2025-06-17,0x3cc936b795a188f0e246cbb2d74c5bd190aecf18,cex,98463.28139258
2025-06-17,0x52c77b0cb827afbad022e6d6caf2c44452edbc39,lp,392500.45466613
2025-06-17,0x548054687ef6c56c6d82e8269e5fd93d8b88fcb2,cex,23704.27801017
2025-06-17,0x73d8bd54f7cf5fab43fe4ef40a62d390644946db,cex,40663.78706312
2025-06-17,0x91dca37856240e5e1906222ec79278b16420dc92,cex,28116.13226379
2025-06-17,0x9642b23ed1e01df1092b92641051881a322f5d4e,cex,-360415.02
2025-06-17,0x9b0c45d46d386cedd98873168c36efd0dcba8d46,cex,34477.969
2025-06-17,0xab782bc7d4a2b306825de5a7730034f8f63ee1bc,cex,46390.84457489
2025-06-17,0xb0a3a2b60e969afd26561429aa4c1444c57e4411,cex,274695.29
2025-06-17,0xc882b111a75c0c657fc507c04fbfcd2cc984f071,cex,716700.28764007
2025-06-17,0xcffad3200574698b78f32232aa9d63eabd290703,cex,-11104
2025-06-17,0xe8c15aad9d4cd3f59c9dfa18828b91a8b2c49596,cex,150000
2025-06-18,0x0d0707963952f2fba59dd06f2b425ace40b492fe,cex,371743.75356632
2025-06-18,0x33a64dcdfa041befebc9161a3e0c6180cd94fa89,cex,-169.05353487
2025-06-18,0x3cc936b795a188f0e246cbb2d74c5bd190aecf18,cex,-409654.35556811
2025-06-18,0x52c77b0cb827afbad022e6d6caf2c44452edbc39,lp,-384872.803552
2025-06-18,0x73d8bd54f7cf5fab43fe4ef40a62d390644946db,cex,24854.38587839
2025-06-18,0x91dca37856240e5e1906222ec79278b16420dc92,cex,24245.15156757
2025-06-18,0x9642b23ed1e01df1092b92641051881a322f5d4e,cex,381731.4428669
2025-06-18,0x9b0c45d46d386cedd98873168c36efd0dcba8d46,cex,120367.282
2025-06-18,0xab782bc7d4a2b306825de5a7730034f8f63ee1bc,cex,219852.33416
2025-06-18,0xcffad3200574698b78f32232aa9d63eabd290703,cex,-19769.969
2025-06-18,0xf35a6bd6e0459a4b53a27862c51a2a7292b383d1,cex,150000
2025-06-19,0x0d0707963952f2fba59dd06f2b425ace40b492fe,cex,-491064.23317218
2025-06-19,0x33a64dcdfa041befebc9161a3e0c6180cd94fa89,cex,-348.09699813
2025-06-19,0x3cc936b795a188f0e246cbb2d74c5bd190aecf18,cex,106848.64632551
2025-06-19,0x52c77b0cb827afbad022e6d6caf2c44452edbc39,lp,339792.84502514
2025-06-19,0x73d8bd54f7cf5fab43fe4ef40a62d390644946db,cex,-13505.01844054
2025-06-19,0x91dca37856240e5e1906222ec79278b16420dc92,cex,28766.66583337
2025-06-19,0x9642b23ed1e01df1092b92641051881a322f5d4e,cex,-240335.45794427
2025-06-19,0x9b0c45d46d386cedd98873168c36efd0dcba8d46,cex,227169.122
2025-06-19,0xa023f08c70a23abc7edfc5b6b5e171d78dfc947e,cex,2189.94981943
2025-06-19,0xab782bc7d4a2b306825de5a7730034f8f63ee1bc,cex,-59477.61224776
2025-06-19,0xcffad3200574698b78f32232aa9d63eabd290703,cex,3730.26851661
2025-06-19,0xdd276dc5223d0120f9bf1776f38957cc8da23cb0,cex,19899.8
2025-06-20,0x0d0707963952f2fba59dd06f2b425ace40b492fe,cex,29254.6877541
2025-06-20,0x33a64dcdfa041befebc9161a3e0c6180cd94fa89,cex,-304.98080153
2025-06-20,0x3cc936b795a188f0e246cbb2d74c5bd190aecf18,cex,163448.60061419
2025-06-20,0x52c77b0cb827afbad022e6d6caf2c44452edbc39,lp,513649.81228982
2025-06-20,0x73d8bd54f7cf5fab43fe4ef40a62d390644946db,cex,-3965.86845052
2025-06-20,0x91dca37856240e5e1906222ec79278b16420dc92,cex,-7893.97959595
2025-06-20,0x9642b23ed1e01df1092b92641051881a322f5d4e,cex,301545.3596375
2025-06-20,0x9b0c45d46d386cedd98873168c36efd0dcba8d46,cex,200529.883
2025-06-20,0xa023f08c70a23abc7edfc5b6b5e171d78dfc947e,cex,14620.7
2025-06-20,0xab782bc7d4a2b306825de5a7730034f8f63ee1bc,cex,-189909.46836716
2025-06-20,0xb0a3a2b60e969afd26561429aa4c1444c57e4411,cex,278061.27
2025-06-20,0xcffad3200574698b78f32232aa9d63eabd290703,cex,1870.38874892
2025-06-20,0xdd276dc5223d0120f9bf1776f38957cc8da23cb0,cex,26287.24
2025-06-21,0x0529ea5885702715e83923c59746ae8734c553b7,cex,22655.332834
2025-06-21,0x0d0707963952f2fba59dd06f2b425ace40b492fe,cex,63172.88308721
2025-06-21,0x33a64dcdfa041befebc9161a3e0c6180cd94fa89,cex,-16219.85884509
2025-06-21,0x3cc936b795a188f0e246cbb2d74c5bd190aecf18,cex,126723.43656349
2025-06-21,0x52c77b0cb827afbad022e6d6caf2c44452edbc39,lp,31636.02350615
2025-06-21,0x73d8bd54f7cf5fab43fe4ef40a62d390644946db,cex,30486.26044543
2025-06-21,0x91dca37856240e5e1906222ec79278b16420dc92,cex,19988.6032833
2025-06-21,0x9642b23ed1e01df1092b92641051881a322f5d4e,cex,-192798.37484387
2025-06-21,0x9b0c45d46d386cedd98873168c36efd0dcba8d46,cex,205000.595
2025-06-21,0xab782bc7d4a2b306825de5a7730034f8f63ee1bc,cex,62617.88927204
2025-06-21,0xb0a3a2b60e969afd26561429aa4c1444c57e4411,cex,279908.32
2025-06-21,0xcffad3200574698b78f32232aa9d63eabd290703,cex,436.72918934
2025-06-22,0x0529ea5885702715e83923c59746ae8734c553b7,cex,-430000
2025-06-22,0x0d0707963952f2fba59dd06f2b425ace40b492fe,cex,51500.67437388
2025-06-22,0x33a64dcdfa041befebc9161a3e0c6180cd94fa89,cex,-1100.92301358
2025-06-22,0x3cc936b795a188f0e246cbb2d74c5bd190aecf18,cex,-1677106.22746324
2025-06-22,0x52c77b0cb827afbad022e6d6caf2c44452edbc39,lp,-143302.80775352
2025-06-22,0x73d8bd54f7cf5fab43fe4ef40a62d390644946db,cex,9073.81971093
2025-06-22,0x91dca37856240e5e1906222ec79278b16420dc92,cex,-5289.61387565
2025-06-22,0x9642b23ed1e01df1092b92641051881a322f5d4e,cex,1795178.42726891
2025-06-22,0x9b0c45d46d386cedd98873168c36efd0dcba8d46,cex,11906.835
2025-06-22,0xa023f08c70a23abc7edfc5b6b5e171d78dfc947e,cex,1331.67414741
2025-06-22,0xab782bc7d4a2b306825de5a7730034f8f63ee1bc,cex,-77403.254
2025-06-22,0xcffad3200574698b78f32232aa9d63eabd290703,cex,2327.90967767
2025-06-23,0x0d0707963952f2fba59dd06f2b425ace40b492fe,cex,-281985.00017521
2025-06-23,0x33a64dcdfa041befebc9161a3e0c6180cd94fa89,cex,-4029.39930742
2025-06-23,0x377b8ce04761754e8ac153b47805a9cf6b190873,cex,1815482.46002879
2025-06-23,0x3cc936b795a188f0e246cbb2d74c5bd190aecf18,cex,314213.85584605
2025-06-23,0x52c77b0cb827afbad022e6d6caf2c44452edbc39,lp,-232336.18502769
2025-06-23,0x73d8bd54f7cf5fab43fe4ef40a62d390644946db,cex,23201.04813451
2025-06-23,0x91dca37856240e5e1906222ec79278b16420dc92,cex,51194.15063472
2025-06-23,0x9642b23ed1e01df1092b92641051881a322f5d4e,cex,-340357.41573213
2025-06-23,0x9b0c45d46d386cedd98873168c36efd0dcba8d46,cex,-447785.108
2025-06-23,0xa023f08c70a23abc7edfc5b6b5e171d78dfc947e,cex,6066
2025-06-23,0xab782bc7d4a2b306825de5a7730034f8f63ee1bc,cex,109395.20258697
2025-06-23,0xcffad3200574698b78f32232aa9d63eabd290703,cex,11362.497
2025-06-24,0x0529ea5885702715e83923c59746ae8734c553b7,cex,158201.18794548
2025-06-24,0x0d0707963952f2fba59dd06f2b425ace40b492fe,cex,345853.39236264
2025-06-24,0x3cc936b795a188f0e246cbb2d74c5bd190aecf18,cex,654252.58732062
2025-06-24,0x52c77b0cb827afbad022e6d6caf2c44452edbc39,lp,-262405.90010573
2025-06-24,0x73d8bd54f7cf5fab43fe4ef40a62d390644946db,cex,-20098.36007091
2025-06-24,0x91dca37856240e5e1906222ec79278b16420dc92,cex,-57301.77804493
2025-06-24,0x9642b23ed1e01df1092b92641051881a322f5d4e,cex,-280965.14000003
2025-06-24,0x9b0c45d46d386cedd98873168c36efd0dcba8d46,cex,42614.975
2025-06-24,0xa023f08c70a23abc7edfc5b6b5e171d78dfc947e,cex,25262.04
2025-06-24,0xab782bc7d4a2b306825de5a7730034f8f63ee1bc,cex,-167039.40134275
2025-06-24,0xb0a3a2b60e969afd26561429aa4c1444c57e4411,cex,304914.55
2025-06-24,0xcffad3200574698b78f32232aa9d63eabd290703,cex,22502.60203877
2025-06-24,0xe8c15aad9d4cd3f59c9dfa18828b91a8b2c49596,cex,-600000
2025-06-24,0xf35a6bd6e0459a4b53a27862c51a2a7292b383d1,cex,250000
2025-06-25,0x0529ea5885702715e83923c59746ae8734c553b7,cex,243013.12905
2025-06-25,0x0d0707963952f2fba59dd06f2b425ace40b492fe,cex,-326051.9329888
2025-06-25,0x33a64dcdfa041befebc9161a3e0c6180cd94fa89,cex,-710.33929199
2025-06-25,0x3cc936b795a188f0e246cbb2d74c5bd190aecf18,cex,98058.06435972
2025-06-25,0x52c77b0cb827afbad022e6d6caf2c44452edbc39,lp,106946.5958049
2025-06-25,0x73d8bd54f7cf5fab43fe4ef40a62d390644946db,cex,909.9912697
2025-06-25,0x9642b23ed1e01df1092b92641051881a322f5d4e,cex,-167584.70020308
2025-06-25,0x9b0c45d46d386cedd98873168c36efd0dcba8d46,cex,183835.879
2025-06-25,0xa023f08c70a23abc7edfc5b6b5e171d78dfc947e,cex,11111
2025-06-25,0xab782bc7d4a2b306825de5a7730034f8f63ee1bc,cex,20888.88451905
2025-06-25,0xcffad3200574698b78f32232aa9d63eabd290703,cex,212653.61
2025-06-25,0xdd276dc5223d0120f9bf1776f38957cc8da23cb0,cex,44176.95
2025-06-25,0xe8c15aad9d4cd3f59c9dfa18828b91a8b2c49596,cex,60000
2025-06-26,0x0d0707963952f2fba59dd06f2b425ace40b492fe,cex,150761.87840252
2025-06-26,0x33a64dcdfa041befebc9161a3e0c6180cd94fa89,cex,-96.22431477
2025-06-26,0x3cc936b795a188f0e246cbb2d74c5bd190aecf18,cex,19602.01021624
2025-06-26,0x52c77b0cb827afbad022e6d6caf2c44452edbc39,lp,315135.787477
2025-06-26,0x73d8bd54f7cf5fab43fe4ef40a62d390644946db,cex,-6558.76097422
2025-06-26,0x9642b23ed1e01df1092b92641051881a322f5d4e,cex,-74252.89
2025-06-26,0x9b0c45d46d386cedd98873168c36efd0dcba8d46,cex,234044.433
2025-06-26,0xab782bc7d4a2b306825de5a7730034f8f63ee1bc,cex,-65259.10347582
2025-06-26,0xcffad3200574698b78f32232aa9d63eabd290703,cex,-16138.978
2025-06-26,0xe8c15aad9d4cd3f59c9dfa18828b91a8b2c49596,cex,-440000
2025-06-27,0x0529ea5885702715e83923c59746ae8734c553b7,cex,74896.120342
2025-06-27,0x0d0707963952f2fba59dd06f2b425ace40b492fe,cex,28824.61125465
2025-06-27,0x33a64dcdfa041befebc9161a3e0c6180cd94fa89,cex,666.63491545
2025-06-27,0x3cc936b795a188f0e246cbb2d74c5bd190aecf18,cex,84541.43969028
2025-06-27,0x52c77b0cb827afbad022e6d6caf2c44452edbc39,lp,73558.54387112
2025-06-27,0x548054687ef6c56c6d82e8269e5fd93d8b88fcb2,cex,56624.61867864
2025-06-27,0x73d8bd54f7cf5fab43fe4ef40a62d390644946db,cex,23657.34602815
2025-06-27,0x91dca37856240e5e1906222ec79278b16420dc92,cex,49820.24903218
2025-06-27,0x9642b23ed1e01df1092b92641051881a322f5d4e,cex,-58249.87600966
2025-06-27,0x9b0c45d46d386cedd98873168c36efd0dcba8d46,cex,-103325.8
2025-06-27,0xa023f08c70a23abc7edfc5b6b5e171d78dfc947e,cex,5101.88092864
2025-06-27,0xab782bc7d4a2b306825de5a7730034f8f63ee1bc,cex,-81156.59451798
2025-06-27,0xcffad3200574698b78f32232aa9d63eabd290703,cex,6925.541
2025-06-27,0xe8c15aad9d4cd3f59c9dfa18828b91a8b2c49596,cex,180618.39209443
2025-06-28,0x0529ea5885702715e83923c59746ae8734c553b7,cex,12885.1111
2025-06-28,0x0d0707963952f2fba59dd06f2b425ace40b492fe,cex,12848.91913616
2025-06-28,0x33a64dcdfa041befebc9161a3e0c6180cd94fa89,cex,-831.78626258
2025-06-28,0x3cc936b795a188f0e246cbb2d74c5bd190aecf18,cex,199614.53088442
2025-06-28,0x52c77b0cb827afbad022e6d6caf2c44452edbc39,lp,-338264.35095797
2025-06-28,0x73d8bd54f7cf5fab43fe4ef40a62d390644946db,cex,-3052.72569882
2025-06-28,0x91dca37856240e5e1906222ec79278b16420dc92,cex,-50683
2025-06-28,0x9642b23ed1e01df1092b92641051881a322f5d4e,cex,-142490.82104208
2025-06-28,0x9b0c45d46d386cedd98873168c36efd0dcba8d46,cex,-126476
2025-06-28,0xa023f08c70a23abc7edfc5b6b5e171d78dfc947e,cex,11111
2025-06-28,0xab782bc7d4a2b306825de5a7730034f8f63ee1bc,cex,164809.81892568
2025-06-28,0xb0a3a2b60e969afd26561429aa4c1444c57e4411,cex,-130000
2025-06-28,0xe8c15aad9d4cd3f59c9dfa18828b91a8b2c49596,cex,490000
2025-06-29,0x0529ea5885702715e83923c59746ae8734c553b7,cex,33450.2686
2025-06-29,0x0d0707963952f2fba59dd06f2b425ace40b492fe,cex,-372448.10321011
2025-06-29,0x33a64dcdfa041befebc9161a3e0c6180cd94fa89,cex,-910.51141659
2025-06-29,0x3cc936b795a188f0e246cbb2d74c5bd190aecf18,cex,42471.12504182
2025-06-29,0x52c77b0cb827afbad022e6d6caf2c44452edbc39,lp,-89302.36987095
2025-06-29,0x73d8bd54f7cf5fab43fe4ef40a62d390644946db,cex,-40.10480599
2025-06-29,0x91dca37856240e5e1906222ec79278b16420dc92,cex,12996.85911956
2025-06-29,0x9642b23ed1e01df1092b92641051881a322f5d4e,cex,-39307.86
2025-06-29,0x9b0c45d46d386cedd98873168c36efd0dcba8d46,cex,-79144.2
2025-06-29,0xa023f08c70a23abc7edfc5b6b5e171d78dfc947e,cex,253.38291271
2025-06-29,0xab782bc7d4a2b306825de5a7730034f8f63ee1bc,cex,-67815
2025-06-29,0xdd276dc5223d0120f9bf1776f38957cc8da23cb0,cex,17344.92740396
2025-06-30,0x0d0707963952f2fba59dd06f2b425ace40b492fe,cex,117212.52434172
2025-06-30,0x33a64dcdfa041befebc9161a3e0c6180cd94fa89,cex,-4
2025-06-30,0x377b8ce04761754e8ac153b47805a9cf6b190873,cex,99999.255
2025-06-30,0x3cc936b795a188f0e246cbb2d74c5bd190aecf18,cex,19780.51547609
2025-06-30,0x52c77b0cb827afbad022e6d6caf2c44452edbc39,lp,374576.3430793
2025-06-30,0x73d8bd54f7cf5fab43fe4ef40a62d390644946db,cex,-3587.3122262
2025-06-30,0x91dca37856240e5e1906222ec79278b16420dc92,cex,-13048.44440096
2025-06-30,0x9642b23ed1e01df1092b92641051881a322f5d4e,cex,-236128.71978147
2025-06-30,0x9b0c45d46d386cedd98873168c36efd0dcba8d46,cex,1118428.77
2025-06-30,0xa023f08c70a23abc7edfc5b6b5e171d78dfc947e,cex,1114.68428714
2025-06-30,0xab782bc7d4a2b306825de5a7730034f8f63ee1bc,cex,-18993.02763095
2025-06-30,0xcffad3200574698b78f32232aa9d63eabd290703,cex,43651.415
2025-06-30,0xdd276dc5223d0120f9bf1776f38957cc8da23cb0,cex,16210.97259604
2025-07-01,0x0d0707963952f2fba59dd06f2b425ace40b492fe,cex,304422.78247
2025-07-01,0x33a64dcdfa041befebc9161a3e0c6180cd94fa89,cex,-616.46857543
2025-07-01,0x3cc936b795a188f0e246cbb2d74c5bd190aecf18,cex,58569.10810029
2025-07-01,0x52c77b0cb827afbad022e6d6caf2c44452edbc39,lp,226080.52325256
2025-07-01,0x548054687ef6c56c6d82e8269e5fd93d8b88fcb2,cex,91925.23350734
2025-07-01,0x73d8bd54f7cf5fab43fe4ef40a62d390644946db,cex,51234.04414565
2025-07-01,0x91dca37856240e5e1906222ec79278b16420dc92,cex,53714.9078946
2025-07-01,0x9642b23ed1e01df1092b92641051881a322f5d4e,cex,-130034.4192663
2025-07-01,0x9b0c45d46d386cedd98873168c36efd0dcba8d46,cex,218805.861
2025-07-01,0xa023f08c70a23abc7edfc5b6b5e171d78dfc947e,cex,2653.95243703
2025-07-01,0xab782bc7d4a2b306825de5a7730034f8f63ee1bc,cex,407064.22039111
2025-07-01,0xcffad3200574698b78f32232aa9d63eabd290703,cex,60824.65457497
2025-07-02,0x0d0707963952f2fba59dd06f2b425ace40b492fe,cex,37634.476718
2025-07-02,0x33a64dcdfa041befebc9161a3e0c6180cd94fa89,cex,-3548.21950611
2025-07-02,0x3cc936b795a188f0e246cbb2d74c5bd190aecf18,cex,-1356341.75926253
2025-07-02,0x52c77b0cb827afbad022e6d6caf2c44452edbc39,lp,-199505.08865264
2025-07-02,0x73d8bd54f7cf5fab43fe4ef40a62d390644946db,cex,-6815.1597121
2025-07-02,0x91dca37856240e5e1906222ec79278b16420dc92,cex,-1991.56129386
2025-07-02,0x9642b23ed1e01df1092b92641051881a322f5d4e,cex,1505750.26
2025-07-02,0x9b0c45d46d386cedd98873168c36efd0dcba8d46,cex,-22314.12
2025-07-02,0xa023f08c70a23abc7edfc5b6b5e171d78dfc947e,cex,2605
2025-07-02,0xab782bc7d4a2b306825de5a7730034f8f63ee1bc,cex,-471514.44904889
2025-07-02,0xb0a3a2b60e969afd26561429aa4c1444c57e4411,cex,268479.92
2025-07-02,0xcffad3200574698b78f32232aa9d63eabd290703,cex,40011.952
2025-07-03,0x0529ea5885702715e83923c59746ae8734c553b7,cex,15431.732511
2025-07-03,0x0d0707963952f2fba59dd06f2b425ace40b492fe,cex,-44802.01621463
2025-07-03,0x33a64dcdfa041befebc9161a3e0c6180cd94fa89,cex,-462.70106638
2025-07-03,0x3cc936b795a188f0e246cbb2d74c5bd190aecf18,cex,32943.29575609
2025-07-03,0x52c77b0cb827afbad022e6d6caf2c44452edbc39,lp,-88611.81020712
2025-07-03,0x73d8bd54f7cf5fab43fe4ef40a62d390644946db,cex,-11518.82574681
2025-07-03,0x9642b23ed1e01df1092b92641051881a322f5d4e,cex,-229302.32040321
2025-07-03,0x9b0c45d46d386cedd98873168c36efd0dcba8d46,cex,-114463.3
2025-07-03,0xa023f08c70a23abc7edfc5b6b5e171d78dfc947e,cex,73451.3502331
2025-07-03,0xab782bc7d4a2b306825de5a7730034f8f63ee1bc,cex,147639.65345901
2025-07-03,0xb0a3a2b60e969afd26561429aa4c1444c57e4411,cex,-200000
2025-07-03,0xcffad3200574698b78f32232aa9d63eabd290703,cex,-72436.562
2025-07-03,0xdd276dc5223d0120f9bf1776f38957cc8da23cb0,cex,-410000
2025-07-03,0xe8c15aad9d4cd3f59c9dfa18828b91a8b2c49596,cex,-500000
2025-07-04,0x0d0707963952f2fba59dd06f2b425ace40b492fe,cex,-202627.07322706
2025-07-04,0x3cc936b795a188f0e246cbb2d74c5bd190aecf18,cex,322631.76351061
2025-07-04,0x52c77b0cb827afbad022e6d6caf2c44452edbc39,lp,76282.58475587
2025-07-04,0x651641299c7ec0aa44ad7ed9b7e12702fed2022f,cex,1
2025-07-04,0x73d8bd54f7cf5fab43fe4ef40a62d390644946db,cex,-2739.3119171
2025-07-04,0x91dca37856240e5e1906222ec79278b16420dc92,cex,-29925
2025-07-04,0x9642b23ed1e01df1092b92641051881a322f5d4e,cex,-58771.11
2025-07-04,0x9b0c45d46d386cedd98873168c36efd0dcba8d46,cex,141355.552
2025-07-04,0xa023f08c70a23abc7edfc5b6b5e171d78dfc947e,cex,652.72826173
2025-07-04,0xab782bc7d4a2b306825de5a7730034f8f63ee1bc,cex,32867.20428743
2025-07-04,0xcffad3200574698b78f32232aa9d63eabd290703,cex,3276
2025-07-04,0xe8c15aad9d4cd3f59c9dfa18828b91a8b2c49596,cex,19816.61572568
2025-07-05,0x0d0707963952f2fba59dd06f2b425ace40b492fe,cex,749796.60171705
2025-07-05,0x33a64dcdfa041befebc9161a3e0c6180cd94fa89,cex,-460.20313683
2025-07-05,0x3cc936b795a188f0e246cbb2d74c5bd190aecf18,cex,29418.93666387
2025-07-05,0x52c77b0cb827afbad022e6d6caf2c44452edbc39,lp,-50641.86660105
2025-07-05,0x73d8bd54f7cf5fab43fe4ef40a62d390644946db,cex,-2888.0749272
2025-07-05,0x91dca37856240e5e1906222ec79278b16420dc92,cex,35139.20297693
2025-07-05,0x9642b23ed1e01df1092b92641051881a322f5d4e,cex,-22361.67666922
2025-07-05,0x9b0c45d46d386cedd98873168c36efd0dcba8d46,cex,-18038.202
2025-07-05,0xab782bc7d4a2b306825de5a7730034f8f63ee1bc,cex,2800.63917746
2025-07-05,0xc882b111a75c0c657fc507c04fbfcd2cc984f071,cex,-816126.66285807
2025-07-05,0xe8c15aad9d4cd3f59c9dfa18828b91a8b2c49596,cex,79557.12047851
2025-07-06,0x0d0707963952f2fba59dd06f2b425ace40b492fe,cex,-119728.95728486
2025-07-06,0x33a64dcdfa041befebc9161a3e0c6180cd94fa89,cex,-547.87656764
2025-07-06,0x3cc936b795a188f0e246cbb2d74c5bd190aecf18,cex,56514.43669099
2025-07-06,0x52c77b0cb827afbad022e6d6caf2c44452edbc39,lp,-121314.36197555
2025-07-06,0x73d8bd54f7cf5fab43fe4ef40a62d390644946db,cex,-13622.94337561
2025-07-06,0x9642b23ed1e01df1092b92641051881a322f5d4e,cex,-80004.74888952
2025-07-06,0x9b0c45d46d386cedd98873168c36efd0dcba8d46,cex,-62401.609
2025-07-06,0xa023f08c70a23abc7edfc5b6b5e171d78dfc947e,cex,75.01728748
2025-07-06,0xab782bc7d4a2b306825de5a7730034f8f63ee1bc,cex,-89467.99081183
2025-07-06,0xe8c15aad9d4cd3f59c9dfa18828b91a8b2c49596,cex,62437.4804146
2025-07-07,0x0d0707963952f2fba59dd06f2b425ace40b492fe,cex,152162.24389233
2025-07-07,0x33a64dcdfa041befebc9161a3e0c6180cd94fa89,cex,-6299.60843002
2025-07-07,0x3cc936b795a188f0e246cbb2d74c5bd190aecf18,cex,12552.5076258
2025-07-07,0x52c77b0cb827afbad022e6d6caf2c44452edbc39,lp,83894.97582891
2025-07-07,0x548054687ef6c56c6d82e8269e5fd93d8b88fcb2,cex,35816.97581428
2025-07-07,0x73d8bd54f7cf5fab43fe4ef40a62d390644946db,cex,2519.47670873
2025-07-07,0x91dca37856240e5e1906222ec79278b16420dc92,cex,-64744
2025-07-07,0x9642b23ed1e01df1092b92641051881a322f5d4e,cex,-38697.66711803
2025-07-07,0x9b0c45d46d386cedd98873168c36efd0dcba8d46,cex,-119973.7
2025-07-07,0xab782bc7d4a2b306825de5a7730034f8f63ee1bc,cex,105347.7417102
2025-07-07,0xb0a3a2b60e969afd26561429aa4c1444c57e4411,cex,-200000
2025-07-07,0xcffad3200574698b78f32232aa9d63eabd290703,cex,-9798.93288197
2025-07-08,0x0d0707963952f2fba59dd06f2b425ace40b492fe,cex,49595.42299914
2025-07-08,0x3cc936b795a188f0e246cbb2d74c5bd190aecf18,cex,2087583.99580746
2025-07-08,0x52c77b0cb827afbad022e6d6caf2c44452edbc39,lp,-193604.19231568
2025-07-08,0x73d8bd54f7cf5fab43fe4ef40a62d390644946db,cex,2139.51354288
2025-07-08,0x91dca37856240e5e1906222ec79278b16420dc92,cex,-31301
2025-07-08,0x9642b23ed1e01df1092b92641051881a322f5d4e,cex,-107704.28617197
2025-07-08,0x9b0c45d46d386cedd98873168c36efd0dcba8d46,cex,7350.803
2025-07-08,0xa023f08c70a23abc7edfc5b6b5e171d78dfc947e,cex,235.10994
2025-07-08,0xab782bc7d4a2b306825de5a7730034f8f63ee1bc,cex,-78721.70617477
2025-07-08,0xcffad3200574698b78f32232aa9d63eabd290703,cex,1196.73753219
2025-07-09,0x0d0707963952f2fba59dd06f2b425ace40b492fe,cex,88194.95035252
2025-07-09,0x33a64dcdfa041befebc9161a3e0c6180cd94fa89,cex,-21.48741074
2025-07-09,0x3cc936b795a188f0e246cbb2d74c5bd190aecf18,cex,25734.18856136
2025-07-09,0x52c77b0cb827afbad022e6d6caf2c44452edbc39,lp,-100654.60876431
2025-07-09,0x548054687ef6c56c6d82e8269e5fd93d8b88fcb2,cex,-60000
2025-07-09,0x73d8bd54f7cf5fab43fe4ef40a62d390644946db,cex,-15307.57176219
2025-07-09,0x91dca37856240e5e1906222ec79278b16420dc92,cex,-29979.56866764
2025-07-09,0x9642b23ed1e01df1092b92641051881a322f5d4e,cex,-705003.61427725
2025-07-09,0x9b0c45d46d386cedd98873168c36efd0dcba8d46,cex,-224450.091
2025-07-09,0xa023f08c70a23abc7edfc5b6b5e171d78dfc947e,cex,1130.9270678
2025-07-09,0xab782bc7d4a2b306825de5a7730034f8f63ee1bc,cex,-73765.37394952
2025-07-09,0xb0a3a2b60e969afd26561429aa4c1444c57e4411,cex,-130000
2025-07-09,0xcffad3200574698b78f32232aa9d63eabd290703,cex,3267.61432735
2025-07-09,0xdd276dc5223d0120f9bf1776f38957cc8da23cb0,cex,398607.22019158
2025-07-09,0xe8c15aad9d4cd3f59c9dfa18828b91a8b2c49596,cex,95683.42128678
2025-07-10,0x0d0707963952f2fba59dd06f2b425ace40b492fe,cex,-132055.5812619
2025-07-10,0x33a64dcdfa041befebc9161a3e0c6180cd94fa89,cex,945.51153869
2025-07-10,0x3cc936b795a188f0e246cbb2d74c5bd190aecf18,cex,264105.49537682
2025-07-10,0x52c77b0cb827afbad022e6d6caf2c44452edbc39,lp,520.80359814
2025-07-10,0x651641299c7ec0aa44ad7ed9b7e12702fed2022f,cex,23728285.7284434
2025-07-10,0x73d8bd54f7cf5fab43fe4ef40a62d390644946db,cex,12559.8921062
2025-07-10,0x91dca37856240e5e1906222ec79278b16420dc92,cex,-29809
2025-07-10,0x9642b23ed1e01df1092b92641051881a322f5d4e,cex,-1747255.44778485
2025-07-10,0xab782bc7d4a2b306825de5a7730034f8f63ee1bc,cex,32478.03237703
2025-07-10,0xb0a3a2b60e969afd26561429aa4c1444c57e4411,cex,-200000
2025-07-10,0xcffad3200574698b78f32232aa9d63eabd290703,cex,125562.57485633
2025-07-10,0xdd276dc5223d0120f9bf1776f38957cc8da23cb0,cex,26651.14708072
2025-07-10,0xe8c15aad9d4cd3f59c9dfa18828b91a8b2c49596,cex,24111.15
2025-07-10,0xf35a6bd6e0459a4b53a27862c51a2a7292b383d1,cex,100000
2025-07-11,0x0d0707963952f2fba59dd06f2b425ace40b492fe,cex,-712693.48837856
2025-07-11,0x33a64dcdfa041befebc9161a3e0c6180cd94fa89,cex,-455
2025-07-11,0x377b8ce04761754e8ac153b47805a9cf6b190873,cex,-40234.74806383
2025-07-11,0x3cc936b795a188f0e246cbb2d74c5bd190aecf18,cex,-1429564.9307513
2025-07-11,0x52c77b0cb827afbad022e6d6caf2c44452edbc39,lp,-36351.88013391
2025-07-11,0x548054687ef6c56c6d82e8269e5fd93d8b88fcb2,cex,-40000
2025-07-11,0x651641299c7ec0aa44ad7ed9b7e12702fed2022f,cex,1568740.43711053
2025-07-11,0x73d8bd54f7cf5fab43fe4ef40a62d390644946db,cex,-61582.49448051
2025-07-11,0x9642b23ed1e01df1092b92641051881a322f5d4e,cex,1310774.69970367
2025-07-11,0x9b0c45d46d386cedd98873168c36efd0dcba8d46,cex,-26111.5
2025-07-11,0xa023f08c70a23abc7edfc5b6b5e171d78dfc947e,cex,82.1144
2025-07-11,0xab782bc7d4a2b306825de5a7730034f8f63ee1bc,cex,-107298.30487583
2025-07-11,0xb0a3a2b60e969afd26561429aa4c1444c57e4411,cex,-200000
2025-07-11,0xc882b111a75c0c657fc507c04fbfcd2cc984f071,cex,737024.69696106
2025-07-11,0xcffad3200574698b78f32232aa9d63eabd290703,cex,8622.078
2025-07-12,0x0d0707963952f2fba59dd06f2b425ace40b492fe,cex,14466.91
2025-07-12,0x33a64dcdfa041befebc9161a3e0c6180cd94fa89,cex,-304.70847098
2025-07-12,0x3cc936b795a188f0e246cbb2d74c5bd190aecf18,cex,1087330.60129786
2025-07-12,0x52c77b0cb827afbad022e6d6caf2c44452edbc39,lp,188595.56459745
2025-07-12,0x651641299c7ec0aa44ad7ed9b7e12702fed2022f,cex,1483223.24421592
2025-07-12,0x73d8bd54f7cf5fab43fe4ef40a62d390644946db,cex,-6241.33748208
2025-07-12,0x91dca37856240e5e1906222ec79278b16420dc92,cex,-10224
2025-07-12,0x9642b23ed1e01df1092b92641051881a322f5d4e,cex,-426136.44
2025-07-12,0x9b0c45d46d386cedd98873168c36efd0dcba8d46,cex,-406902.5
2025-07-12,0xa023f08c70a23abc7edfc5b6b5e171d78dfc947e,cex,4347.3754369
2025-07-12,0xab782bc7d4a2b306825de5a7730034f8f63ee1bc,cex,134525.49329891
2025-07-12,0xb0a3a2b60e969afd26561429aa4c1444c57e4411,cex,-200000
2025-07-12,0xcffad3200574698b78f32232aa9d63eabd290703,cex,-9638
2025-07-12,0xdd276dc5223d0120f9bf1776f38957cc8da23cb0,cex,18979.4727277
2025-07-13,0x0d0707963952f2fba59dd06f2b425ace40b492fe,cex,64753.30836557
2025-07-13,0x33a64dcdfa041befebc9161a3e0c6180cd94fa89,cex,-1687.90029613
2025-07-13,0x3cc936b795a188f0e246cbb2d74c5bd190aecf18,cex,55167.5265979
2025-07-13,0x52c77b0cb827afbad022e6d6caf2c44452edbc39,lp,-8252.43476265
2025-07-13,0x548054687ef6c56c6d82e8269e5fd93d8b88fcb2,cex,126872.83147314
2025-07-13,0x651641299c7ec0aa44ad7ed9b7e12702fed2022f,cex,290124.26531806
2025-07-13,0x73d8bd54f7cf5fab43fe4ef40a62d390644946db,cex,62177.67371558
2025-07-13,0x91dca37856240e5e1906222ec79278b16420dc92,cex,35742.10487132
2025-07-13,0x9642b23ed1e01df1092b92641051881a322f5d4e,cex,-360031.84223157
2025-07-13,0x9b0c45d46d386cedd98873168c36efd0dcba8d46,cex,49663.964
2025-07-13,0xa023f08c70a23abc7edfc5b6b5e171d78dfc947e,cex,5490.16545678
2025-07-13,0xab782bc7d4a2b306825de5a7730034f8f63ee1bc,cex,-115716.3659655
2025-07-13,0xcffad3200574698b78f32232aa9d63eabd290703,cex,11788.85484635
2025-07-14,0x0d0707963952f2fba59dd06f2b425ace40b492fe,cex,-278178.16459032
2025-07-14,0x33a64dcdfa041befebc9161a3e0c6180cd94fa89,cex,99.17318133
2025-07-14,0x3cc936b795a188f0e246cbb2d74c5bd190aecf18,cex,1001933.362
2025-07-14,0x52c77b0cb827afbad022e6d6caf2c44452edbc39,lp,154688.54670826
2025-07-14,0x651641299c7ec0aa44ad7ed9b7e12702fed2022f,cex,1330963.60441589
2025-07-14,0x73d8bd54f7cf5fab43fe4ef40a62d390644946db,cex,-42510.65393148
2025-07-14,0x9642b23ed1e01df1092b92641051881a322f5d4e,cex,-840584.54936297
2025-07-14,0x9b0c45d46d386cedd98873168c36efd0dcba8d46,cex,-73330.831
2025-07-14,0xa023f08c70a23abc7edfc5b6b5e171d78dfc947e,cex,696.70442134
2025-07-14,0xab782bc7d4a2b306825de5a7730034f8f63ee1bc,cex,192481.33668844
2025-07-14,0xb0a3a2b60e969afd26561429aa4c1444c57e4411,cex,-140000
2025-07-14,0xcffad3200574698b78f32232aa9d63eabd290703,cex,69306.715
2025-07-15,0x0d0707963952f2fba59dd06f2b425ace40b492fe,cex,50100.34594719
2025-07-15,0x33a64dcdfa041befebc9161a3e0c6180cd94fa89,cex,-4102.18027798
2025-07-15,0x52c77b0cb827afbad022e6d6caf2c44452edbc39,lp,-65424.52231763
2025-07-15,0x651641299c7ec0aa44ad7ed9b7e12702fed2022f,cex,1568102.73663314
2025-07-15,0x73d8bd54f7cf5fab43fe4ef40a62d390644946db,cex,51008.24000197
2025-07-15,0x9642b23ed1e01df1092b92641051881a322f5d4e,cex,-187806.84719025
2025-07-15,0x9b0c45d46d386cedd98873168c36efd0dcba8d46,cex,33511.735
2025-07-15,0xa023f08c70a23abc7edfc5b6b5e171d78dfc947e,cex,307.15484247
2025-07-15,0xab782bc7d4a2b306825de5a7730034f8f63ee1bc,cex,42904.037
2025-07-15,0xcffad3200574698b78f32232aa9d63eabd290703,cex,16722.72972753
2025-07-15,0xdd276dc5223d0120f9bf1776f38957cc8da23cb0,cex,-450000
2025-07-16,0x0d0707963952f2fba59dd06f2b425ace40b492fe,cex,261800.93002931
2025-07-16,0x33a64dcdfa041befebc9161a3e0c6180cd94fa89,cex,10997.28069208
2025-07-16,0x3cc936b795a188f0e246cbb2d74c5bd190aecf18,cex,-681397.49221811
2025-07-16,0x52c77b0cb827afbad022e6d6caf2c44452edbc39,lp,-143720.08151504
2025-07-16,0x548054687ef6c56c6d82e8269e5fd93d8b88fcb2,cex,-260000
2025-07-16,0x651641299c7ec0aa44ad7ed9b7e12702fed2022f,cex,4785117.08237433
2025-07-16,0x73d8bd54f7cf5fab43fe4ef40a62d390644946db,cex,31511.4306717
2025-07-16,0x91dca37856240e5e1906222ec79278b16420dc92,cex,-59104.47341832
2025-07-16,0x9642b23ed1e01df1092b92641051881a322f5d4e,cex,397151.97674547
2025-07-16,0x9b0c45d46d386cedd98873168c36efd0dcba8d46,cex,-156611.012
2025-07-16,0xa023f08c70a23abc7edfc5b6b5e171d78dfc947e,cex,1000
2025-07-16,0xab782bc7d4a2b306825de5a7730034f8f63ee1bc,cex,-359228.76915911
2025-07-16,0xb0a3a2b60e969afd26561429aa4c1444c57e4411,cex,-300000
2025-07-16,0xcffad3200574698b78f32232aa9d63eabd290703,cex,-5432.70254392
2025-07-16,0xe8c15aad9d4cd3f59c9dfa18828b91a8b2c49596,cex,-70000
2025-07-16,0xf35a6bd6e0459a4b53a27862c51a2a7292b383d1,cex,136000
2025-07-17,0x0d0707963952f2fba59dd06f2b425ace40b492fe,cex,-309608.63158336
2025-07-17,0x33a64dcdfa041befebc9161a3e0c6180cd94fa89,cex,1867.19312914
2025-07-17,0x3cc936b795a188f0e246cbb2d74c5bd190aecf18,cex,-971268.09631322
2025-07-17,0x52c77b0cb827afbad022e6d6caf2c44452edbc39,lp,123608.60109265
2025-07-17,0x548054687ef6c56c6d82e8269e5fd93d8b88fcb2,cex,86094.92211379
2025-07-17,0x651641299c7ec0aa44ad7ed9b7e12702fed2022f,cex,2783723.88404032
2025-07-17,0x73d8bd54f7cf5fab43fe4ef40a62d390644946db,cex,319.3498723
2025-07-17,0x91dca37856240e5e1906222ec79278b16420dc92,cex,79.011
2025-07-17,0x9642b23ed1e01df1092b92641051881a322f5d4e,cex,1039179.04726228
2025-07-17,0xa023f08c70a23abc7edfc5b6b5e171d78dfc947e,cex,3062.52933972
2025-07-17,0xab782bc7d4a2b306825de5a7730034f8f63ee1bc,cex,135027.45929487
2025-07-17,0xb0a3a2b60e969afd26561429aa4c1444c57e4411,cex,-133693.89
2025-07-17,0xcffad3200574698b78f32232aa9d63eabd290703,cex,40209.75
2025-07-17,0xe8c15aad9d4cd3f59c9dfa18828b91a8b2c49596,cex,-100000
2025-07-18,0x0d0707963952f2fba59dd06f2b425ace40b492fe,cex,440426.67607199
2025-07-18,0x33a64dcdfa041befebc9161a3e0c6180cd94fa89,cex,641.09767135
2025-07-18,0x3cc936b795a188f0e246cbb2d74c5bd190aecf18,cex,26074.49183117
2025-07-18,0x52c77b0cb827afbad022e6d6caf2c44452edbc39,lp,136046.70888037
2025-07-18,0x651641299c7ec0aa44ad7ed9b7e12702fed2022f,cex,3207880.40180019
2025-07-18,0x73d8bd54f7cf5fab43fe4ef40a62d390644946db,cex,48623.11437098
2025-07-18,0x91dca37856240e5e1906222ec79278b16420dc92,cex,-33472.20050024
2025-07-18,0x9642b23ed1e01df1092b92641051881a322f5d4e,cex,-143195.81
2025-07-18,0x9b0c45d46d386cedd98873168c36efd0dcba8d46,cex,157641.834
2025-07-18,0xab782bc7d4a2b306825de5a7730034f8f63ee1bc,cex,104776.08076549
2025-07-18,0xcffad3200574698b78f32232aa9d63eabd290703,cex,456.13
2025-07-18,0xe8c15aad9d4cd3f59c9dfa18828b91a8b2c49596,cex,900000
2025-07-18,0xf35a6bd6e0459a4b53a27862c51a2a7292b383d1,cex,284455.04
2025-07-19,0x0d0707963952f2fba59dd06f2b425ace40b492fe,cex,-55487.95015774
2025-07-19,0x33a64dcdfa041befebc9161a3e0c6180cd94fa89,cex,31.6517035
2025-07-19,0x3cc936b795a188f0e246cbb2d74c5bd190aecf18,cex,82597.40574326
2025-07-19,0x52c77b0cb827afbad022e6d6caf2c44452edbc39,lp,-57527.47692083
2025-07-19,0x651641299c7ec0aa44ad7ed9b7e12702fed2022f,cex,3817829.33355156
2025-07-19,0x73d8bd54f7cf5fab43fe4ef40a62d390644946db,cex,-16142.45544397
2025-07-19,0x9642b23ed1e01df1092b92641051881a322f5d4e,cex,-68931.7565029
2025-07-19,0x9b0c45d46d386cedd98873168c36efd0dcba8d46,cex,16133.973
2025-07-19,0xab782bc7d4a2b306825de5a7730034f8f63ee1bc,cex,402.1048421
2025-07-19,0xcffad3200574698b78f32232aa9d63eabd290703,cex,1266.62887624
2025-07-19,0xdd276dc5223d0120f9bf1776f38957cc8da23cb0,cex,100000
2025-07-19,0xe8c15aad9d4cd3f59c9dfa18828b91a8b2c49596,cex,56500
2025-07-20,0x0d0707963952f2fba59dd06f2b425ace40b492fe,cex,76712.18347885
2025-07-20,0x33a64dcdfa041befebc9161a3e0c6180cd94fa89,cex,-30460.23972831
2025-07-20,0x3cc936b795a188f0e246cbb2d74c5bd190aecf18,cex,40784.16721696
2025-07-20,0x52c77b0cb827afbad022e6d6caf2c44452edbc39,lp,32192.23521126
2025-07-20,0x548054687ef6c56c6d82e8269e5fd93d8b88fcb2,cex,-35000
2025-07-20,0x651641299c7ec0aa44ad7ed9b7e12702fed2022f,cex,52441.81667249
2025-07-20,0x73d8bd54f7cf5fab43fe4ef40a62d390644946db,cex,16386.70422115
2025-07-20,0x9642b23ed1e01df1092b92641051881a322f5d4e,cex,-71115.38778882
2025-07-20,0x9b0c45d46d386cedd98873168c36efd0dcba8d46,cex,44139.22
2025-07-20,0xa023f08c70a23abc7edfc5b6b5e171d78dfc947e,cex,901.25896916
2025-07-20,0xab782bc7d4a2b306825de5a7730034f8f63ee1bc,cex,-91408.37133186
2025-07-20,0xcffad3200574698b78f32232aa9d63eabd290703,cex,2890.41174062
2025-07-21,0x0d0707963952f2fba59dd06f2b425ace40b492fe,cex,736713.39286054
2025-07-21,0x33a64dcdfa041befebc9161a3e0c6180cd94fa89,cex,2075.83569723
2025-07-21,0x3cc936b795a188f0e246cbb2d74c5bd190aecf18,cex,103154.56391935
2025-07-21,0x52c77b0cb827afbad022e6d6caf2c44452edbc39,lp,-80783.3936088
2025-07-21,0x651641299c7ec0aa44ad7ed9b7e12702fed2022f,cex,-1214826.05969846
2025-07-21,0x73d8bd54f7cf5fab43fe4ef40a62d390644946db,cex,-10671.42978802
2025-07-21,0x91dca37856240e5e1906222ec79278b16420dc92,cex,39418.75403737
2025-07-21,0x9642b23ed1e01df1092b92641051881a322f5d4e,cex,-50502.47740654
2025-07-21,0x9b0c45d46d386cedd98873168c36efd0dcba8d46,cex,-275071.325
2025-07-21,0xab782bc7d4a2b306825de5a7730034f8f63ee1bc,cex,97434.15429692
2025-07-21,0xcffad3200574698b78f32232aa9d63eabd290703,cex,4933.966
2025-07-22,0x0d0707963952f2fba59dd06f2b425ace40b492fe,cex,-1040132.56712519
2025-07-22,0x33a64dcdfa041befebc9161a3e0c6180cd94fa89,cex,1496
2025-07-22,0x3cc936b795a188f0e246cbb2d74c5bd190aecf18,cex,131388.09635009
2025-07-22,0x52c77b0cb827afbad022e6d6caf2c44452edbc39,lp,-120436.03337356
2025-07-22,0x651641299c7ec0aa44ad7ed9b7e12702fed2022f,cex,3727976.07723668
2025-07-22,0x73d8bd54f7cf5fab43fe4ef40a62d390644946db,cex,7098.25532101
2025-07-22,0x91dca37856240e5e1906222ec79278b16420dc92,cex,80210.04828333
2025-07-22,0x9642b23ed1e01df1092b92641051881a322f5d4e,cex,-66596.92160557
2025-07-22,0x9b0c45d46d386cedd98873168c36efd0dcba8d46,cex,229211.225
2025-07-22,0xa023f08c70a23abc7edfc5b6b5e171d78dfc947e,cex,1037.68116328
2025-07-22,0xab782bc7d4a2b306825de5a7730034f8f63ee1bc,cex,80530.95562474
2025-07-22,0xc882b111a75c0c657fc507c04fbfcd2cc984f071,cex,747708.32267419
2025-07-22,0xcffad3200574698b78f32232aa9d63eabd290703,cex,209668.219
2025-07-22,0xe8c15aad9d4cd3f59c9dfa18828b91a8b2c49596,cex,100000
2025-07-23,0x0d0707963952f2fba59dd06f2b425ace40b492fe,cex,582305.70594973
2025-07-23,0x33a64dcdfa041befebc9161a3e0c6180cd94fa89,cex,3747.532305
2025-07-23,0x3cc936b795a188f0e246cbb2d74c5bd190aecf18,cex,106955.18414944
2025-07-23,0x52c77b0cb827afbad022e6d6caf2c44452edbc39,lp,138151.84024561
2025-07-23,0x548054687ef6c56c6d82e8269e5fd93d8b88fcb2,cex,-30000
2025-07-23,0x651641299c7ec0aa44ad7ed9b7e12702fed2022f,cex,1765144.32528506
2025-07-23,0x73d8bd54f7cf5fab43fe4ef40a62d390644946db,cex,8092.20978276
2025-07-23,0x91dca37856240e5e1906222ec79278b16420dc92,cex,-21517.66181108
2025-07-23,0x9642b23ed1e01df1092b92641051881a322f5d4e,cex,-256047.59
2025-07-23,0x9b0c45d46d386cedd98873168c36efd0dcba8d46,cex,268364.255
2025-07-23,0xab782bc7d4a2b306825de5a7730034f8f63ee1bc,cex,9684.89253518
2025-07-23,0xcffad3200574698b78f32232aa9d63eabd290703,cex,6100.487
2025-07-24,0x0d0707963952f2fba59dd06f2b425ace40b492fe,cex,-151022.26468295
2025-07-24,0x33a64dcdfa041befebc9161a3e0c6180cd94fa89,cex,-3489.38560627
2025-07-24,0x3cc936b795a188f0e246cbb2d74c5bd190aecf18,cex,-927167.52488295
2025-07-24,0x52c77b0cb827afbad022e6d6caf2c44452edbc39,lp,302267.27227822
2025-07-24,0x651641299c7ec0aa44ad7ed9b7e12702fed2022f,cex,-605813.19368657
2025-07-24,0x73d8bd54f7cf5fab43fe4ef40a62d390644946db,cex,40544.01754077
2025-07-24,0x91dca37856240e5e1906222ec79278b16420dc92,cex,11551.84950989
2025-07-24,0x9642b23ed1e01df1092b92641051881a322f5d4e,cex,884245.45
2025-07-24,0x9b0c45d46d386cedd98873168c36efd0dcba8d46,cex,86384.452
2025-07-24,0xab782bc7d4a2b306825de5a7730034f8f63ee1bc,cex,46229.03288283
2025-07-24,0xcffad3200574698b78f32232aa9d63eabd290703,cex,32302.39708241
2025-07-25,0x0d0707963952f2fba59dd06f2b425ace40b492fe,cex,188563.16789608
2025-07-25,0x33a64dcdfa041befebc9161a3e0c6180cd94fa89,cex,-2474.9509426
2025-07-25,0x3cc936b795a188f0e246cbb2d74c5bd190aecf18,cex,54870.00746776
2025-07-25,0x52c77b0cb827afbad022e6d6caf2c44452edbc39,lp,-346312.38631241
2025-07-25,0x651641299c7ec0aa44ad7ed9b7e12702fed2022f,cex,-744318.14471403
2025-07-25,0x73d8bd54f7cf5fab43fe4ef40a62d390644946db,cex,13984.67456397
2025-07-25,0x91dca37856240e5e1906222ec79278b16420dc92,cex,-4987.34755911
2025-07-25,0x9642b23ed1e01df1092b92641051881a322f5d4e,cex,-68540.40928363
2025-07-25,0x9b0c45d46d386cedd98873168c36efd0dcba8d46,cex,355515.318
2025-07-25,0xa023f08c70a23abc7edfc5b6b5e171d78dfc947e,cex,475.41863
2025-07-25,0xab782bc7d4a2b306825de5a7730034f8f63ee1bc,cex,-55393.71406025
2025-07-25,0xb0a3a2b60e969afd26561429aa4c1444c57e4411,cex,169134.08
2025-07-26,0x0d0707963952f2fba59dd06f2b425ace40b492fe,cex,-1418970.84660789
2025-07-26,0x33a64dcdfa041befebc9161a3e0c6180cd94fa89,cex,634.01983172
2025-07-26,0x3cc936b795a188f0e246cbb2d74c5bd190aecf18,cex,38194.81368069
2025-07-26,0x52c77b0cb827afbad022e6d6caf2c44452edbc39,lp,-28556.39492819
2025-07-26,0x548054687ef6c56c6d82e8269e5fd93d8b88fcb2,cex,-35000
2025-07-26,0x651641299c7ec0aa44ad7ed9b7e12702fed2022f,cex,-1002912.07087308
2025-07-26,0x73d8bd54f7cf5fab43fe4ef40a62d390644946db,cex,70.16823152
2025-07-26,0x91dca37856240e5e1906222ec79278b16420dc92,cex,-97421.90855526
2025-07-26,0x9642b23ed1e01df1092b92641051881a322f5d4e,cex,-61162.64488616
2025-07-26,0x9b0c45d46d386cedd98873168c36efd0dcba8d46,cex,-150654.6
2025-07-26,0xa023f08c70a23abc7edfc5b6b5e171d78dfc947e,cex,1703.38340727
2025-07-26,0xab782bc7d4a2b306825de5a7730034f8f63ee1bc,cex,-177338.616
2025-07-26,0xc882b111a75c0c657fc507c04fbfcd2cc984f071,cex,1319579.80607569
2025-07-26,0xe8c15aad9d4cd3f59c9dfa18828b91a8b2c49596,cex,-40000
2025-07-27,0x0d0707963952f2fba59dd06f2b425ace40b492fe,cex,519721.74047145
2025-07-27,0x33a64dcdfa041befebc9161a3e0c6180cd94fa89,cex,-120366.49565614
2025-07-27,0x3cc936b795a188f0e246cbb2d74c5bd190aecf18,cex,52956.38173794
2025-07-27,0x52c77b0cb827afbad022e6d6caf2c44452edbc39,lp,-173438.73045914
2025-07-27,0x651641299c7ec0aa44ad7ed9b7e12702fed2022f,cex,-267407.70377591
2025-07-27,0x73d8bd54f7cf5fab43fe4ef40a62d390644946db,cex,-1003.74526372
2025-07-27,0x91dca37856240e5e1906222ec79278b16420dc92,cex,-18745
2025-07-27,0x9642b23ed1e01df1092b92641051881a322f5d4e,cex,-41113.63
2025-07-27,0x9b0c45d46d386cedd98873168c36efd0dcba8d46,cex,-79120.2
2025-07-27,0xa023f08c70a23abc7edfc5b6b5e171d78dfc947e,cex,1082.736
2025-07-27,0xab782bc7d4a2b306825de5a7730034f8f63ee1bc,cex,26300.89930093
2025-07-27,0xb0a3a2b60e969afd26561429aa4c1444c57e4411,cex,-150000
2025-07-27,0xc882b111a75c0c657fc507c04fbfcd2cc984f071,cex,-499500.49950049
2025-07-27,0xcffad3200574698b78f32232aa9d63eabd290703,cex,14336.92
2025-07-27,0xf35a6bd6e0459a4b53a27862c51a2a7292b383d1,cex,120000
2025-07-28,0x0d0707963952f2fba59dd06f2b425ace40b492fe,cex,-100049.80548537
2025-07-28,0x33a64dcdfa041befebc9161a3e0c6180cd94fa89,cex,-5331.32979128
2025-07-28,0x377b8ce04761754e8ac153b47805a9cf6b190873,cex,-65000
2025-07-28,0x3cc936b795a188f0e246cbb2d74c5bd190aecf18,cex,63276.88484241
2025-07-28,0x52c77b0cb827afbad022e6d6caf2c44452edbc39,lp,-71848.85351752
2025-07-28,0x651641299c7ec0aa44ad7ed9b7e12702fed2022f,cex,-1039749.60337673
2025-07-28,0x73d8bd54f7cf5fab43fe4ef40a62d390644946db,cex,-32090.42904081
2025-07-28,0x91dca37856240e5e1906222ec79278b16420dc92,cex,-9022.55393242
2025-07-28,0x9642b23ed1e01df1092b92641051881a322f5d4e,cex,-293661.69714595
2025-07-28,0x9b0c45d46d386cedd98873168c36efd0dcba8d46,cex,-98527.396
2025-07-28,0xa023f08c70a23abc7edfc5b6b5e171d78dfc947e,cex,781.30841737
2025-07-28,0xab782bc7d4a2b306825de5a7730034f8f63ee1bc,cex,56513.66752577
2025-07-28,0xb0a3a2b60e969afd26561429aa4c1444c57e4411,cex,-220000
2025-07-28,0xcffad3200574698b78f32232aa9d63eabd290703,cex,64.19682091
2025-07-29,0x0d0707963952f2fba59dd06f2b425ace40b492fe,cex,-19302.4744062
2025-07-29,0x33a64dcdfa041befebc9161a3e0c6180cd94fa89,cex,-1141.51206854
2025-07-29,0x3cc936b795a188f0e246cbb2d74c5bd190aecf18,cex,108469.50244317
2025-07-29,0x52c77b0cb827afbad022e6d6caf2c44452edbc39,lp,228857.25870572
2025-07-29,0x651641299c7ec0aa44ad7ed9b7e12702fed2022f,cex,-835149.0951845
2025-07-29,0x73d8bd54f7cf5fab43fe4ef40a62d390644946db,cex,23808.22535763
2025-07-29,0x91dca37856240e5e1906222ec79278b16420dc92,cex,-19995.50790858
2025-07-29,0x9642b23ed1e01df1092b92641051881a322f5d4e,cex,-166723.89
2025-07-29,0x9b0c45d46d386cedd98873168c36efd0dcba8d46,cex,102602.292
2025-07-29,0xab782bc7d4a2b306825de5a7730034f8f63ee1bc,cex,44976.86078706
2025-07-29,0xcffad3200574698b78f32232aa9d63eabd290703,cex,955.86548081
2025-07-29,0xdd276dc5223d0120f9bf1776f38957cc8da23cb0,cex,175582.97878097
2025-07-29,0xe8c15aad9d4cd3f59c9dfa18828b91a8b2c49596,cex,300000
2025-07-30,0x0529ea5885702715e83923c59746ae8734c553b7,cex,31117.098924
2025-07-30,0x0d0707963952f2fba59dd06f2b425ace40b492fe,cex,75055.52478539
2025-07-30,0x33a64dcdfa041befebc9161a3e0c6180cd94fa89,cex,-228.07226446
2025-07-30,0x3cc936b795a188f0e246cbb2d74c5bd190aecf18,cex,35584.17984517
2025-07-30,0x52c77b0cb827afbad022e6d6caf2c44452edbc39,lp,365227.16375457
2025-07-30,0x651641299c7ec0aa44ad7ed9b7e12702fed2022f,cex,-1327957.80049029
2025-07-30,0x73d8bd54f7cf5fab43fe4ef40a62d390644946db,cex,66177.88663067
2025-07-30,0x91dca37856240e5e1906222ec79278b16420dc92,cex,40727.0768362
2025-07-30,0x9642b23ed1e01df1092b92641051881a322f5d4e,cex,-84568.50528977
2025-07-30,0x9b0c45d46d386cedd98873168c36efd0dcba8d46,cex,62872.093
2025-07-30,0xa023f08c70a23abc7edfc5b6b5e171d78dfc947e,cex,2557.16991777
2025-07-30,0xab782bc7d4a2b306825de5a7730034f8f63ee1bc,cex,58436.49263952
2025-07-30,0xb0a3a2b60e969afd26561429aa4c1444c57e4411,cex,156854.83
2025-07-30,0xcffad3200574698b78f32232aa9d63eabd290703,cex,1158.36
2025-07-30,0xdd276dc5223d0120f9bf1776f38957cc8da23cb0,cex,106238.5034907
2025-07-31,0x0d0707963952f2fba59dd06f2b425ace40b492fe,cex,-568369.69759666
2025-07-31,0x33a64dcdfa041befebc9161a3e0c6180cd94fa89,cex,-44581.6903423
2025-07-31,0x3cc936b795a188f0e246cbb2d74c5bd190aecf18,cex,82484.38
2025-07-31,0x52c77b0cb827afbad022e6d6caf2c44452edbc39,lp,307004.11583847
2025-07-31,0x651641299c7ec0aa44ad7ed9b7e12702fed2022f,cex,-1427639.27812386
2025-07-31,0x73d8bd54f7cf5fab43fe4ef40a62d390644946db,cex,-20791.81794955
2025-07-31,0x91dca37856240e5e1906222ec79278b16420dc92,cex,23358.77213276
2025-07-31,0x9642b23ed1e01df1092b92641051881a322f5d4e,cex,-68848.61872157
2025-07-31,0x9b0c45d46d386cedd98873168c36efd0dcba8d46,cex,291721.138
2025-07-31,0xa023f08c70a23abc7edfc5b6b5e171d78dfc947e,cex,463.38797813
2025-07-31,0xab782bc7d4a2b306825de5a7730034f8f63ee1bc,cex,196467.78044709
2025-07-31,0xdd276dc5223d0120f9bf1776f38957cc8da23cb0,cex,73658.65772833
2025-08-01,0x0529ea5885702715e83923c59746ae8734c553b7,cex,-24648.368027
2025-08-01,0x0d0707963952f2fba59dd06f2b425ace40b492fe,cex,1319024.54250835
2025-08-01,0x33a64dcdfa041befebc9161a3e0c6180cd94fa89,cex,1279.33024122
2025-08-01,0x3cc936b795a188f0e246cbb2d74c5bd190aecf18,cex,73810.68429935
2025-08-01,0x52c77b0cb827afbad022e6d6caf2c44452edbc39,lp,11028.31732009
2025-08-01,0x651641299c7ec0aa44ad7ed9b7e12702fed2022f,cex,-2287777.36447487
2025-08-01,0x73d8bd54f7cf5fab43fe4ef40a62d390644946db,cex,100162.23643663
2025-08-01,0x91dca37856240e5e1906222ec79278b16420dc92,cex,48251.63686097
2025-08-01,0x9642b23ed1e01df1092b92641051881a322f5d4e,cex,-119086.24739228
2025-08-01,0x9b0c45d46d386cedd98873168c36efd0dcba8d46,cex,364050.26
2025-08-01,0xab782bc7d4a2b306825de5a7730034f8f63ee1bc,cex,550051.42223153
2025-08-01,0xc882b111a75c0c657fc507c04fbfcd2cc984f071,cex,-913561.23159666
2025-08-01,0xcffad3200574698b78f32232aa9d63eabd290703,cex,-12197
2025-08-02,0x0d0707963952f2fba59dd06f2b425ace40b492fe,cex,137485.3008116
2025-08-02,0x33a64dcdfa041befebc9161a3e0c6180cd94fa89,cex,210.4662
2025-08-02,0x3cc936b795a188f0e246cbb2d74c5bd190aecf18,cex,18703.47905691
2025-08-02,0x52c77b0cb827afbad022e6d6caf2c44452edbc39,lp,23610.15808446
2025-08-02,0x651641299c7ec0aa44ad7ed9b7e12702fed2022f,cex,-312710.17779856
2025-08-02,0x73d8bd54f7cf5fab43fe4ef40a62d390644946db,cex,-44730.12385871
2025-08-02,0x91dca37856240e5e1906222ec79278b16420dc92,cex,30981.67614235
2025-08-02,0x9642b23ed1e01df1092b92641051881a322f5d4e,cex,-67721.43814
2025-08-02,0x9b0c45d46d386cedd98873168c36efd0dcba8d46,cex,17070.308
2025-08-02,0xab782bc7d4a2b306825de5a7730034f8f63ee1bc,cex,-294377.498223
2025-08-02,0xb0a3a2b60e969afd26561429aa4c1444c57e4411,cex,378376.41
2025-08-02,0xcffad3200574698b78f32232aa9d63eabd290703,cex,933.09658
2025-08-03,0x0d0707963952f2fba59dd06f2b425ace40b492fe,cex,-53148.81258434
2025-08-03,0x33a64dcdfa041befebc9161a3e0c6180cd94fa89,cex,-713.20701975
2025-08-03,0x3cc936b795a188f0e246cbb2d74c5bd190aecf18,cex,-816953.73396
2025-08-03,0x52c77b0cb827afbad022e6d6caf2c44452edbc39,lp,-187385.09402824
2025-08-03,0x651641299c7ec0aa44ad7ed9b7e12702fed2022f,cex,-752934.24774574
2025-08-03,0x73d8bd54f7cf5fab43fe4ef40a62d390644946db,cex,32165.62896968
2025-08-03,0x91dca37856240e5e1906222ec79278b16420dc92,cex,25039.72097082
2025-08-03,0x9642b23ed1e01df1092b92641051881a322f5d4e,cex,961014.56
2025-08-03,0x9b0c45d46d386cedd98873168c36efd0dcba8d46,cex,236503.11
2025-08-03,0xa023f08c70a23abc7edfc5b6b5e171d78dfc947e,cex,995.77
2025-08-03,0xab782bc7d4a2b306825de5a7730034f8f63ee1bc,cex,-100653.47256968
2025-08-03,0xb0a3a2b60e969afd26561429aa4c1444c57e4411,cex,179756.97
2025-08-03,0xcffad3200574698b78f32232aa9d63eabd290703,cex,1528.5036027
2025-08-03,0xdd276dc5223d0120f9bf1776f38957cc8da23cb0,cex,15860.58
2025-08-04,0x0d0707963952f2fba59dd06f2b425ace40b492fe,cex,1796.92813
2025-08-04,0x33a64dcdfa041befebc9161a3e0c6180cd94fa89,cex,516.6685819
2025-08-04,0x3cc936b795a188f0e246cbb2d74c5bd190aecf18,cex,41293.87387609
2025-08-04,0x52c77b0cb827afbad022e6d6caf2c44452edbc39,lp,-4395.64737957
2025-08-04,0x651641299c7ec0aa44ad7ed9b7e12702fed2022f,cex,-1330484.07022052
2025-08-04,0x73d8bd54f7cf5fab43fe4ef40a62d390644946db,cex,3.6867294
2025-08-04,0x91dca37856240e5e1906222ec79278b16420dc92,cex,8308.20327017
2025-08-04,0x9642b23ed1e01df1092b92641051881a322f5d4e,cex,-120036.79
2025-08-04,0x9b0c45d46d386cedd98873168c36efd0dcba8d46,cex,58373.703
2025-08-04,0xa023f08c70a23abc7edfc5b6b5e171d78dfc947e,cex,390212.86374515
2025-08-04,0xab782bc7d4a2b306825de5a7730034f8f63ee1bc,cex,-350986.33164771
2025-08-04,0xb0a3a2b60e969afd26561429aa4c1444c57e4411,cex,382797.85
2025-08-04,0xcffad3200574698b78f32232aa9d63eabd290703,cex,-485490.076
2025-08-05,0x0d0707963952f2fba59dd06f2b425ace40b492fe,cex,50271.2931111
2025-08-05,0x33a64dcdfa041befebc9161a3e0c6180cd94fa89,cex,9767.66185266
2025-08-05,0x3cc936b795a188f0e246cbb2d74c5bd190aecf18,cex,104099.41913685
2025-08-05,0x52c77b0cb827afbad022e6d6caf2c44452edbc39,lp,83836.6321188
2025-08-05,0x651641299c7ec0aa44ad7ed9b7e12702fed2022f,cex,-681573.07491324
2025-08-05,0x73d8bd54f7cf5fab43fe4ef40a62d390644946db,cex,6623.51109284
2025-08-05,0x91dca37856240e5e1906222ec79278b16420dc92,cex,-11155.65604354
2025-08-05,0x9642b23ed1e01df1092b92641051881a322f5d4e,cex,-92328.58885684
2025-08-05,0x9b0c45d46d386cedd98873168c36efd0dcba8d46,cex,84887.401
2025-08-05,0xab782bc7d4a2b306825de5a7730034f8f63ee1bc,cex,10820.65640977
2025-08-06,0x0d0707963952f2fba59dd06f2b425ace40b492fe,cex,-39079.61446
2025-08-06,0x33a64dcdfa041befebc9161a3e0c6180cd94fa89,cex,145
2025-08-06,0x3cc936b795a188f0e246cbb2d74c5bd190aecf18,cex,126189.26
2025-08-06,0x52c77b0cb827afbad022e6d6caf2c44452edbc39,lp,-59724.37348175
2025-08-06,0x651641299c7ec0aa44ad7ed9b7e12702fed2022f,cex,-523319.58473386
2025-08-06,0x73d8bd54f7cf5fab43fe4ef40a62d390644946db,cex,3528.04452143
2025-08-06,0x91dca37856240e5e1906222ec79278b16420dc92,cex,-17637.04451886
2025-08-06,0x9642b23ed1e01df1092b92641051881a322f5d4e,cex,-31403.59
2025-08-06,0x9b0c45d46d386cedd98873168c36efd0dcba8d46,cex,43490.185
2025-08-06,0xab782bc7d4a2b306825de5a7730034f8f63ee1bc,cex,21864.58624591
2025-08-06,0xe8c15aad9d4cd3f59c9dfa18828b91a8b2c49596,cex,-700000
2025-08-07,0x0d0707963952f2fba59dd06f2b425ace40b492fe,cex,-107654.075686
2025-08-07,0x33a64dcdfa041befebc9161a3e0c6180cd94fa89,cex,15177.19802432
2025-08-07,0x3cc936b795a188f0e246cbb2d74c5bd190aecf18,cex,104160.79305584
2025-08-07,0x52c77b0cb827afbad022e6d6caf2c44452edbc39,lp,-37771.05271569
2025-08-07,0x651641299c7ec0aa44ad7ed9b7e12702fed2022f,cex,205709.51733977
2025-08-07,0x73d8bd54f7cf5fab43fe4ef40a62d390644946db,cex,20899.31741652
2025-08-07,0x91dca37856240e5e1906222ec79278b16420dc92,cex,-12002
2025-08-07,0x9642b23ed1e01df1092b92641051881a322f5d4e,cex,-38129.46143106
2025-08-07,0x9b0c45d46d386cedd98873168c36efd0dcba8d46,cex,-17026.8
2025-08-07,0xab782bc7d4a2b306825de5a7730034f8f63ee1bc,cex,-155623.69396647
2025-08-07,0xb0a3a2b60e969afd26561429aa4c1444c57e4411,cex,-160000
2025-08-07,0xcffad3200574698b78f32232aa9d63eabd290703,cex,-15302.81024519
2025-08-07,0xe8c15aad9d4cd3f59c9dfa18828b91a8b2c49596,cex,-400200
2025-08-07,0xf35a6bd6e0459a4b53a27862c51a2a7292b383d1,cex,200000
2025-08-08,0x0d0707963952f2fba59dd06f2b425ace40b492fe,cex,-184234.72117961
2025-08-08,0x3cc936b795a188f0e246cbb2d74c5bd190aecf18,cex,52230.02956202
2025-08-08,0x52c77b0cb827afbad022e6d6caf2c44452edbc39,lp,173342.39345426
2025-08-08,0x651641299c7ec0aa44ad7ed9b7e12702fed2022f,cex,-640119.41434458
2025-08-08,0x73d8bd54f7cf5fab43fe4ef40a62d390644946db,cex,6939.62279882
2025-08-08,0x91dca37856240e5e1906222ec79278b16420dc92,cex,6524.07824467
2025-08-08,0x9642b23ed1e01df1092b92641051881a322f5d4e,cex,-56959.503
2025-08-08,0x9b0c45d46d386cedd98873168c36efd0dcba8d46,cex,15686.067
2025-08-08,0xa023f08c70a23abc7edfc5b6b5e171d78dfc947e,cex,121.75398971
2025-08-08,0xab782bc7d4a2b306825de5a7730034f8f63ee1bc,cex,-117012.59
2025-08-08,0xcffad3200574698b78f32232aa9d63eabd290703,cex,79.6555
2025-08-09,0x0d0707963952f2fba59dd06f2b425ace40b492fe,cex,-5781.4462733
2025-08-09,0x33a64dcdfa041befebc9161a3e0c6180cd94fa89,cex,730.83600413
2025-08-09,0x3cc936b795a188f0e246cbb2d74c5bd190aecf18,cex,38620.21269089
2025-08-09,0x52c77b0cb827afbad022e6d6caf2c44452edbc39,lp,-89844.17600968
2025-08-09,0x651641299c7ec0aa44ad7ed9b7e12702fed2022f,cex,-459398.78027252
2025-08-09,0x73d8bd54f7cf5fab43fe4ef40a62d390644946db,cex,-29691.94354849
2025-08-09,0x91dca37856240e5e1906222ec79278b16420dc92,cex,-10739
2025-08-09,0x9642b23ed1e01df1092b92641051881a322f5d4e,cex,-28523.58283567
2025-08-09,0xa023f08c70a23abc7edfc5b6b5e171d78dfc947e,cex,4999.471
2025-08-09,0xab782bc7d4a2b306825de5a7730034f8f63ee1bc,cex,203761.20653615
2025-08-09,0xb0a3a2b60e969afd26561429aa4c1444c57e4411,cex,-200000
2025-08-09,0xcffad3200574698b78f32232aa9d63eabd290703,cex,8939.970372
2025-08-10,0x0d0707963952f2fba59dd06f2b425ace40b492fe,cex,2238.6368956
2025-08-10,0x33a64dcdfa041befebc9161a3e0c6180cd94fa89,cex,18320.32846
2025-08-10,0x3cc936b795a188f0e246cbb2d74c5bd190aecf18,cex,78025.10351104
2025-08-10,0x52c77b0cb827afbad022e6d6caf2c44452edbc39,lp,-1395.66853091
2025-08-10,0x548054687ef6c56c6d82e8269e5fd93d8b88fcb2,cex,-36000
2025-08-10,0x651641299c7ec0aa44ad7ed9b7e12702fed2022f,cex,-230540.57454278
2025-08-10,0x73d8bd54f7cf5fab43fe4ef40a62d390644946db,cex,9548.94734107
2025-08-10,0x9642b23ed1e01df1092b92641051881a322f5d4e,cex,-28786.08
2025-08-10,0x9b0c45d46d386cedd98873168c36efd0dcba8d46,cex,42835.704
2025-08-10,0xa023f08c70a23abc7edfc5b6b5e171d78dfc947e,cex,1016.42316246
2025-08-10,0xab782bc7d4a2b306825de5a7730034f8f63ee1bc,cex,-822.01735154
2025-08-10,0xcffad3200574698b78f32232aa9d63eabd290703,cex,334.46025725
2025-08-10,0xe8c15aad9d4cd3f59c9dfa18828b91a8b2c49596,cex,300000
2025-08-11,0x0d0707963952f2fba59dd06f2b425ace40b492fe,cex,-652885.8563641
2025-08-11,0x33a64dcdfa041befebc9161a3e0c6180cd94fa89,cex,-7009.4108553
2025-08-11,0x3cc936b795a188f0e246cbb2d74c5bd190aecf18,cex,99313.00586558
2025-08-11,0x52c77b0cb827afbad022e6d6caf2c44452edbc39,lp,353003.49361626
2025-08-11,0x651641299c7ec0aa44ad7ed9b7e12702fed2022f,cex,-165935.7406328
2025-08-11,0x73d8bd54f7cf5fab43fe4ef40a62d390644946db,cex,-25586.09184092
2025-08-11,0x91dca37856240e5e1906222ec79278b16420dc92,cex,5387.12845224
2025-08-11,0x9642b23ed1e01df1092b92641051881a322f5d4e,cex,-213477.23996766
2025-08-11,0x9b0c45d46d386cedd98873168c36efd0dcba8d46,cex,33957.1
2025-08-11,0xa023f08c70a23abc7edfc5b6b5e171d78dfc947e,cex,18878.21864545
2025-08-11,0xab782bc7d4a2b306825de5a7730034f8f63ee1bc,cex,-20540.1660204
2025-08-11,0xc882b111a75c0c657fc507c04fbfcd2cc984f071,cex,614663.3095605
2025-08-11,0xcffad3200574698b78f32232aa9d63eabd290703,cex,500.96163753
2025-08-11,0xe8c15aad9d4cd3f59c9dfa18828b91a8b2c49596,cex,300000
2025-08-11,0xf35a6bd6e0459a4b53a27862c51a2a7292b383d1,cex,300000
2025-08-12,0x0d0707963952f2fba59dd06f2b425ace40b492fe,cex,32732.17569773
2025-08-12,0x33a64dcdfa041befebc9161a3e0c6180cd94fa89,cex,-21420.11608372
2025-08-12,0x3cc936b795a188f0e246cbb2d74c5bd190aecf18,cex,253751.55845519
2025-08-12,0x52c77b0cb827afbad022e6d6caf2c44452edbc39,lp,258998.32963246
2025-08-12,0x651641299c7ec0aa44ad7ed9b7e12702fed2022f,cex,-270996.66764192
2025-08-12,0x73d8bd54f7cf5fab43fe4ef40a62d390644946db,cex,4143.96215614
2025-08-12,0x91dca37856240e5e1906222ec79278b16420dc92,cex,14698.95723722
2025-08-12,0x9642b23ed1e01df1092b92641051881a322f5d4e,cex,-36979.95
2025-08-12,0x9b0c45d46d386cedd98873168c36efd0dcba8d46,cex,-26694.9
2025-08-12,0xab782bc7d4a2b306825de5a7730034f8f63ee1bc,cex,47542.52547806
2025-08-13,0x0d0707963952f2fba59dd06f2b425ace40b492fe,cex,101104.62096896
2025-08-13,0x33a64dcdfa041befebc9161a3e0c6180cd94fa89,cex,-807.07593715
2025-08-13,0x3cc936b795a188f0e246cbb2d74c5bd190aecf18,cex,180952.00728098
2025-08-13,0x52c77b0cb827afbad022e6d6caf2c44452edbc39,lp,296374.01959287
2025-08-13,0x651641299c7ec0aa44ad7ed9b7e12702fed2022f,cex,1009390.80026745
2025-08-13,0x73d8bd54f7cf5fab43fe4ef40a62d390644946db,cex,40784.79204751
2025-08-13,0x91dca37856240e5e1906222ec79278b16420dc92,cex,21894.27263012
2025-08-13,0x9642b23ed1e01df1092b92641051881a322f5d4e,cex,-133437.843593
2025-08-13,0x9b0c45d46d386cedd98873168c36efd0dcba8d46,cex,-73390.503
2025-08-13,0xa023f08c70a23abc7edfc5b6b5e171d78dfc947e,cex,18966.53931812
2025-08-13,0xab782bc7d4a2b306825de5a7730034f8f63ee1bc,cex,23381.80370386
2025-08-13,0xcffad3200574698b78f32232aa9d63eabd290703,cex,227.417512
2025-08-14,0x0d0707963952f2fba59dd06f2b425ace40b492fe,cex,183761.68451923
2025-08-14,0x33a64dcdfa041befebc9161a3e0c6180cd94fa89,cex,423.50914015
2025-08-14,0x3cc936b795a188f0e246cbb2d74c5bd190aecf18,cex,95566.75402068
2025-08-14,0x52c77b0cb827afbad022e6d6caf2c44452edbc39,lp,428062.79285239
2025-08-14,0x651641299c7ec0aa44ad7ed9b7e12702fed2022f,cex,-24323282.23265992
2025-08-14,0x73d8bd54f7cf5fab43fe4ef40a62d390644946db,cex,39035.36105312
2025-08-14,0x91dca37856240e5e1906222ec79278b16420dc92,cex,51455.42881514
2025-08-14,0x9642b23ed1e01df1092b92641051881a322f5d4e,cex,-95647.06527505
2025-08-14,0x9b0c45d46d386cedd98873168c36efd0dcba8d46,cex,99082.568
2025-08-14,0xab782bc7d4a2b306825de5a7730034f8f63ee1bc,cex,92581.3135465
2025-08-14,0xcffad3200574698b78f32232aa9d63eabd290703,cex,-9762.56514
2025-08-14,0xe8c15aad9d4cd3f59c9dfa18828b91a8b2c49596,cex,-400000
2025-08-15,0x0d0707963952f2fba59dd06f2b425ace40b492fe,cex,-27984.2975225
2025-08-15,0x33a64dcdfa041befebc9161a3e0c6180cd94fa89,cex,-76.57619926
2025-08-15,0x3cc936b795a188f0e246cbb2d74c5bd190aecf18,cex,-954523.75627903
2025-08-15,0x52c77b0cb827afbad022e6d6caf2c44452edbc39,lp,-17245.47982463
2025-08-15,0x651641299c7ec0aa44ad7ed9b7e12702fed2022f,cex,-1209492.94493537
2025-08-15,0x73d8bd54f7cf5fab43fe4ef40a62d390644946db,cex,230.22330896
2025-08-15,0x91dca37856240e5e1906222ec79278b16420dc92,cex,20979.36717635
2025-08-15,0x9642b23ed1e01df1092b92641051881a322f5d4e,cex,915306.05
2025-08-15,0x9b0c45d46d386cedd98873168c36efd0dcba8d46,cex,129294.626
2025-08-15,0xab782bc7d4a2b306825de5a7730034f8f63ee1bc,cex,-109001.18423042
2025-08-15,0xb0a3a2b60e969afd26561429aa4c1444c57e4411,cex,306789.78
2025-08-15,0xcffad3200574698b78f32232aa9d63eabd290703,cex,-125765.48
2025-08-15,0xe8c15aad9d4cd3f59c9dfa18828b91a8b2c49596,cex,-439100
2025-08-16,0x0d0707963952f2fba59dd06f2b425ace40b492fe,cex,157449.44012307
2025-08-16,0x3cc936b795a188f0e246cbb2d74c5bd190aecf18,cex,21328.08966359
2025-08-16,0x52c77b0cb827afbad022e6d6caf2c44452edbc39,lp,15374.96148938
2025-08-16,0x651641299c7ec0aa44ad7ed9b7e12702fed2022f,cex,116159.76547197
2025-08-16,0x73d8bd54f7cf5fab43fe4ef40a62d390644946db,cex,14403.77806626
2025-08-16,0x91dca37856240e5e1906222ec79278b16420dc92,cex,47534.32564134
2025-08-16,0x9642b23ed1e01df1092b92641051881a322f5d4e,cex,-5292.79845725
2025-08-16,0x9b0c45d46d386cedd98873168c36efd0dcba8d46,cex,163849.773
2025-08-16,0xa023f08c70a23abc7edfc5b6b5e171d78dfc947e,cex,345.04479746
2025-08-16,0xab782bc7d4a2b306825de5a7730034f8f63ee1bc,cex,-66109.097
2025-08-17,0x0d0707963952f2fba59dd06f2b425ace40b492fe,cex,51626.98091
2025-08-17,0x33a64dcdfa041befebc9161a3e0c6180cd94fa89,cex,757.46826421
2025-08-17,0x3cc936b795a188f0e246cbb2d74c5bd190aecf18,cex,5813.70758849
2025-08-17,0x52c77b0cb827afbad022e6d6caf2c44452edbc39,lp,-130010.43797902
2025-08-17,0x548054687ef6c56c6d82e8269e5fd93d8b88fcb2,cex,-26000
2025-08-17,0x651641299c7ec0aa44ad7ed9b7e12702fed2022f,cex,-450099.89866625
2025-08-17,0x73d8bd54f7cf5fab43fe4ef40a62d390644946db,cex,30151.96516271
2025-08-17,0x91dca37856240e5e1906222ec79278b16420dc92,cex,-13572
2025-08-17,0x9642b23ed1e01df1092b92641051881a322f5d4e,cex,-11410.9
2025-08-17,0x9b0c45d46d386cedd98873168c36efd0dcba8d46,cex,94635.564
2025-08-17,0xab782bc7d4a2b306825de5a7730034f8f63ee1bc,cex,72153.07483077
2025-08-17,0xe8c15aad9d4cd3f59c9dfa18828b91a8b2c49596,cex,120644.82422039
2025-08-18,0x0d0707963952f2fba59dd06f2b425ace40b492fe,cex,-113970.10087596
2025-08-18,0x33a64dcdfa041befebc9161a3e0c6180cd94fa89,cex,9276.55178473
2025-08-18,0x3cc936b795a188f0e246cbb2d74c5bd190aecf18,cex,24213.52959444
2025-08-18,0x52c77b0cb827afbad022e6d6caf2c44452edbc39,lp,228551.0784516
2025-08-18,0x651641299c7ec0aa44ad7ed9b7e12702fed2022f,cex,344302.64429212
2025-08-18,0x73d8bd54f7cf5fab43fe4ef40a62d390644946db,cex,-2231.61168905
2025-08-18,0x91dca37856240e5e1906222ec79278b16420dc92,cex,27041.51087637
2025-08-18,0x9642b23ed1e01df1092b92641051881a322f5d4e,cex,-212546.2763
2025-08-18,0x9b0c45d46d386cedd98873168c36efd0dcba8d46,cex,16372.798
2025-08-18,0xa023f08c70a23abc7edfc5b6b5e171d78dfc947e,cex,11111
2025-08-18,0xab782bc7d4a2b306825de5a7730034f8f63ee1bc,cex,-64033.09121561
2025-08-18,0xe8c15aad9d4cd3f59c9dfa18828b91a8b2c49596,cex,24725.38577961
2025-08-19,0x0d0707963952f2fba59dd06f2b425ace40b492fe,cex,52887.7745934
2025-08-19,0x33a64dcdfa041befebc9161a3e0c6180cd94fa89,cex,9261.9362161
2025-08-19,0x3cc936b795a188f0e246cbb2d74c5bd190aecf18,cex,20918.08952315
2025-08-19,0x52c77b0cb827afbad022e6d6caf2c44452edbc39,lp,73255.98487032
2025-08-19,0x651641299c7ec0aa44ad7ed9b7e12702fed2022f,cex,897681.57795174
2025-08-19,0x73d8bd54f7cf5fab43fe4ef40a62d390644946db,cex,6983.48057768
2025-08-19,0x91dca37856240e5e1906222ec79278b16420dc92,cex,15641.0061311
2025-08-19,0x9642b23ed1e01df1092b92641051881a322f5d4e,cex,-85105.56
2025-08-19,0x9b0c45d46d386cedd98873168c36efd0dcba8d46,cex,31148.612
2025-08-19,0xab782bc7d4a2b306825de5a7730034f8f63ee1bc,cex,-72478.01857628
2025-08-20,0x0d0707963952f2fba59dd06f2b425ace40b492fe,cex,186197.9765197
2025-08-20,0x3cc936b795a188f0e246cbb2d74c5bd190aecf18,cex,44596.07150401
2025-08-20,0x52c77b0cb827afbad022e6d6caf2c44452edbc39,lp,83235.00388003
2025-08-20,0x651641299c7ec0aa44ad7ed9b7e12702fed2022f,cex,-495592.49118379
2025-08-20,0x73d8bd54f7cf5fab43fe4ef40a62d390644946db,cex,47646.58388398
2025-08-20,0x91dca37856240e5e1906222ec79278b16420dc92,cex,-3916.33638548
2025-08-20,0x9642b23ed1e01df1092b92641051881a322f5d4e,cex,-29390.25
2025-08-20,0x9b0c45d46d386cedd98873168c36efd0dcba8d46,cex,79622.158
2025-08-20,0xab782bc7d4a2b306825de5a7730034f8f63ee1bc,cex,5008.5678
2025-08-20,0xcffad3200574698b78f32232aa9d63eabd290703,cex,3192.03275442
2025-08-21,0x0d0707963952f2fba59dd06f2b425ace40b492fe,cex,-544961.45143625
2025-08-21,0x33a64dcdfa041befebc9161a3e0c6180cd94fa89,cex,-7270.58415607
2025-08-21,0x3cc936b795a188f0e246cbb2d74c5bd190aecf18,cex,51769.88030725
2025-08-21,0x52c77b0cb827afbad022e6d6caf2c44452edbc39,lp,179218.74433597
2025-08-21,0x548054687ef6c56c6d82e8269e5fd93d8b88fcb2,cex,-35000
2025-08-21,0x651641299c7ec0aa44ad7ed9b7e12702fed2022f,cex,-561911.52606554
2025-08-21,0x73d8bd54f7cf5fab43fe4ef40a62d390644946db,cex,17278.45983846
2025-08-21,0x91dca37856240e5e1906222ec79278b16420dc92,cex,20823.17104058
2025-08-21,0x9642b23ed1e01df1092b92641051881a322f5d4e,cex,-14687.8399
2025-08-21,0x9b0c45d46d386cedd98873168c36efd0dcba8d46,cex,17749.287
2025-08-21,0xab782bc7d4a2b306825de5a7730034f8f63ee1bc,cex,85272.94963596
2025-08-21,0xc882b111a75c0c657fc507c04fbfcd2cc984f071,cex,773691.02299186
2025-08-21,0xcffad3200574698b78f32232aa9d63eabd290703,cex,35985.488
2025-08-22,0x0529ea5885702715e83923c59746ae8734c553b7,cex,-212040.16255631
2025-08-22,0x0d0707963952f2fba59dd06f2b425ace40b492fe,cex,-147450.14486296
2025-08-22,0x33a64dcdfa041befebc9161a3e0c6180cd94fa89,cex,1146.22632546
2025-08-22,0x3cc936b795a188f0e246cbb2d74c5bd190aecf18,cex,149802.52087876
2025-08-22,0x52c77b0cb827afbad022e6d6caf2c44452edbc39,lp,-147844.77706064
2025-08-22,0x651641299c7ec0aa44ad7ed9b7e12702fed2022f,cex,-1002801.84801294
2025-08-22,0x73d8bd54f7cf5fab43fe4ef40a62d390644946db,cex,7068.81235519
2025-08-22,0x91dca37856240e5e1906222ec79278b16420dc92,cex,14205.02546624
2025-08-22,0x9642b23ed1e01df1092b92641051881a322f5d4e,cex,-26967.81739228
2025-08-22,0x9b0c45d46d386cedd98873168c36efd0dcba8d46,cex,10189.576
2025-08-22,0xab782bc7d4a2b306825de5a7730034f8f63ee1bc,cex,-28140.64493811
2025-08-23,0x0d0707963952f2fba59dd06f2b425ace40b492fe,cex,677566.89052514
2025-08-23,0x33a64dcdfa041befebc9161a3e0c6180cd94fa89,cex,-6795.8614137
2025-08-23,0x3cc936b795a188f0e246cbb2d74c5bd190aecf18,cex,17767.29476228
2025-08-23,0x52c77b0cb827afbad022e6d6caf2c44452edbc39,lp,299849.665361
2025-08-23,0x651641299c7ec0aa44ad7ed9b7e12702fed2022f,cex,-125229.08405519
2025-08-23,0x73d8bd54f7cf5fab43fe4ef40a62d390644946db,cex,-69105.02185608
2025-08-23,0x91dca37856240e5e1906222ec79278b16420dc92,cex,11535.47374467
2025-08-23,0x9642b23ed1e01df1092b92641051881a322f5d4e,cex,-99966.61543615
2025-08-23,0x9b0c45d46d386cedd98873168c36efd0dcba8d46,cex,47733.855
2025-08-23,0xab782bc7d4a2b306825de5a7730034f8f63ee1bc,cex,58113.06593788
2025-08-23,0xb0a3a2b60e969afd26561429aa4c1444c57e4411,cex,-27000
2025-08-23,0xc882b111a75c0c657fc507c04fbfcd2cc984f071,cex,-699447.43652514
2025-08-23,0xcffad3200574698b78f32232aa9d63eabd290703,cex,116.15
2025-08-24,0x0d0707963952f2fba59dd06f2b425ace40b492fe,cex,62327.11682477
2025-08-24,0x3cc936b795a188f0e246cbb2d74c5bd190aecf18,cex,63838.41592747
2025-08-24,0x52c77b0cb827afbad022e6d6caf2c44452edbc39,lp,258906.03143679
2025-08-24,0x651641299c7ec0aa44ad7ed9b7e12702fed2022f,cex,-282206.77806841
2025-08-24,0x73d8bd54f7cf5fab43fe4ef40a62d390644946db,cex,11472.70474966
2025-08-24,0x91dca37856240e5e1906222ec79278b16420dc92,cex,33303.60028144
2025-08-24,0x9642b23ed1e01df1092b92641051881a322f5d4e,cex,-46032.9724975
2025-08-24,0x9b0c45d46d386cedd98873168c36efd0dcba8d46,cex,68385.27
2025-08-24,0xab782bc7d4a2b306825de5a7730034f8f63ee1bc,cex,110121.92601496
2025-08-24,0xb0a3a2b60e969afd26561429aa4c1444c57e4411,cex,226998.58
2025-08-24,0xcffad3200574698b78f32232aa9d63eabd290703,cex,-10384
2025-08-25,0x0529ea5885702715e83923c59746ae8734c553b7,cex,102466.531577
2025-08-25,0x0d0707963952f2fba59dd06f2b425ace40b492fe,cex,111165.30183832
2025-08-25,0x33a64dcdfa041befebc9161a3e0c6180cd94fa89,cex,-6537.43105554
2025-08-25,0x3cc936b795a188f0e246cbb2d74c5bd190aecf18,cex,6807.8484
2025-08-25,0x52c77b0cb827afbad022e6d6caf2c44452edbc39,lp,122814.97288524
2025-08-25,0x651641299c7ec0aa44ad7ed9b7e12702fed2022f,cex,-571435.68583234
2025-08-25,0x73d8bd54f7cf5fab43fe4ef40a62d390644946db,cex,-3022.93118649
2025-08-25,0x91dca37856240e5e1906222ec79278b16420dc92,cex,8670.32003426
2025-08-25,0x9642b23ed1e01df1092b92641051881a322f5d4e,cex,-106135.96
2025-08-25,0x9b0c45d46d386cedd98873168c36efd0dcba8d46,cex,142022.616
2025-08-25,0xa023f08c70a23abc7edfc5b6b5e171d78dfc947e,cex,3136.77536476
2025-08-25,0xab782bc7d4a2b306825de5a7730034f8f63ee1bc,cex,-11012.2064928
2025-08-26,0x0d0707963952f2fba59dd06f2b425ace40b492fe,cex,43766.891692
2025-08-26,0x33a64dcdfa041befebc9161a3e0c6180cd94fa89,cex,76.45639798
2025-08-26,0x3cc936b795a188f0e246cbb2d74c5bd190aecf18,cex,54198.30315048
2025-08-26,0x52c77b0cb827afbad022e6d6caf2c44452edbc39,lp,60865.29528827
2025-08-26,0x651641299c7ec0aa44ad7ed9b7e12702fed2022f,cex,1191843.93143793
2025-08-26,0x73d8bd54f7cf5fab43fe4ef40a62d390644946db,cex,83206.12577461
2025-08-26,0x91dca37856240e5e1906222ec79278b16420dc92,cex,-15744
2025-08-26,0x9642b23ed1e01df1092b92641051881a322f5d4e,cex,-783018.42563615
2025-08-26,0x9b0c45d46d386cedd98873168c36efd0dcba8d46,cex,76646.816
2025-08-26,0xa023f08c70a23abc7edfc5b6b5e171d78dfc947e,cex,542.9848644
2025-08-26,0xab782bc7d4a2b306825de5a7730034f8f63ee1bc,cex,90331.95279383
2025-08-26,0xcffad3200574698b78f32232aa9d63eabd290703,cex,7849.4
2025-08-27,0x0529ea5885702715e83923c59746ae8734c553b7,cex,52223.943222
2025-08-27,0x0d0707963952f2fba59dd06f2b425ace40b492fe,cex,-45612.88227841
2025-08-27,0x33a64dcdfa041befebc9161a3e0c6180cd94fa89,cex,129.04560428
2025-08-27,0x3cc936b795a188f0e246cbb2d74c5bd190aecf18,cex,-1258342.65574613
2025-08-27,0x52c77b0cb827afbad022e6d6caf2c44452edbc39,lp,-87204.67533146
2025-08-27,0x651641299c7ec0aa44ad7ed9b7e12702fed2022f,cex,861432.41360885
2025-08-27,0x73d8bd54f7cf5fab43fe4ef40a62d390644946db,cex,5022.61155845
2025-08-27,0x91dca37856240e5e1906222ec79278b16420dc92,cex,9141.28188393
2025-08-27,0x9642b23ed1e01df1092b92641051881a322f5d4e,cex,1277661.67797624
2025-08-27,0x9b0c45d46d386cedd98873168c36efd0dcba8d46,cex,34001.745
2025-08-27,0xab782bc7d4a2b306825de5a7730034f8f63ee1bc,cex,24881.71902585
2025-08-28,0x0d0707963952f2fba59dd06f2b425ace40b492fe,cex,39621.68394517
2025-08-28,0x33a64dcdfa041befebc9161a3e0c6180cd94fa89,cex,1589
2025-08-28,0x3cc936b795a188f0e246cbb2d74c5bd190aecf18,cex,17928.438307
2025-08-28,0x52c77b0cb827afbad022e6d6caf2c44452edbc39,lp,-5625.59166825
2025-08-28,0x651641299c7ec0aa44ad7ed9b7e12702fed2022f,cex,795663.69633178
2025-08-28,0x73d8bd54f7cf5fab43fe4ef40a62d390644946db,cex,-49438.30945471
2025-08-28,0x91dca37856240e5e1906222ec79278b16420dc92,cex,-7972.13
2025-08-28,0x9642b23ed1e01df1092b92641051881a322f5d4e,cex,-34990.87
2025-08-28,0x9b0c45d46d386cedd98873168c36efd0dcba8d46,cex,26393.093
2025-08-28,0xab782bc7d4a2b306825de5a7730034f8f63ee1bc,cex,-45087.50869363
2025-08-28,0xb0a3a2b60e969afd26561429aa4c1444c57e4411,cex,57835.48
2025-08-28,0xcffad3200574698b78f32232aa9d63eabd290703,cex,-9613
2025-08-29,0x0d0707963952f2fba59dd06f2b425ace40b492fe,cex,111447.13818812
2025-08-29,0x3cc936b795a188f0e246cbb2d74c5bd190aecf18,cex,25642.147309
2025-08-29,0x52c77b0cb827afbad022e6d6caf2c44452edbc39,lp,471686.45901249
2025-08-29,0x651641299c7ec0aa44ad7ed9b7e12702fed2022f,cex,-555020.26219235
2025-08-29,0x73d8bd54f7cf5fab43fe4ef40a62d390644946db,cex,8997.46410716
2025-08-29,0x91dca37856240e5e1906222ec79278b16420dc92,cex,29389.66804788
2025-08-29,0x9642b23ed1e01df1092b92641051881a322f5d4e,cex,-157799.91
2025-08-29,0xab782bc7d4a2b306825de5a7730034f8f63ee1bc,cex,-137661.42422477
2025-08-29,0xb0a3a2b60e969afd26561429aa4c1444c57e4411,cex,268414.91
2025-08-29,0xcffad3200574698b78f32232aa9d63eabd290703,cex,-11587
2025-08-30,0x0d0707963952f2fba59dd06f2b425ace40b492fe,cex,-1040234.60735069
2025-08-30,0x33a64dcdfa041befebc9161a3e0c6180cd94fa89,cex,-5
2025-08-30,0x3cc936b795a188f0e246cbb2d74c5bd190aecf18,cex,46083.637388
2025-08-30,0x52c77b0cb827afbad022e6d6caf2c44452edbc39,lp,-191261.09944121
2025-08-30,0x651641299c7ec0aa44ad7ed9b7e12702fed2022f,cex,88835.68899021
2025-08-30,0x73d8bd54f7cf5fab43fe4ef40a62d390644946db,cex,5320.46365259
2025-08-30,0x91dca37856240e5e1906222ec79278b16420dc92,cex,224.0746223
2025-08-30,0x9642b23ed1e01df1092b92641051881a322f5d4e,cex,-54307.76
2025-08-30,0x9b0c45d46d386cedd98873168c36efd0dcba8d46,cex,86530.351
2025-08-30,0xab782bc7d4a2b306825de5a7730034f8f63ee1bc,cex,30899.04579794
2025-08-30,0xc882b111a75c0c657fc507c04fbfcd2cc984f071,cex,969741.43350948
2025-08-31,0x0d0707963952f2fba59dd06f2b425ace40b492fe,cex,-86069.48867852
2025-08-31,0x33a64dcdfa041befebc9161a3e0c6180cd94fa89,cex,-2521.58400007
2025-08-31,0x3cc936b795a188f0e246cbb2d74c5bd190aecf18,cex,29364.264372
2025-08-31,0x52c77b0cb827afbad022e6d6caf2c44452edbc39,lp,-39417.3081226
2025-08-31,0x651641299c7ec0aa44ad7ed9b7e12702fed2022f,cex,140631.23622377
2025-08-31,0x73d8bd54f7cf5fab43fe4ef40a62d390644946db,cex,330.95580173
2025-08-31,0x9642b23ed1e01df1092b92641051881a322f5d4e,cex,-288362.52460566
2025-08-31,0x9b0c45d46d386cedd98873168c36efd0dcba8d46,cex,-410125
2025-08-31,0xab782bc7d4a2b306825de5a7730034f8f63ee1bc,cex,-2410.13996764
2025-09-01,0x0529ea5885702715e83923c59746ae8734c553b7,cex,29156.779182
2025-09-01,0x0d0707963952f2fba59dd06f2b425ace40b492fe,cex,857515.01670759
2025-09-01,0x33a64dcdfa041befebc9161a3e0c6180cd94fa89,cex,8315.29128609
2025-09-01,0x3cc936b795a188f0e246cbb2d74c5bd190aecf18,cex,45581.49521409
2025-09-01,0x52c77b0cb827afbad022e6d6caf2c44452edbc39,lp,215821.60736868
2025-09-01,0x651641299c7ec0aa44ad7ed9b7e12702fed2022f,cex,-83628.12678348
2025-09-01,0x73d8bd54f7cf5fab43fe4ef40a62d390644946db,cex,8032.73682032
2025-09-01,0x91dca37856240e5e1906222ec79278b16420dc92,cex,11757.494
2025-09-01,0x9642b23ed1e01df1092b92641051881a322f5d4e,cex,-64442.91591501
2025-09-01,0xa023f08c70a23abc7edfc5b6b5e171d78dfc947e,cex,209.09090909
2025-09-01,0xab782bc7d4a2b306825de5a7730034f8f63ee1bc,cex,-47841.35217023
2025-09-01,0xc882b111a75c0c657fc507c04fbfcd2cc984f071,cex,-897585.4950184
2025-09-02,0x0d0707963952f2fba59dd06f2b425ace40b492fe,cex,131480.57868163
2025-09-02,0x33a64dcdfa041befebc9161a3e0c6180cd94fa89,cex,-19142.02795248
2025-09-02,0x3cc936b795a188f0e246cbb2d74c5bd190aecf18,cex,12053.42658709
2025-09-02,0x52c77b0cb827afbad022e6d6caf2c44452edbc39,lp,-140564.5302136
2025-09-02,0x651641299c7ec0aa44ad7ed9b7e12702fed2022f,cex,228514.74289557
2025-09-02,0x73d8bd54f7cf5fab43fe4ef40a62d390644946db,cex,6204.53264454
2025-09-02,0x91dca37856240e5e1906222ec79278b16420dc92,cex,20399.41580777
2025-09-02,0x9642b23ed1e01df1092b92641051881a322f5d4e,cex,24821.36059939
2025-09-02,0x9b0c45d46d386cedd98873168c36efd0dcba8d46,cex,97574.752
2025-09-02,0xab782bc7d4a2b306825de5a7730034f8f63ee1bc,cex,44475.98496707
2025-09-02,0xcffad3200574698b78f32232aa9d63eabd290703,cex,34363.86994967
2025-09-03,0x0529ea5885702715e83923c59746ae8734c553b7,cex,24846.04305
2025-09-03,0x0d0707963952f2fba59dd06f2b425ace40b492fe,cex,-149858.057
2025-09-03,0x33a64dcdfa041befebc9161a3e0c6180cd94fa89,cex,460.49878765
2025-09-03,0x52c77b0cb827afbad022e6d6caf2c44452edbc39,lp,-82829.5033975
2025-09-03,0x651641299c7ec0aa44ad7ed9b7e12702fed2022f,cex,625053.71165872
2025-09-03,0x73d8bd54f7cf5fab43fe4ef40a62d390644946db,cex,13263.37963375
2025-09-03,0x91dca37856240e5e1906222ec79278b16420dc92,cex,-13728
2025-09-03,0x9642b23ed1e01df1092b92641051881a322f5d4e,cex,-29537.08312156
2025-09-03,0x9b0c45d46d386cedd98873168c36efd0dcba8d46,cex,49064.475
2025-09-03,0xa023f08c70a23abc7edfc5b6b5e171d78dfc947e,cex,33315.87
2025-09-03,0xab782bc7d4a2b306825de5a7730034f8f63ee1bc,cex,-57500.07350846
2025-09-03,0xcffad3200574698b78f32232aa9d63eabd290703,cex,-65098.85
2025-09-04,0x0d0707963952f2fba59dd06f2b425ace40b492fe,cex,132214.99163124
2025-09-04,0x33a64dcdfa041befebc9161a3e0c6180cd94fa89,cex,3508.50637778
2025-09-04,0x52c77b0cb827afbad022e6d6caf2c44452edbc39,lp,175560.93483728
2025-09-04,0x651641299c7ec0aa44ad7ed9b7e12702fed2022f,cex,-173134.06773823
2025-09-04,0x73d8bd54f7cf5fab43fe4ef40a62d390644946db,cex,-1990.37084505
2025-09-04,0x91dca37856240e5e1906222ec79278b16420dc92,cex,11917.46734097
2025-09-04,0x9642b23ed1e01df1092b92641051881a322f5d4e,cex,-8498.76970287
2025-09-04,0x9b0c45d46d386cedd98873168c36efd0dcba8d46,cex,27019.586
2025-09-04,0xab782bc7d4a2b306825de5a7730034f8f63ee1bc,cex,9009.10762774
2025-09-05,0x0d0707963952f2fba59dd06f2b425ace40b492fe,cex,-600852.9769605
2025-09-05,0x33a64dcdfa041befebc9161a3e0c6180cd94fa89,cex,1000
2025-09-05,0x52c77b0cb827afbad022e6d6caf2c44452edbc39,lp,-242914.31012021
2025-09-05,0x651641299c7ec0aa44ad7ed9b7e12702fed2022f,cex,-368060.24057991
2025-09-05,0x73d8bd54f7cf5fab43fe4ef40a62d390644946db,cex,-1192.75727518
2025-09-05,0x91dca37856240e5e1906222ec79278b16420dc92,cex,-14144.91792144
2025-09-05,0x9642b23ed1e01df1092b92641051881a322f5d4e,cex,3219.36206132
2025-09-05,0x9b0c45d46d386cedd98873168c36efd0dcba8d46,cex,45443.97
2025-09-05,0xab782bc7d4a2b306825de5a7730034f8f63ee1bc,cex,51263.574
2025-09-05,0xcffad3200574698b78f32232aa9d63eabd290703,cex,742617.114
2025-09-06,0x0d0707963952f2fba59dd06f2b425ace40b492fe,cex,932266.75392011
2025-09-06,0x33a64dcdfa041befebc9161a3e0c6180cd94fa89,cex,-25300.8757506
2025-09-06,0x52c77b0cb827afbad022e6d6caf2c44452edbc39,lp,3309.1019845
2025-09-06,0x651641299c7ec0aa44ad7ed9b7e12702fed2022f,cex,-154656.14666692
2025-09-06,0x73d8bd54f7cf5fab43fe4ef40a62d390644946db,cex,-6046.12068509
2025-09-06,0x91dca37856240e5e1906222ec79278b16420dc92,cex,13638.80470875
2025-09-06,0x9642b23ed1e01df1092b92641051881a322f5d4e,cex,3527.36261722
2025-09-06,0xab782bc7d4a2b306825de5a7730034f8f63ee1bc,cex,3497.03118866
2025-09-06,0xc882b111a75c0c657fc507c04fbfcd2cc984f071,cex,-872676.49882188
2025-09-07,0x0d0707963952f2fba59dd06f2b425ace40b492fe,cex,-67077.84228026
2025-09-07,0x33a64dcdfa041befebc9161a3e0c6180cd94fa89,cex,202580.1932465
2025-09-07,0x52c77b0cb827afbad022e6d6caf2c44452edbc39,lp,-625394.43881644
2025-09-07,0x651641299c7ec0aa44ad7ed9b7e12702fed2022f,cex,-42679.14279143
2025-09-07,0x73d8bd54f7cf5fab43fe4ef40a62d390644946db,cex,12814.11581386
2025-09-07,0x91dca37856240e5e1906222ec79278b16420dc92,cex,12367.285907
2025-09-07,0x9642b23ed1e01df1092b92641051881a322f5d4e,cex,-694.04081819
2025-09-07,0x9b0c45d46d386cedd98873168c36efd0dcba8d46,cex,-40177.396
2025-09-07,0xab782bc7d4a2b306825de5a7730034f8f63ee1bc,cex,-77382.30223687
2025-09-07,0xcffad3200574698b78f32232aa9d63eabd290703,cex,-9551.265
2025-09-08,0x0d0707963952f2fba59dd06f2b425ace40b492fe,cex,-264406.66673762
2025-09-08,0x33a64dcdfa041befebc9161a3e0c6180cd94fa89,cex,222.82708493
2025-09-08,0x52c77b0cb827afbad022e6d6caf2c44452edbc39,lp,-92722.20666764
2025-09-08,0x651641299c7ec0aa44ad7ed9b7e12702fed2022f,cex,-484514.05752567
2025-09-08,0x73d8bd54f7cf5fab43fe4ef40a62d390644946db,cex,895.70629464
2025-09-08,0x91dca37856240e5e1906222ec79278b16420dc92,cex,-24963
2025-09-08,0x9642b23ed1e01df1092b92641051881a322f5d4e,cex,-117058.84193872
2025-09-08,0x9b0c45d46d386cedd98873168c36efd0dcba8d46,cex,-29274.136
2025-09-08,0xa023f08c70a23abc7edfc5b6b5e171d78dfc947e,cex,33705.7
2025-09-08,0xa9d1e08c7793af67e9d92fe308d5697fb81d3e43,cex,141158.55886947
2025-09-08,0xab782bc7d4a2b306825de5a7730034f8f63ee1bc,cex,-81796.41966229
2025-09-08,0xcffad3200574698b78f32232aa9d63eabd290703,cex,-43932.083448
2025-09-08,0xf35a6bd6e0459a4b53a27862c51a2a7292b383d1,cex,484000
2025-09-09,0x0529ea5885702715e83923c59746ae8734c553b7,cex,-3000
2025-09-09,0x0d0707963952f2fba59dd06f2b425ace40b492fe,cex,-440623.40486971
2025-09-09,0x33a64dcdfa041befebc9161a3e0c6180cd94fa89,cex,-130.64193587
2025-09-09,0x52c77b0cb827afbad022e6d6caf2c44452edbc39,lp,-232477.58544099
2025-09-09,0x548054687ef6c56c6d82e8269e5fd93d8b88fcb2,cex,-40000
2025-09-09,0x651641299c7ec0aa44ad7ed9b7e12702fed2022f,cex,-1205362.16481725
2025-09-09,0x73d8bd54f7cf5fab43fe4ef40a62d390644946db,cex,19855.82934695
2025-09-09,0x91dca37856240e5e1906222ec79278b16420dc92,cex,-31324
2025-09-09,0x9642b23ed1e01df1092b92641051881a322f5d4e,cex,-53476.01963016
2025-09-09,0x9b0c45d46d386cedd98873168c36efd0dcba8d46,cex,-63598
2025-09-09,0xa023f08c70a23abc7edfc5b6b5e171d78dfc947e,cex,192.53731343
2025-09-09,0xa9d1e08c7793af67e9d92fe308d5697fb81d3e43,cex,155101.18447023
2025-09-09,0xab782bc7d4a2b306825de5a7730034f8f63ee1bc,cex,-60922.966
2025-09-09,0xcffad3200574698b78f32232aa9d63eabd290703,cex,52731.573438
2025-09-10,0x0d0707963952f2fba59dd06f2b425ace40b492fe,cex,591760.48895175
2025-09-10,0x33a64dcdfa041befebc9161a3e0c6180cd94fa89,cex,625.54382333
2025-09-10,0x52c77b0cb827afbad022e6d6caf2c44452edbc39,lp,-78459.09297393
2025-09-10,0x651641299c7ec0aa44ad7ed9b7e12702fed2022f,cex,-1296085.17903883
2025-09-10,0x73d8bd54f7cf5fab43fe4ef40a62d390644946db,cex,21223.08304656
2025-09-10,0x91dca37856240e5e1906222ec79278b16420dc92,cex,-11821.63477204
2025-09-10,0x9642b23ed1e01df1092b92641051881a322f5d4e,cex,-61471.31161775
2025-09-10,0x9b0c45d46d386cedd98873168c36efd0dcba8d46,cex,-33342.6
2025-09-10,0xa023f08c70a23abc7edfc5b6b5e171d78dfc947e,cex,335.47381704
2025-09-10,0xa9d1e08c7793af67e9d92fe308d5697fb81d3e43,cex,14582.35501837
2025-09-10,0xab782bc7d4a2b306825de5a7730034f8f63ee1bc,cex,193664.1797
2025-09-10,0xb0a3a2b60e969afd26561429aa4c1444c57e4411,cex,-200000
2025-09-10,0xc882b111a75c0c657fc507c04fbfcd2cc984f071,cex,-690703.13579223
2025-09-10,0xcffad3200574698b78f32232aa9d63eabd290703,cex,6745.32300676
2025-09-11,0x0d0707963952f2fba59dd06f2b425ace40b492fe,cex,145987.61280384
2025-09-11,0x33a64dcdfa041befebc9161a3e0c6180cd94fa89,cex,-15795.51373646
2025-09-11,0x52c77b0cb827afbad022e6d6caf2c44452edbc39,lp,23062.32294442
2025-09-11,0x651641299c7ec0aa44ad7ed9b7e12702fed2022f,cex,-607931.27211397
2025-09-11,0x73d8bd54f7cf5fab43fe4ef40a62d390644946db,cex,-16000.5391464
2025-09-11,0x91dca37856240e5e1906222ec79278b16420dc92,cex,37691.17081731
2025-09-11,0x9642b23ed1e01df1092b92641051881a322f5d4e,cex,-14193.63316067
2025-09-11,0x9b0c45d46d386cedd98873168c36efd0dcba8d46,cex,57751.924
2025-09-11,0xa9d1e08c7793af67e9d92fe308d5697fb81d3e43,cex,-18827.24372555
2025-09-11,0xab782bc7d4a2b306825de5a7730034f8f63ee1bc,cex,-79471.06787193
2025-09-11,0xb0a3a2b60e969afd26561429aa4c1444c57e4411,cex,260027.63
2025-09-12,0x0529ea5885702715e83923c59746ae8734c553b7,cex,33118.80114476
2025-09-12,0x0d0707963952f2fba59dd06f2b425ace40b492fe,cex,-147780.35237019
2025-09-12,0x33a64dcdfa041befebc9161a3e0c6180cd94fa89,cex,4164.32682707
2025-09-12,0x52c77b0cb827afbad022e6d6caf2c44452edbc39,lp,227463.68409807
2025-09-12,0x651641299c7ec0aa44ad7ed9b7e12702fed2022f,cex,-478022.7806616
2025-09-12,0x73d8bd54f7cf5fab43fe4ef40a62d390644946db,cex,31577.16601835
2025-09-12,0x91dca37856240e5e1906222ec79278b16420dc92,cex,-25830
2025-09-12,0x9642b23ed1e01df1092b92641051881a322f5d4e,cex,-55662.3734203
2025-09-12,0x9b0c45d46d386cedd98873168c36efd0dcba8d46,cex,18467.007
2025-09-12,0xa9d1e08c7793af67e9d92fe308d5697fb81d3e43,cex,-3685.89838097
2025-09-12,0xab782bc7d4a2b306825de5a7730034f8f63ee1bc,cex,30760.73827439
2025-09-12,0xb0a3a2b60e969afd26561429aa4c1444c57e4411,cex,-120000
2025-09-12,0xcffad3200574698b78f32232aa9d63eabd290703,cex,128.41636584
2025-09-13,0x0529ea5885702715e83923c59746ae8734c553b7,cex,-30000
2025-09-13,0x0d0707963952f2fba59dd06f2b425ace40b492fe,cex,9455.69281657
2025-09-13,0x33a64dcdfa041befebc9161a3e0c6180cd94fa89,cex,-18877.60912832
2025-09-13,0x377b8ce04761754e8ac153b47805a9cf6b190873,cex,-150000
2025-09-13,0x52c77b0cb827afbad022e6d6caf2c44452edbc39,lp,-31675.85283978
2025-09-13,0x651641299c7ec0aa44ad7ed9b7e12702fed2022f,cex,-72170.88392473
2025-09-13,0x73d8bd54f7cf5fab43fe4ef40a62d390644946db,cex,6387.28857668
2025-09-13,0x9642b23ed1e01df1092b92641051881a322f5d4e,cex,8764.00982151
2025-09-13,0x9b0c45d46d386cedd98873168c36efd0dcba8d46,cex,-62015.8
2025-09-13,0xa9d1e08c7793af67e9d92fe308d5697fb81d3e43,cex,-11063.88207813
2025-09-13,0xab782bc7d4a2b306825de5a7730034f8f63ee1bc,cex,-93892.1089928
2025-09-14,0x0d0707963952f2fba59dd06f2b425ace40b492fe,cex,44697.32401689
2025-09-14,0x33a64dcdfa041befebc9161a3e0c6180cd94fa89,cex,-69
2025-09-14,0x52c77b0cb827afbad022e6d6caf2c44452edbc39,lp,319201.21115815
2025-09-14,0x651641299c7ec0aa44ad7ed9b7e12702fed2022f,cex,-140995.90478177
2025-09-14,0x73d8bd54f7cf5fab43fe4ef40a62d390644946db,cex,-3937.96595879
2025-09-14,0x91dca37856240e5e1906222ec79278b16420dc92,cex,-11938.03073886
2025-09-14,0x9642b23ed1e01df1092b92641051881a322f5d4e,cex,-4570.3475631
2025-09-14,0x9b0c45d46d386cedd98873168c36efd0dcba8d46,cex,-5300.71
2025-09-14,0xa9d1e08c7793af67e9d92fe308d5697fb81d3e43,cex,22423.93623674
2025-09-14,0xab782bc7d4a2b306825de5a7730034f8f63ee1bc,cex,-96785.49982112
2025-09-14,0xcffad3200574698b78f32232aa9d63eabd290703,cex,-49726
2025-09-15,0x0529ea5885702715e83923c59746ae8734c553b7,cex,27176.18364483
2025-09-15,0x0d0707963952f2fba59dd06f2b425ace40b492fe,cex,35280.71507812
2025-09-15,0x33a64dcdfa041befebc9161a3e0c6180cd94fa89,cex,-5371.56008546
2025-09-15,0x52c77b0cb827afbad022e6d6caf2c44452edbc39,lp,126696.06446214
2025-09-15,0x548054687ef6c56c6d82e8269e5fd93d8b88fcb2,cex,18042.86208323
2025-09-15,0x651641299c7ec0aa44ad7ed9b7e12702fed2022f,cex,116995.54971365
2025-09-15,0x73d8bd54f7cf5fab43fe4ef40a62d390644946db,cex,-1307.78677941
2025-09-15,0x9642b23ed1e01df1092b92641051881a322f5d4e,cex,18990.18653024
2025-09-15,0x9b0c45d46d386cedd98873168c36efd0dcba8d46,cex,-92871.033
2025-09-15,0xa9d1e08c7793af67e9d92fe308d5697fb81d3e43,cex,24952.08077973
2025-09-15,0xab782bc7d4a2b306825de5a7730034f8f63ee1bc,cex,182289.57638545
2025-09-15,0xb0a3a2b60e969afd26561429aa4c1444c57e4411,cex,-240000
2025-09-15,0xcffad3200574698b78f32232aa9d63eabd290703,cex,10444.741
2025-09-15,0xdf5e3a1ed0c14a53eee240022301ecb9d267671b,cex,22305010.12042793
2025-09-16,0x0d0707963952f2fba59dd06f2b425ace40b492fe,cex,37797.10638132
2025-09-16,0x33a64dcdfa041befebc9161a3e0c6180cd94fa89,cex,-4929.9392385
2025-09-16,0x52c77b0cb827afbad022e6d6caf2c44452edbc39,lp,-57347.33135841
2025-09-16,0x548054687ef6c56c6d82e8269e5fd93d8b88fcb2,cex,18874.57188011
2025-09-16,0x651641299c7ec0aa44ad7ed9b7e12702fed2022f,cex,-145639.71556789
2025-09-16,0x73d8bd54f7cf5fab43fe4ef40a62d390644946db,cex,-10042.33630285
2025-09-16,0x91dca37856240e5e1906222ec79278b16420dc92,cex,21803.74119802
2025-09-16,0x9642b23ed1e01df1092b92641051881a322f5d4e,cex,44873.07588528
2025-09-16,0x9b0c45d46d386cedd98873168c36efd0dcba8d46,cex,20922.731
2025-09-16,0xa9d1e08c7793af67e9d92fe308d5697fb81d3e43,cex,-4397.60413668
2025-09-16,0xab782bc7d4a2b306825de5a7730034f8f63ee1bc,cex,2110.45563678
2025-09-16,0xdf5e3a1ed0c14a53eee240022301ecb9d267671b,cex,488862.69728369
2025-09-17,0x0d0707963952f2fba59dd06f2b425ace40b492fe,cex,-1080900.38900247
2025-09-17,0x33a64dcdfa041befebc9161a3e0c6180cd94fa89,cex,673.81587715
2025-09-17,0x52c77b0cb827afbad022e6d6caf2c44452edbc39,lp,-454107.16842512
2025-09-17,0x651641299c7ec0aa44ad7ed9b7e12702fed2022f,cex,9894.46229078
2025-09-17,0x73d8bd54f7cf5fab43fe4ef40a62d390644946db,cex,14306.73960987
2025-09-17,0x91dca37856240e5e1906222ec79278b16420dc92,cex,-32506
2025-09-17,0x9642b23ed1e01df1092b92641051881a322f5d4e,cex,-80509.96537146
2025-09-17,0xa9d1e08c7793af67e9d92fe308d5697fb81d3e43,cex,14025.92491237
2025-09-17,0xab782bc7d4a2b306825de5a7730034f8f63ee1bc,cex,5123.81895766
2025-09-17,0xc882b111a75c0c657fc507c04fbfcd2cc984f071,cex,1008651.98630824
2025-09-17,0xcffad3200574698b78f32232aa9d63eabd290703,cex,40233.35
2025-09-17,0xdf5e3a1ed0c14a53eee240022301ecb9d267671b,cex,-333618.0008303
2025-09-18,0x0d0707963952f2fba59dd06f2b425ace40b492fe,cex,461580.69056708
2025-09-18,0x33a64dcdfa041befebc9161a3e0c6180cd94fa89,cex,-450.45548568
2025-09-18,0x3cc936b795a188f0e246cbb2d74c5bd190aecf18,cex,-828440.04
2025-09-18,0x52c77b0cb827afbad022e6d6caf2c44452edbc39,lp,126196.73856946
2025-09-18,0x651641299c7ec0aa44ad7ed9b7e12702fed2022f,cex,232950.48842992
2025-09-18,0x73d8bd54f7cf5fab43fe4ef40a62d390644946db,cex,-6583.41037497
2025-09-18,0x91dca37856240e5e1906222ec79278b16420dc92,cex,-29922.90804966
2025-09-18,0x9642b23ed1e01df1092b92641051881a322f5d4e,cex,787929.6627484
2025-09-18,0x9b0c45d46d386cedd98873168c36efd0dcba8d46,cex,-24351.065
2025-09-18,0xa023f08c70a23abc7edfc5b6b5e171d78dfc947e,cex,2108.83
2025-09-18,0xa9d1e08c7793af67e9d92fe308d5697fb81d3e43,cex,-54545.75179552
2025-09-18,0xab782bc7d4a2b306825de5a7730034f8f63ee1bc,cex,-109694.05504016
2025-09-18,0xc882b111a75c0c657fc507c04fbfcd2cc984f071,cex,-687379.708551
2025-09-18,0xcffad3200574698b78f32232aa9d63eabd290703,cex,-9818.99131041
2025-09-18,0xdf5e3a1ed0c14a53eee240022301ecb9d267671b,cex,-330626.24279018
2025-09-19,0x0d0707963952f2fba59dd06f2b425ace40b492fe,cex,144661.33601683
2025-09-19,0x33a64dcdfa041befebc9161a3e0c6180cd94fa89,cex,500
2025-09-19,0x52c77b0cb827afbad022e6d6caf2c44452edbc39,lp,533583.20326135
2025-09-19,0x651641299c7ec0aa44ad7ed9b7e12702fed2022f,cex,1293259.50534641
2025-09-19,0x73d8bd54f7cf5fab43fe4ef40a62d390644946db,cex,25749.08476701
2025-09-19,0x91dca37856240e5e1906222ec79278b16420dc92,cex,18825.21739243
2025-09-19,0x9642b23ed1e01df1092b92641051881a322f5d4e,cex,-293031.7387933
2025-09-19,0xa9d1e08c7793af67e9d92fe308d5697fb81d3e43,cex,21866.59253978
2025-09-19,0xab782bc7d4a2b306825de5a7730034f8f63ee1bc,cex,254753.43945856
2025-09-19,0xb0a3a2b60e969afd26561429aa4c1444c57e4411,cex,-200000
2025-09-19,0xdf5e3a1ed0c14a53eee240022301ecb9d267671b,cex,-1013371.62145709
2025-09-20,0x0d0707963952f2fba59dd06f2b425ace40b492fe,cex,32622.3328276
2025-09-20,0x33a64dcdfa041befebc9161a3e0c6180cd94fa89,cex,-4594.82009757
2025-09-20,0x52c77b0cb827afbad022e6d6caf2c44452edbc39,lp,-10959.16733099
2025-09-20,0x651641299c7ec0aa44ad7ed9b7e12702fed2022f,cex,230491.30107418
2025-09-20,0x73d8bd54f7cf5fab43fe4ef40a62d390644946db,cex,23478.35779381
2025-09-20,0x7dafba1d69f6c01ae7567ffd7b046ca03b706f83,cex,0.1
2025-09-20,0x91dca37856240e5e1906222ec79278b16420dc92,cex,9940.16502596
2025-09-20,0x9642b23ed1e01df1092b92641051881a322f5d4e,cex,498619.21472498
2025-09-20,0x9b0c45d46d386cedd98873168c36efd0dcba8d46,cex,150566.111
2025-09-20,0xa9d1e08c7793af67e9d92fe308d5697fb81d3e43,cex,3232.54446116
2025-09-20,0xab782bc7d4a2b306825de5a7730034f8f63ee1bc,cex,-167343.21985063
2025-09-20,0xb0a3a2b60e969afd26561429aa4c1444c57e4411,cex,499630.48
2025-09-20,0xcffad3200574698b78f32232aa9d63eabd290703,cex,8503.04
2025-09-20,0xdf5e3a1ed0c14a53eee240022301ecb9d267671b,cex,-320186.92037286
2025-09-21,0x0d0707963952f2fba59dd06f2b425ace40b492fe,cex,204924.49216276
2025-09-21,0x52c77b0cb827afbad022e6d6caf2c44452edbc39,lp,310514.18934739
2025-09-21,0x548054687ef6c56c6d82e8269e5fd93d8b88fcb2,cex,187130.29746204
2025-09-21,0x651641299c7ec0aa44ad7ed9b7e12702fed2022f,cex,564334.28152254
2025-09-21,0x73d8bd54f7cf5fab43fe4ef40a62d390644946db,cex,18299.67513619
2025-09-21,0x9642b23ed1e01df1092b92641051881a322f5d4e,cex,35117.20647316
2025-09-21,0x9b0c45d46d386cedd98873168c36efd0dcba8d46,cex,67957.267
2025-09-21,0xa9d1e08c7793af67e9d92fe308d5697fb81d3e43,cex,47458.83395639
2025-09-21,0xab782bc7d4a2b306825de5a7730034f8f63ee1bc,cex,27179.1596223
2025-09-21,0xb0a3a2b60e969afd26561429aa4c1444c57e4411,cex,-40000
2025-09-21,0xcffad3200574698b78f32232aa9d63eabd290703,cex,5993.484
2025-09-21,0xd2dd7b597fd2435b6db61ddf48544fd931e6869f,cex,0.2
2025-09-21,0xdf5e3a1ed0c14a53eee240022301ecb9d267671b,cex,-108054.43309389
2025-09-22,0x0d0707963952f2fba59dd06f2b425ace40b492fe,cex,-69738.99033879
2025-09-22,0x33a64dcdfa041befebc9161a3e0c6180cd94fa89,cex,1402.85782247
2025-09-22,0x52c77b0cb827afbad022e6d6caf2c44452edbc39,lp,55896.43661888
2025-09-22,0x651641299c7ec0aa44ad7ed9b7e12702fed2022f,cex,171784.89970843
2025-09-22,0x73d8bd54f7cf5fab43fe4ef40a62d390644946db,cex,23167.81077573
2025-09-22,0x7dafba1d69f6c01ae7567ffd7b046ca03b706f83,cex,26606083.16892
2025-09-22,0x91dca37856240e5e1906222ec79278b16420dc92,cex,5637.38951924
2025-09-22,0x9642b23ed1e01df1092b92641051881a322f5d4e,cex,240048.4400034
2025-09-22,0xa9d1e08c7793af67e9d92fe308d5697fb81d3e43,cex,21481.08785815
2025-09-22,0xab782bc7d4a2b306825de5a7730034f8f63ee1bc,cex,146448.56917404
2025-09-22,0xcc282e2004428939ee5149a9e7872f0b4d5d5ec7,cex,209607.5677
2025-09-22,0xcffad3200574698b78f32232aa9d63eabd290703,cex,-13508
2025-09-22,0xd2dd7b597fd2435b6db61ddf48544fd931e6869f,cex,10131203.21069
2025-09-22,0xdf5e3a1ed0c14a53eee240022301ecb9d267671b,cex,1381207.60263378
2025-09-23,0x0d0707963952f2fba59dd06f2b425ace40b492fe,cex,-4167.67035101
2025-09-23,0x33a64dcdfa041befebc9161a3e0c6180cd94fa89,cex,-474.41734159
2025-09-23,0x52c77b0cb827afbad022e6d6caf2c44452edbc39,lp,209656.57817265
2025-09-23,0x651641299c7ec0aa44ad7ed9b7e12702fed2022f,cex,393418.69261376
2025-09-23,0x73d8bd54f7cf5fab43fe4ef40a62d390644946db,cex,-14350.53182732
2025-09-23,0x91dca37856240e5e1906222ec79278b16420dc92,cex,17457.22579519
2025-09-23,0x9642b23ed1e01df1092b92641051881a322f5d4e,cex,94572.23759068
2025-09-23,0x9b0c45d46d386cedd98873168c36efd0dcba8d46,cex,278074.505
2025-09-23,0xa9d1e08c7793af67e9d92fe308d5697fb81d3e43,cex,26573.90032773
2025-09-23,0xab782bc7d4a2b306825de5a7730034f8f63ee1bc,cex,101710.2197925
2025-09-23,0xcc282e2004428939ee5149a9e7872f0b4d5d5ec7,cex,4775.4303
2025-09-23,0xcffad3200574698b78f32232aa9d63eabd290703,cex,71403.6771496
2025-09-23,0xd2dd7b597fd2435b6db61ddf48544fd931e6869f,cex,35571.88772
2025-09-23,0xdf5e3a1ed0c14a53eee240022301ecb9d267671b,cex,368121.25325985
2025-09-23,0xe8c15aad9d4cd3f59c9dfa18828b91a8b2c49596,cex,136259.37051136
2025-09-24,0x0529ea5885702715e83923c59746ae8734c553b7,cex,29839.34293
2025-09-24,0x0d0707963952f2fba59dd06f2b425ace40b492fe,cex,-44341.06974344
2025-09-24,0x33a64dcdfa041befebc9161a3e0c6180cd94fa89,cex,-7793.39531533
2025-09-24,0x52c77b0cb827afbad022e6d6caf2c44452edbc39,lp,-121038.8539951
2025-09-24,0x651641299c7ec0aa44ad7ed9b7e12702fed2022f,cex,-99117.69623917
2025-09-24,0x73d8bd54f7cf5fab43fe4ef40a62d390644946db,cex,137651.26266305
2025-09-24,0x7dafba1d69f6c01ae7567ffd7b046ca03b706f83,cex,-1018935.96336
2025-09-24,0x91dca37856240e5e1906222ec79278b16420dc92,cex,-47922.82017519
2025-09-24,0x9642b23ed1e01df1092b92641051881a322f5d4e,cex,-38339.41518226
2025-09-24,0x9b0c45d46d386cedd98873168c36efd0dcba8d46,cex,508179.607
2025-09-24,0xa023f08c70a23abc7edfc5b6b5e171d78dfc947e,cex,1115.70834968
2025-09-24,0xa9d1e08c7793af67e9d92fe308d5697fb81d3e43,cex,-17216.1572375
2025-09-24,0xab782bc7d4a2b306825de5a7730034f8f63ee1bc,cex,-259114.21
2025-09-24,0xb0a3a2b60e969afd26561429aa4c1444c57e4411,cex,300961.36
2025-09-24,0xcc282e2004428939ee5149a9e7872f0b4d5d5ec7,cex,0.89888
2025-09-24,0xd2dd7b597fd2435b6db61ddf48544fd931e6869f,cex,120915.52717
2025-09-24,0xdf5e3a1ed0c14a53eee240022301ecb9d267671b,cex,773125.6585793
2025-09-24,0xe8c15aad9d4cd3f59c9dfa18828b91a8b2c49596,cex,100495.44362242
2025-09-25,0x0d0707963952f2fba59dd06f2b425ace40b492fe,cex,-334609.62538302
2025-09-25,0x33a64dcdfa041befebc9161a3e0c6180cd94fa89,cex,-682.31030566
2025-09-25,0x52c77b0cb827afbad022e6d6caf2c44452edbc39,lp,256562.49292254
2025-09-25,0x548054687ef6c56c6d82e8269e5fd93d8b88fcb2,cex,14874.32912108
2025-09-25,0x651641299c7ec0aa44ad7ed9b7e12702fed2022f,cex,357240.29034086
2025-09-25,0x73d8bd54f7cf5fab43fe4ef40a62d390644946db,cex,-9601.38289554
2025-09-25,0x91dca37856240e5e1906222ec79278b16420dc92,cex,-3027.48425375
2025-09-25,0x9642b23ed1e01df1092b92641051881a322f5d4e,cex,-61163.51227792
2025-09-25,0x9b0c45d46d386cedd98873168c36efd0dcba8d46,cex,74949.602
2025-09-25,0xa9d1e08c7793af67e9d92fe308d5697fb81d3e43,cex,-24647.00220016
2025-09-25,0xab782bc7d4a2b306825de5a7730034f8f63ee1bc,cex,48985.44118558
2025-09-25,0xcffad3200574698b78f32232aa9d63eabd290703,cex,4832.14
2025-09-25,0xd2dd7b597fd2435b6db61ddf48544fd931e6869f,cex,35248.30596
2025-09-25,0xdf5e3a1ed0c14a53eee240022301ecb9d267671b,cex,4906.77251092
2025-09-26,0x0529ea5885702715e83923c59746ae8734c553b7,cex,24252.5771656
2025-09-26,0x0d0707963952f2fba59dd06f2b425ace40b492fe,cex,1146837.44850309
2025-09-26,0x33a64dcdfa041befebc9161a3e0c6180cd94fa89,cex,-21312.04877299
2025-09-26,0x52c77b0cb827afbad022e6d6caf2c44452edbc39,lp,-177750.84822992
2025-09-26,0x651641299c7ec0aa44ad7ed9b7e12702fed2022f,cex,-188835.6304205
2025-09-26,0x73d8bd54f7cf5fab43fe4ef40a62d390644946db,cex,97463.27220513
2025-09-26,0x91dca37856240e5e1906222ec79278b16420dc92,cex,20303.00719172
2025-09-26,0x9642b23ed1e01df1092b92641051881a322f5d4e,cex,-54772.83753328
2025-09-26,0x9b0c45d46d386cedd98873168c36efd0dcba8d46,cex,236990.436
2025-09-26,0xa9d1e08c7793af67e9d92fe308d5697fb81d3e43,cex,-2637.31779827
2025-09-26,0xab782bc7d4a2b306825de5a7730034f8f63ee1bc,cex,171333.09442754
2025-09-26,0xc882b111a75c0c657fc507c04fbfcd2cc984f071,cex,-1027115.85866885
2025-09-26,0xcc282e2004428939ee5149a9e7872f0b4d5d5ec7,cex,176.6482
2025-09-26,0xcffad3200574698b78f32232aa9d63eabd290703,cex,-6945.21
2025-09-26,0xd2dd7b597fd2435b6db61ddf48544fd931e6869f,cex,554720.19168
2025-09-26,0xdf5e3a1ed0c14a53eee240022301ecb9d267671b,cex,-112451.12889563
2025-09-26,0xe8c15aad9d4cd3f59c9dfa18828b91a8b2c49596,cex,36392.20771957
2025-09-27,0x0529ea5885702715e83923c59746ae8734c553b7,cex,41351.1507827
2025-09-27,0x0d0707963952f2fba59dd06f2b425ace40b492fe,cex,-3642.2074127
2025-09-27,0x33a64dcdfa041befebc9161a3e0c6180cd94fa89,cex,-32270.23691292
2025-09-27,0x52c77b0cb827afbad022e6d6caf2c44452edbc39,lp,302436.76937284
2025-09-27,0x651641299c7ec0aa44ad7ed9b7e12702fed2022f,cex,153458.88144638
2025-09-27,0x73d8bd54f7cf5fab43fe4ef40a62d390644946db,cex,2541.94711291
2025-09-27,0x9642b23ed1e01df1092b92641051881a322f5d4e,cex,-8921.20118928
2025-09-27,0x9b0c45d46d386cedd98873168c36efd0dcba8d46,cex,53921.244
2025-09-27,0xa9d1e08c7793af67e9d92fe308d5697fb81d3e43,cex,56457.01555125
2025-09-27,0xab782bc7d4a2b306825de5a7730034f8f63ee1bc,cex,-7229.069549
2025-09-27,0xcffad3200574698b78f32232aa9d63eabd290703,cex,6127.02
2025-09-27,0xdf5e3a1ed0c14a53eee240022301ecb9d267671b,cex,10951.2153796
2025-09-28,0x0d0707963952f2fba59dd06f2b425ace40b492fe,cex,207393.40844718
2025-09-28,0x33a64dcdfa041befebc9161a3e0c6180cd94fa89,cex,-2880.52322522
2025-09-28,0x52c77b0cb827afbad022e6d6caf2c44452edbc39,lp,-90036.95006635
2025-09-28,0x651641299c7ec0aa44ad7ed9b7e12702fed2022f,cex,309009.23541548
2025-09-28,0x73d8bd54f7cf5fab43fe4ef40a62d390644946db,cex,3019.91283813
2025-09-28,0x91dca37856240e5e1906222ec79278b16420dc92,cex,9517.91201928
2025-09-28,0x9642b23ed1e01df1092b92641051881a322f5d4e,cex,-4249.06281883
2025-09-28,0x9b0c45d46d386cedd98873168c36efd0dcba8d46,cex,10434.925
2025-09-28,0xa9d1e08c7793af67e9d92fe308d5697fb81d3e43,cex,29227.17685398
2025-09-28,0xab782bc7d4a2b306825de5a7730034f8f63ee1bc,cex,-100
2025-09-28,0xdf5e3a1ed0c14a53eee240022301ecb9d267671b,cex,-52973.85367358
2025-09-29,0x0d0707963952f2fba59dd06f2b425ace40b492fe,cex,-154688.11727073
2025-09-29,0x33a64dcdfa041befebc9161a3e0c6180cd94fa89,cex,-878.07985411
2025-09-29,0x377b8ce04761754e8ac153b47805a9cf6b190873,cex,-11
2025-09-29,0x52c77b0cb827afbad022e6d6caf2c44452edbc39,lp,101289.84622415
2025-09-29,0x651641299c7ec0aa44ad7ed9b7e12702fed2022f,cex,47434.03879511
2025-09-29,0x73d8bd54f7cf5fab43fe4ef40a62d390644946db,cex,-146.63199143
2025-09-29,0x91dca37856240e5e1906222ec79278b16420dc92,cex,-2584.32172095
2025-09-29,0x9642b23ed1e01df1092b92641051881a322f5d4e,cex,6937.89862388
2025-09-29,0x9b0c45d46d386cedd98873168c36efd0dcba8d46,cex,14223.829
2025-09-29,0xa9d1e08c7793af67e9d92fe308d5697fb81d3e43,cex,-47498.28606124
2025-09-29,0xab782bc7d4a2b306825de5a7730034f8f63ee1bc,cex,-5122.72034418
2025-09-29,0xcc282e2004428939ee5149a9e7872f0b4d5d5ec7,cex,1334.28563
2025-09-29,0xcffad3200574698b78f32232aa9d63eabd290703,cex,121667.92
2025-09-29,0xd2dd7b597fd2435b6db61ddf48544fd931e6869f,cex,230992.05905
2025-09-29,0xdf5e3a1ed0c14a53eee240022301ecb9d267671b,cex,-23277.85474625
2025-09-29,0xe8c15aad9d4cd3f59c9dfa18828b91a8b2c49596,cex,50651.64814665
2025-09-30,0x0d0707963952f2fba59dd06f2b425ace40b492fe,cex,69661.65811658
2025-09-30,0x33a64dcdfa041befebc9161a3e0c6180cd94fa89,cex,-50
2025-09-30,0x377b8ce04761754e8ac153b47805a9cf6b190873,cex,2652.76113323
2025-09-30,0x52c77b0cb827afbad022e6d6caf2c44452edbc39,lp,91608.66436697
2025-09-30,0x651641299c7ec0aa44ad7ed9b7e12702fed2022f,cex,129752.11104173
2025-09-30,0x73d8bd54f7cf5fab43fe4ef40a62d390644946db,cex,19726.4646687
2025-09-30,0x91dca37856240e5e1906222ec79278b16420dc92,cex,26062.45908674
2025-09-30,0x9642b23ed1e01df1092b92641051881a322f5d4e,cex,2771.47400156
2025-09-30,0xa9d1e08c7793af67e9d92fe308d5697fb81d3e43,cex,71412.65408551
2025-09-30,0xab782bc7d4a2b306825de5a7730034f8f63ee1bc,cex,82993.44979628
2025-09-30,0xcc282e2004428939ee5149a9e7872f0b4d5d5ec7,cex,25.80551
2025-09-30,0xd2dd7b597fd2435b6db61ddf48544fd931e6869f,cex,-176204.32743
2025-09-30,0xdf5e3a1ed0c14a53eee240022301ecb9d267671b,cex,-119351.9407454
2025-10-01,0x0d0707963952f2fba59dd06f2b425ace40b492fe,cex,-149010.05434902
2025-10-01,0x33a64dcdfa041befebc9161a3e0c6180cd94fa89,cex,94111.73502253
2025-10-01,0x52c77b0cb827afbad022e6d6caf2c44452edbc39,lp,-469598.35236556
2025-10-01,0x651641299c7ec0aa44ad7ed9b7e12702fed2022f,cex,-970349.17303867
2025-10-01,0x73d8bd54f7cf5fab43fe4ef40a62d390644946db,cex,-32808.59635472
2025-10-01,0x7dafba1d69f6c01ae7567ffd7b046ca03b706f83,cex,35447.33777
2025-10-01,0x91dca37856240e5e1906222ec79278b16420dc92,cex,-8627.98302652
2025-10-01,0x9642b23ed1e01df1092b92641051881a322f5d4e,cex,43687.47243558
2025-10-01,0x9b0c45d46d386cedd98873168c36efd0dcba8d46,cex,333940.039
2025-10-01,0xa9d1e08c7793af67e9d92fe308d5697fb81d3e43,cex,-97120.4934813
2025-10-01,0xab782bc7d4a2b306825de5a7730034f8f63ee1bc,cex,-247704.85241427
2025-10-01,0xb0a3a2b60e969afd26561429aa4c1444c57e4411,cex,38409.62
2025-10-01,0xcc282e2004428939ee5149a9e7872f0b4d5d5ec7,cex,34.07656
2025-10-01,0xcffad3200574698b78f32232aa9d63eabd290703,cex,20431.582818
2025-10-01,0xd2dd7b597fd2435b6db61ddf48544fd931e6869f,cex,141511.94191
2025-10-01,0xdf5e3a1ed0c14a53eee240022301ecb9d267671b,cex,-618278.1709242
2025-10-02,0x0529ea5885702715e83923c59746ae8734c553b7,cex,18046.70563579
2025-10-02,0x0d0707963952f2fba59dd06f2b425ace40b492fe,cex,-114361.95418476
2025-10-02,0x33a64dcdfa041befebc9161a3e0c6180cd94fa89,cex,251240.43430504
2025-10-02,0x52c77b0cb827afbad022e6d6caf2c44452edbc39,lp,-586257.83256332
2025-10-02,0x651641299c7ec0aa44ad7ed9b7e12702fed2022f,cex,-241867.41950304
2025-10-02,0x73d8bd54f7cf5fab43fe4ef40a62d390644946db,cex,7831.09359834
2025-10-02,0x91dca37856240e5e1906222ec79278b16420dc92,cex,-9837
2025-10-02,0x9642b23ed1e01df1092b92641051881a322f5d4e,cex,-65370.68084012
2025-10-02,0x9b0c45d46d386cedd98873168c36efd0dcba8d46,cex,-10655.43
2025-10-02,0xa023f08c70a23abc7edfc5b6b5e171d78dfc947e,cex,118437.5
2025-10-02,0xa9d1e08c7793af67e9d92fe308d5697fb81d3e43,cex,-19434.65704044
2025-10-02,0xab782bc7d4a2b306825de5a7730034f8f63ee1bc,cex,-98757.93812586
2025-10-02,0xcc282e2004428939ee5149a9e7872f0b4d5d5ec7,cex,101.86466
2025-10-02,0xcffad3200574698b78f32232aa9d63eabd290703,cex,-176115.68917723
2025-10-02,0xd2dd7b597fd2435b6db61ddf48544fd931e6869f,cex,-136614.48762
2025-10-02,0xdf5e3a1ed0c14a53eee240022301ecb9d267671b,cex,969359.88285332
2025-10-02,0xe8c15aad9d4cd3f59c9dfa18828b91a8b2c49596,cex,-500000
2025-10-02,0xf35a6bd6e0459a4b53a27862c51a2a7292b383d1,cex,150000
2025-10-03,0x0d0707963952f2fba59dd06f2b425ace40b492fe,cex,-609.01209021
2025-10-03,0x33a64dcdfa041befebc9161a3e0c6180cd94fa89,cex,-8863.2833542
2025-10-03,0x52c77b0cb827afbad022e6d6caf2c44452edbc39,lp,-335546.18113934
2025-10-03,0x651641299c7ec0aa44ad7ed9b7e12702fed2022f,cex,-475662.04957733
2025-10-03,0x73d8bd54f7cf5fab43fe4ef40a62d390644946db,cex,-5551.78603698
2025-10-03,0x91dca37856240e5e1906222ec79278b16420dc92,cex,12461.08689713
2025-10-03,0x9642b23ed1e01df1092b92641051881a322f5d4e,cex,-379.08918007
2025-10-03,0x9b0c45d46d386cedd98873168c36efd0dcba8d46,cex,37883.041
2025-10-03,0xa023f08c70a23abc7edfc5b6b5e171d78dfc947e,cex,326.307
2025-10-03,0xa9d1e08c7793af67e9d92fe308d5697fb81d3e43,cex,-41480.13302708
2025-10-03,0xab782bc7d4a2b306825de5a7730034f8f63ee1bc,cex,43342.39574711
2025-10-03,0xb0a3a2b60e969afd26561429aa4c1444c57e4411,cex,-140000
2025-10-03,0xcffad3200574698b78f32232aa9d63eabd290703,cex,9173.76
2025-10-03,0xd2dd7b597fd2435b6db61ddf48544fd931e6869f,cex,24017.03776
2025-10-03,0xdf5e3a1ed0c14a53eee240022301ecb9d267671b,cex,749445.95377681
2025-10-04,0x0d0707963952f2fba59dd06f2b425ace40b492fe,cex,-107700.90165928
2025-10-04,0x33a64dcdfa041befebc9161a3e0c6180cd94fa89,cex,-27.52941885
2025-10-04,0x52c77b0cb827afbad022e6d6caf2c44452edbc39,lp,-220641.86022389
2025-10-04,0x651641299c7ec0aa44ad7ed9b7e12702fed2022f,cex,-99221.14632353
2025-10-04,0x73d8bd54f7cf5fab43fe4ef40a62d390644946db,cex,-19114.05615943
2025-10-04,0x91dca37856240e5e1906222ec79278b16420dc92,cex,-45908
2025-10-04,0x9642b23ed1e01df1092b92641051881a322f5d4e,cex,-74936.38019703
2025-10-04,0xa9d1e08c7793af67e9d92fe308d5697fb81d3e43,cex,-86928.7123235
2025-10-04,0xab782bc7d4a2b306825de5a7730034f8f63ee1bc,cex,-222088.303
2025-10-04,0xdf5e3a1ed0c14a53eee240022301ecb9d267671b,cex,-1274948.89130021
2025-10-04,0xe8c15aad9d4cd3f59c9dfa18828b91a8b2c49596,cex,500000
2025-10-05,0x0d0707963952f2fba59dd06f2b425ace40b492fe,cex,78559.12106202
2025-10-05,0x33a64dcdfa041befebc9161a3e0c6180cd94fa89,cex,-101374.85522593
2025-10-05,0x377b8ce04761754e8ac153b47805a9cf6b190873,cex,428.96972679
2025-10-05,0x52c77b0cb827afbad022e6d6caf2c44452edbc39,lp,-285426.17315201
2025-10-05,0x548054687ef6c56c6d82e8269e5fd93d8b88fcb2,cex,21469.17757632
2025-10-05,0x651641299c7ec0aa44ad7ed9b7e12702fed2022f,cex,-259111.96285325
2025-10-05,0x73d8bd54f7cf5fab43fe4ef40a62d390644946db,cex,1096.84995892
2025-10-05,0x91dca37856240e5e1906222ec79278b16420dc92,cex,-68264.71119945
2025-10-05,0x9642b23ed1e01df1092b92641051881a322f5d4e,cex,39770.58646904
2025-10-05,0x9b0c45d46d386cedd98873168c36efd0dcba8d46,cex,-127293.9
2025-10-05,0xa9d1e08c7793af67e9d92fe308d5697fb81d3e43,cex,45428.04149795
2025-10-05,0xab782bc7d4a2b306825de5a7730034f8f63ee1bc,cex,205967.71452461
2025-10-05,0xb0a3a2b60e969afd26561429aa4c1444c57e4411,cex,-486872.23
2025-10-05,0xcffad3200574698b78f32232aa9d63eabd290703,cex,-21971.87
2025-10-05,0xdf5e3a1ed0c14a53eee240022301ecb9d267671b,cex,-661140.53985639
2025-10-05,0xf35a6bd6e0459a4b53a27862c51a2a7292b383d1,cex,100000
2025-10-06,0x0d0707963952f2fba59dd06f2b425ace40b492fe,cex,-23076.85278998
2025-10-06,0x33a64dcdfa041befebc9161a3e0c6180cd94fa89,cex,-6127.37475173
2025-10-06,0x377b8ce04761754e8ac153b47805a9cf6b190873,cex,10332.84243673
2025-10-06,0x52c77b0cb827afbad022e6d6caf2c44452edbc39,lp,137072.46889579
2025-10-06,0x651641299c7ec0aa44ad7ed9b7e12702fed2022f,cex,-154747.98704225
2025-10-06,0x73d8bd54f7cf5fab43fe4ef40a62d390644946db,cex,-36672.72915248
2025-10-06,0x9642b23ed1e01df1092b92641051881a322f5d4e,cex,85072.5486663
2025-10-06,0x9b0c45d46d386cedd98873168c36efd0dcba8d46,cex,-296145.355
2025-10-06,0xa9d1e08c7793af67e9d92fe308d5697fb81d3e43,cex,-14920.79092709
2025-10-06,0xab782bc7d4a2b306825de5a7730034f8f63ee1bc,cex,78348.62417848
2025-10-06,0xcffad3200574698b78f32232aa9d63eabd290703,cex,-15514.10012653
2025-10-06,0xd2dd7b597fd2435b6db61ddf48544fd931e6869f,cex,97900.11398
2025-10-06,0xdf5e3a1ed0c14a53eee240022301ecb9d267671b,cex,-226577.43933771
2025-10-07,0x0529ea5885702715e83923c59746ae8734c553b7,cex,-11948.484035
2025-10-07,0x0d0707963952f2fba59dd06f2b425ace40b492fe,cex,-1004.95732168
2025-10-07,0x33a64dcdfa041befebc9161a3e0c6180cd94fa89,cex,-220.05275936
2025-10-07,0x377b8ce04761754e8ac153b47805a9cf6b190873,cex,1075.81316209
2025-10-07,0x52c77b0cb827afbad022e6d6caf2c44452edbc39,lp,254667.58480267
2025-10-07,0x651641299c7ec0aa44ad7ed9b7e12702fed2022f,cex,428157.84298521
2025-10-07,0x73d8bd54f7cf5fab43fe4ef40a62d390644946db,cex,97581.81297135
2025-10-07,0x91dca37856240e5e1906222ec79278b16420dc92,cex,-14345.70267803
2025-10-07,0x9642b23ed1e01df1092b92641051881a322f5d4e,cex,-299744.25928408
2025-10-07,0x9b0c45d46d386cedd98873168c36efd0dcba8d46,cex,-218753.784
2025-10-07,0xa023f08c70a23abc7edfc5b6b5e171d78dfc947e,cex,390.1468968
2025-10-07,0xa9d1e08c7793af67e9d92fe308d5697fb81d3e43,cex,-56624.47361623
2025-10-07,0xab782bc7d4a2b306825de5a7730034f8f63ee1bc,cex,-2564.87815823
2025-10-07,0xcffad3200574698b78f32232aa9d63eabd290703,cex,-40000
2025-10-07,0xd2dd7b597fd2435b6db61ddf48544fd931e6869f,cex,-225887.04061
2025-10-07,0xdf5e3a1ed0c14a53eee240022301ecb9d267671b,cex,291553.68498481
2025-10-08,0x0d0707963952f2fba59dd06f2b425ace40b492fe,cex,40941.96192326
2025-10-08,0x52c77b0cb827afbad022e6d6caf2c44452edbc39,lp,-300874.46930835
2025-10-08,0x651641299c7ec0aa44ad7ed9b7e12702fed2022f,cex,99737.31542882
2025-10-08,0x73d8bd54f7cf5fab43fe4ef40a62d390644946db,cex,-27628.69366392
2025-10-08,0x7dafba1d69f6c01ae7567ffd7b046ca03b706f83,cex,-508792.87917
2025-10-08,0x91dca37856240e5e1906222ec79278b16420dc92,cex,-37348
2025-10-08,0x9642b23ed1e01df1092b92641051881a322f5d4e,cex,58763.72408113
2025-10-08,0x9b0c45d46d386cedd98873168c36efd0dcba8d46,cex,-127208
2025-10-08,0xa9d1e08c7793af67e9d92fe308d5697fb81d3e43,cex,89316.69088631
2025-10-08,0xab782bc7d4a2b306825de5a7730034f8f63ee1bc,cex,-45572.06850265
2025-10-08,0xcc282e2004428939ee5149a9e7872f0b4d5d5ec7,cex,-20004.32099
2025-10-08,0xcffad3200574698b78f32232aa9d63eabd290703,cex,12406.18
2025-10-08,0xd2dd7b597fd2435b6db61ddf48544fd931e6869f,cex,-131283.44908
2025-10-08,0xdf5e3a1ed0c14a53eee240022301ecb9d267671b,cex,2327724.43012806
2025-10-09,0x0d0707963952f2fba59dd06f2b425ace40b492fe,cex,-1208235.36551182
2025-10-09,0x33a64dcdfa041befebc9161a3e0c6180cd94fa89,cex,348.25602692
2025-10-09,0x52c77b0cb827afbad022e6d6caf2c44452edbc39,lp,100000.67004322
2025-10-09,0x651641299c7ec0aa44ad7ed9b7e12702fed2022f,cex,39053.46329771
2025-10-09,0x73d8bd54f7cf5fab43fe4ef40a62d390644946db,cex,3442.45082741
2025-10-09,0x91dca37856240e5e1906222ec79278b16420dc92,cex,21907.54331661
2025-10-09,0x9642b23ed1e01df1092b92641051881a322f5d4e,cex,-3689.06429282
2025-10-09,0x9b0c45d46d386cedd98873168c36efd0dcba8d46,cex,6897.854
2025-10-09,0xa9d1e08c7793af67e9d92fe308d5697fb81d3e43,cex,9460.78726317
2025-10-09,0xab782bc7d4a2b306825de5a7730034f8f63ee1bc,cex,103574.4056804
2025-10-09,0xc882b111a75c0c657fc507c04fbfcd2cc984f071,cex,1116469.25070822
2025-10-09,0xcffad3200574698b78f32232aa9d63eabd290703,cex,98945.45
2025-10-09,0xd2dd7b597fd2435b6db61ddf48544fd931e6869f,cex,342698.33475
2025-10-09,0xdf5e3a1ed0c14a53eee240022301ecb9d267671b,cex,-637376.79977253
2025-10-10,0x0d0707963952f2fba59dd06f2b425ace40b492fe,cex,-143191.0810855
2025-10-10,0x33a64dcdfa041befebc9161a3e0c6180cd94fa89,cex,-1221.07560026
2025-10-10,0x52c77b0cb827afbad022e6d6caf2c44452edbc39,lp,715960.75461243
2025-10-10,0x651641299c7ec0aa44ad7ed9b7e12702fed2022f,cex,-865114.02452943
2025-10-10,0x73d8bd54f7cf5fab43fe4ef40a62d390644946db,cex,23660.74601836
2025-10-10,0x91dca37856240e5e1906222ec79278b16420dc92,cex,59.19
2025-10-10,0x9642b23ed1e01df1092b92641051881a322f5d4e,cex,162252.17096961
2025-10-10,0x9b0c45d46d386cedd98873168c36efd0dcba8d46,cex,-78589.4
2025-10-10,0xa9d1e08c7793af67e9d92fe308d5697fb81d3e43,cex,180.60257718
2025-10-10,0xab782bc7d4a2b306825de5a7730034f8f63ee1bc,cex,27036.02263579
2025-10-10,0xcffad3200574698b78f32232aa9d63eabd290703,cex,99415.58
2025-10-10,0xd2dd7b597fd2435b6db61ddf48544fd931e6869f,cex,-330189.98606
2025-10-10,0xdf5e3a1ed0c14a53eee240022301ecb9d267671b,cex,1250580.83531712
2025-10-11,0x0d0707963952f2fba59dd06f2b425ace40b492fe,cex,545220.21384059
2025-10-11,0x33a64dcdfa041befebc9161a3e0c6180cd94fa89,cex,-4441.44547815
2025-10-11,0x52c77b0cb827afbad022e6d6caf2c44452edbc39,lp,180419.09136885
2025-10-11,0x651641299c7ec0aa44ad7ed9b7e12702fed2022f,cex,-2664907.44653869
2025-10-11,0x73d8bd54f7cf5fab43fe4ef40a62d390644946db,cex,13634.86776003
2025-10-11,0x91dca37856240e5e1906222ec79278b16420dc92,cex,-19822.6367
2025-10-11,0x9642b23ed1e01df1092b92641051881a322f5d4e,cex,628559.4876767
2025-10-11,0x9b0c45d46d386cedd98873168c36efd0dcba8d46,cex,45846.349
2025-10-11,0xa9d1e08c7793af67e9d92fe308d5697fb81d3e43,cex,72726.4063117
2025-10-11,0xab782bc7d4a2b306825de5a7730034f8f63ee1bc,cex,55325.87906785
2025-10-11,0xb0a3a2b60e969afd26561429aa4c1444c57e4411,cex,320454.07
2025-10-11,0xcffad3200574698b78f32232aa9d63eabd290703,cex,-12502.15486025
2025-10-11,0xdf5e3a1ed0c14a53eee240022301ecb9d267671b,cex,275089.44794633
2025-10-12,0x0d0707963952f2fba59dd06f2b425ace40b492fe,cex,-77270.73800711
2025-10-12,0x33a64dcdfa041befebc9161a3e0c6180cd94fa89,cex,-419.94738092
2025-10-12,0x52c77b0cb827afbad022e6d6caf2c44452edbc39,lp,-703916.20817507
2025-10-12,0x548054687ef6c56c6d82e8269e5fd93d8b88fcb2,cex,16386.10361551
2025-10-12,0x651641299c7ec0aa44ad7ed9b7e12702fed2022f,cex,-221062.39013775
2025-10-12,0x73d8bd54f7cf5fab43fe4ef40a62d390644946db,cex,27996.88032494
2025-10-12,0x91dca37856240e5e1906222ec79278b16420dc92,cex,77976.01779281
2025-10-12,0x9642b23ed1e01df1092b92641051881a322f5d4e,cex,170259.10305216
2025-10-12,0x9b0c45d46d386cedd98873168c36efd0dcba8d46,cex,66700.731
2025-10-12,0xa9d1e08c7793af67e9d92fe308d5697fb81d3e43,cex,-3509.34287549
2025-10-12,0xab782bc7d4a2b306825de5a7730034f8f63ee1bc,cex,93592.43317035
2025-10-12,0xcffad3200574698b78f32232aa9d63eabd290703,cex,-7136.02235873
2025-10-12,0xdf5e3a1ed0c14a53eee240022301ecb9d267671b,cex,-1299381.10999154
2025-10-12,0xf35a6bd6e0459a4b53a27862c51a2a7292b383d1,cex,200000
2025-10-13,0x0529ea5885702715e83923c59746ae8734c553b7,cex,96177.84475312
2025-10-13,0x0d0707963952f2fba59dd06f2b425ace40b492fe,cex,-258033.87317739
2025-10-13,0x33a64dcdfa041befebc9161a3e0c6180cd94fa89,cex,295.07268425
2025-10-13,0x52c77b0cb827afbad022e6d6caf2c44452edbc39,lp,128461.643733
2025-10-13,0x651641299c7ec0aa44ad7ed9b7e12702fed2022f,cex,152331.13095281
2025-10-13,0x73d8bd54f7cf5fab43fe4ef40a62d390644946db,cex,-121750.11589651
2025-10-13,0x91dca37856240e5e1906222ec79278b16420dc92,cex,-8405.8109
2025-10-13,0x9642b23ed1e01df1092b92641051881a322f5d4e,cex,-62698.02632891
2025-10-13,0x9b0c45d46d386cedd98873168c36efd0dcba8d46,cex,19761.79
2025-10-13,0xa9d1e08c7793af67e9d92fe308d5697fb81d3e43,cex,-26847.52484509
2025-10-13,0xab782bc7d4a2b306825de5a7730034f8f63ee1bc,cex,2391.409335
2025-10-13,0xcffad3200574698b78f32232aa9d63eabd290703,cex,99929.249
2025-10-13,0xd2dd7b597fd2435b6db61ddf48544fd931e6869f,cex,178957.66427
2025-10-13,0xdf5e3a1ed0c14a53eee240022301ecb9d267671b,cex,585157.35872784
2025-10-13,0xe8c15aad9d4cd3f59c9dfa18828b91a8b2c49596,cex,-282800
2025-10-13,0xf35a6bd6e0459a4b53a27862c51a2a7292b383d1,cex,150000
2025-10-14,0x0529ea5885702715e83923c59746ae8734c553b7,cex,241060.98337
2025-10-14,0x0d0707963952f2fba59dd06f2b425ace40b492fe,cex,18970.99033356
2025-10-14,0x33a64dcdfa041befebc9161a3e0c6180cd94fa89,cex,145.76608244
2025-10-14,0x52c77b0cb827afbad022e6d6caf2c44452edbc39,lp,359972.12005631
2025-10-14,0x651641299c7ec0aa44ad7ed9b7e12702fed2022f,cex,-924246.44057499
2025-10-14,0x73d8bd54f7cf5fab43fe4ef40a62d390644946db,cex,10596.02257895
2025-10-14,0x91dca37856240e5e1906222ec79278b16420dc92,cex,24345.00068945
2025-10-14,0x9642b23ed1e01df1092b92641051881a322f5d4e,cex,-83933.35555153
2025-10-14,0x9b0c45d46d386cedd98873168c36efd0dcba8d46,cex,268563.895
2025-10-14,0xa9d1e08c7793af67e9d92fe308d5697fb81d3e43,cex,368.49473245
2025-10-14,0xab782bc7d4a2b306825de5a7730034f8f63ee1bc,cex,-260085.43172872
2025-10-14,0xb0a3a2b60e969afd26561429aa4c1444c57e4411,cex,518474.5
2025-10-14,0xd2dd7b597fd2435b6db61ddf48544fd931e6869f,cex,-41726.12349
2025-10-14,0xdf5e3a1ed0c14a53eee240022301ecb9d267671b,cex,-107734.16065476
2025-10-15,0x0529ea5885702715e83923c59746ae8734c553b7,cex,91488.3888
2025-10-15,0x0d0707963952f2fba59dd06f2b425ace40b492fe,cex,130198.5788106
2025-10-15,0x33a64dcdfa041befebc9161a3e0c6180cd94fa89,cex,119.34281086
2025-10-15,0x52c77b0cb827afbad022e6d6caf2c44452edbc39,lp,169850.46549735
2025-10-15,0x651641299c7ec0aa44ad7ed9b7e12702fed2022f,cex,-231862.51994922
2025-10-15,0x73d8bd54f7cf5fab43fe4ef40a62d390644946db,cex,25240.69578126
2025-10-15,0x7dafba1d69f6c01ae7567ffd7b046ca03b706f83,cex,1641850.31516
2025-10-15,0x91dca37856240e5e1906222ec79278b16420dc92,cex,-24680.0744428
2025-10-15,0x9642b23ed1e01df1092b92641051881a322f5d4e,cex,38370.13702417
2025-10-15,0x9b0c45d46d386cedd98873168c36efd0dcba8d46,cex,11757.256
2025-10-15,0xa9d1e08c7793af67e9d92fe308d5697fb81d3e43,cex,-13696.60690129
2025-10-15,0xab782bc7d4a2b306825de5a7730034f8f63ee1bc,cex,65563.10607417
2025-10-15,0xcffad3200574698b78f32232aa9d63eabd290703,cex,-6415.438758
2025-10-15,0xd2dd7b597fd2435b6db61ddf48544fd931e6869f,cex,-36724.45335
2025-10-15,0xdf5e3a1ed0c14a53eee240022301ecb9d267671b,cex,-2345051.87303963
2025-10-16,0x0d0707963952f2fba59dd06f2b425ace40b492fe,cex,84381.59235767
2025-10-16,0x33a64dcdfa041befebc9161a3e0c6180cd94fa89,cex,-11543.19014693
2025-10-16,0x377b8ce04761754e8ac153b47805a9cf6b190873,cex,66389.60958115
2025-10-16,0x52c77b0cb827afbad022e6d6caf2c44452edbc39,lp,254338.39618483
2025-10-16,0x651641299c7ec0aa44ad7ed9b7e12702fed2022f,cex,-165289.68670351
2025-10-16,0x73d8bd54f7cf5fab43fe4ef40a62d390644946db,cex,-3367.77444272
2025-10-16,0x91dca37856240e5e1906222ec79278b16420dc92,cex,14626.18881386
2025-10-16,0x93228d328c9c74c2bfe9f97638bbb5ef322f2bd5,cex,44799.32235
2025-10-16,0x9642b23ed1e01df1092b92641051881a322f5d4e,cex,13934.76583868
2025-10-16,0x9b0c45d46d386cedd98873168c36efd0dcba8d46,cex,-10818.804
2025-10-16,0xa9d1e08c7793af67e9d92fe308d5697fb81d3e43,cex,46159.47336743
2025-10-16,0xab782bc7d4a2b306825de5a7730034f8f63ee1bc,cex,-90403.59198836
2025-10-16,0xcffad3200574698b78f32232aa9d63eabd290703,cex,29445.336758
2025-10-16,0xd2dd7b597fd2435b6db61ddf48544fd931e6869f,cex,84604.32057
2025-10-16,0xdf5e3a1ed0c14a53eee240022301ecb9d267671b,cex,-314419.4752281
2025-10-17,0x0529ea5885702715e83923c59746ae8734c553b7,cex,77882.04396978
2025-10-17,0x0d0707963952f2fba59dd06f2b425ace40b492fe,cex,147841.65793855
2025-10-17,0x33a64dcdfa041befebc9161a3e0c6180cd94fa89,cex,-4042.39248364
2025-10-17,0x52c77b0cb827afbad022e6d6caf2c44452edbc39,lp,267168.09820844
2025-10-17,0x651641299c7ec0aa44ad7ed9b7e12702fed2022f,cex,247454.0615877
2025-10-17,0x73d8bd54f7cf5fab43fe4ef40a62d390644946db,cex,152260.09330239
2025-10-17,0x91dca37856240e5e1906222ec79278b16420dc92,cex,57638.15711684
2025-10-17,0x93228d328c9c74c2bfe9f97638bbb5ef322f2bd5,cex,-1625.92287683
2025-10-17,0x9642b23ed1e01df1092b92641051881a322f5d4e,cex,-17957.50396635
2025-10-17,0x9b0c45d46d386cedd98873168c36efd0dcba8d46,cex,290372.01
2025-10-17,0xa9d1e08c7793af67e9d92fe308d5697fb81d3e43,cex,35157.57172362
2025-10-17,0xab782bc7d4a2b306825de5a7730034f8f63ee1bc,cex,223209.86358823
2025-10-17,0xcffad3200574698b78f32232aa9d63eabd290703,cex,18050.363766
2025-10-17,0xd2dd7b597fd2435b6db61ddf48544fd931e6869f,cex,-49963.62538
2025-10-17,0xdf5e3a1ed0c14a53eee240022301ecb9d267671b,cex,184098.37798363
2025-10-18,0x0d0707963952f2fba59dd06f2b425ace40b492fe,cex,259967.59051888
2025-10-18,0x33a64dcdfa041befebc9161a3e0c6180cd94fa89,cex,-4050.89639234
2025-10-18,0x52c77b0cb827afbad022e6d6caf2c44452edbc39,lp,206640.05015041
2025-10-18,0x651641299c7ec0aa44ad7ed9b7e12702fed2022f,cex,467237.21174885
2025-10-18,0x73d8bd54f7cf5fab43fe4ef40a62d390644946db,cex,73270.81180693
2025-10-18,0x91dca37856240e5e1906222ec79278b16420dc92,cex,23182.69058039
2025-10-18,0x93228d328c9c74c2bfe9f97638bbb5ef322f2bd5,cex,132.56142042
2025-10-18,0x9642b23ed1e01df1092b92641051881a322f5d4e,cex,119077.58186642
2025-10-18,0x9b0c45d46d386cedd98873168c36efd0dcba8d46,cex,51146.97
2025-10-18,0xa023f08c70a23abc7edfc5b6b5e171d78dfc947e,cex,3537.88
2025-10-18,0xa9d1e08c7793af67e9d92fe308d5697fb81d3e43,cex,14369.64063366
2025-10-18,0xab782bc7d4a2b306825de5a7730034f8f63ee1bc,cex,-188302.77264213
2025-10-18,0xb0a3a2b60e969afd26561429aa4c1444c57e4411,cex,301514.55
2025-10-18,0xcffad3200574698b78f32232aa9d63eabd290703,cex,-3727.786667
2025-10-18,0xdf5e3a1ed0c14a53eee240022301ecb9d267671b,cex,-1402585.97721846
2025-10-19,0x0d0707963952f2fba59dd06f2b425ace40b492fe,cex,35705.85882843
2025-10-19,0x52c77b0cb827afbad022e6d6caf2c44452edbc39,lp,-191479.05989628
2025-10-19,0x651641299c7ec0aa44ad7ed9b7e12702fed2022f,cex,222168.47060386
2025-10-19,0x73d8bd54f7cf5fab43fe4ef40a62d390644946db,cex,9337.92724763
2025-10-19,0x91dca37856240e5e1906222ec79278b16420dc92,cex,-2451.73213706
2025-10-19,0x9642b23ed1e01df1092b92641051881a322f5d4e,cex,164884.58380506
2025-10-19,0x9b0c45d46d386cedd98873168c36efd0dcba8d46,cex,35632.112
2025-10-19,0xa9d1e08c7793af67e9d92fe308d5697fb81d3e43,cex,-103340.54877612
2025-10-19,0xab782bc7d4a2b306825de5a7730034f8f63ee1bc,cex,-24603.06959476
2025-10-19,0xcffad3200574698b78f32232aa9d63eabd290703,cex,6088.08
2025-10-19,0xdf5e3a1ed0c14a53eee240022301ecb9d267671b,cex,-99839.26020911
2025-10-20,0x0d0707963952f2fba59dd06f2b425ace40b492fe,cex,-19482.70901904
2025-10-20,0x33a64dcdfa041befebc9161a3e0c6180cd94fa89,cex,-2647.12851601
2025-10-20,0x52c77b0cb827afbad022e6d6caf2c44452edbc39,lp,-64975.84102891
2025-10-20,0x651641299c7ec0aa44ad7ed9b7e12702fed2022f,cex,-807854.76754128
2025-10-20,0x73d8bd54f7cf5fab43fe4ef40a62d390644946db,cex,-25903.34525152
2025-10-20,0x9642b23ed1e01df1092b92641051881a322f5d4e,cex,216165.03718661
2025-10-20,0x9b0c45d46d386cedd98873168c36efd0dcba8d46,cex,282333.603
2025-10-20,0xa023f08c70a23abc7edfc5b6b5e171d78dfc947e,cex,14341.25468412
2025-10-20,0xa9d1e08c7793af67e9d92fe308d5697fb81d3e43,cex,71131.22446914
2025-10-20,0xab782bc7d4a2b306825de5a7730034f8f63ee1bc,cex,265059.67480553
2025-10-20,0xcffad3200574698b78f32232aa9d63eabd290703,cex,10315.33110432
2025-10-20,0xd2dd7b597fd2435b6db61ddf48544fd931e6869f,cex,-124395.25025
2025-10-20,0xdf5e3a1ed0c14a53eee240022301ecb9d267671b,cex,496458.27864011
2025-10-21,0x0529ea5885702715e83923c59746ae8734c553b7,cex,74333.35336
2025-10-21,0x0d0707963952f2fba59dd06f2b425ace40b492fe,cex,90313.20208926
2025-10-21,0x33a64dcdfa041befebc9161a3e0c6180cd94fa89,cex,-3000
2025-10-21,0x52c77b0cb827afbad022e6d6caf2c44452edbc39,lp,83570.41908983
2025-10-21,0x651641299c7ec0aa44ad7ed9b7e12702fed2022f,cex,-51815.37267964
2025-10-21,0x73d8bd54f7cf5fab43fe4ef40a62d390644946db,cex,-34220.14456622
2025-10-21,0x91dca37856240e5e1906222ec79278b16420dc92,cex,-16335.74085771
2025-10-21,0x9642b23ed1e01df1092b92641051881a322f5d4e,cex,-45972.20215909
2025-10-21,0x9b0c45d46d386cedd98873168c36efd0dcba8d46,cex,32140.361
2025-10-21,0xa9d1e08c7793af67e9d92fe308d5697fb81d3e43,cex,-138722.6784878
2025-10-21,0xab782bc7d4a2b306825de5a7730034f8f63ee1bc,cex,-158174.72497153
2025-10-21,0xd2dd7b597fd2435b6db61ddf48544fd931e6869f,cex,178482.68257
2025-10-21,0xdf5e3a1ed0c14a53eee240022301ecb9d267671b,cex,-537043.30575449
2025-10-21,0xe8c15aad9d4cd3f59c9dfa18828b91a8b2c49596,cex,137193.70644592
2025-10-22,0x0d0707963952f2fba59dd06f2b425ace40b492fe,cex,79396.9942386
2025-10-22,0x33a64dcdfa041befebc9161a3e0c6180cd94fa89,cex,-164.48952425
2025-10-22,0x52c77b0cb827afbad022e6d6caf2c44452edbc39,lp,428377.04602173
2025-10-22,0x651641299c7ec0aa44ad7ed9b7e12702fed2022f,cex,171563.13768655
2025-10-22,0x73d8bd54f7cf5fab43fe4ef40a62d390644946db,cex,20082.49434819
2025-10-22,0x7dafba1d69f6c01ae7567ffd7b046ca03b706f83,cex,-1809953.3442
2025-10-22,0x91dca37856240e5e1906222ec79278b16420dc92,cex,71353.80726784
2025-10-22,0x93228d328c9c74c2bfe9f97638bbb5ef322f2bd5,cex,4260.23631
2025-10-22,0x9642b23ed1e01df1092b92641051881a322f5d4e,cex,27591.33302917
2025-10-22,0x9b0c45d46d386cedd98873168c36efd0dcba8d46,cex,-32578
2025-10-22,0xa9d1e08c7793af67e9d92fe308d5697fb81d3e43,cex,207296.35825635
2025-10-22,0xab782bc7d4a2b306825de5a7730034f8f63ee1bc,cex,203416.34864275
2025-10-22,0xcffad3200574698b78f32232aa9d63eabd290703,cex,-11243
2025-10-22,0xd2dd7b597fd2435b6db61ddf48544fd931e6869f,cex,-149031.30111
2025-10-22,0xdf5e3a1ed0c14a53eee240022301ecb9d267671b,cex,1415799.36058969
2025-10-23,0x0d0707963952f2fba59dd06f2b425ace40b492fe,cex,-178437.5976332
2025-10-23,0x33a64dcdfa041befebc9161a3e0c6180cd94fa89,cex,-1082.06508842
2025-10-23,0x52c77b0cb827afbad022e6d6caf2c44452edbc39,lp,-360690.20879475
2025-10-23,0x651641299c7ec0aa44ad7ed9b7e12702fed2022f,cex,-322796.43944164
2025-10-23,0x73d8bd54f7cf5fab43fe4ef40a62d390644946db,cex,-412.07992056
2025-10-23,0x91dca37856240e5e1906222ec79278b16420dc92,cex,2475.09816477
2025-10-23,0x9642b23ed1e01df1092b92641051881a322f5d4e,cex,47567.79278342
2025-10-23,0x9b0c45d46d386cedd98873168c36efd0dcba8d46,cex,171480.967
2025-10-23,0xa023f08c70a23abc7edfc5b6b5e171d78dfc947e,cex,236.28253563
2025-10-23,0xa9d1e08c7793af67e9d92fe308d5697fb81d3e43,cex,-36688.13833807
2025-10-23,0xab782bc7d4a2b306825de5a7730034f8f63ee1bc,cex,-250179.61159955
2025-10-23,0xb0a3a2b60e969afd26561429aa4c1444c57e4411,cex,305883.01
2025-10-23,0xcffad3200574698b78f32232aa9d63eabd290703,cex,6205.353658
2025-10-23,0xd2dd7b597fd2435b6db61ddf48544fd931e6869f,cex,-19137.66877
2025-10-23,0xdf5e3a1ed0c14a53eee240022301ecb9d267671b,cex,1259441.07043392
2025-10-24,0x0d0707963952f2fba59dd06f2b425ace40b492fe,cex,183480.90382008
2025-10-24,0x52c77b0cb827afbad022e6d6caf2c44452edbc39,lp,-238719.01969422
2025-10-24,0x651641299c7ec0aa44ad7ed9b7e12702fed2022f,cex,107278.42187352
2025-10-24,0x73d8bd54f7cf5fab43fe4ef40a62d390644946db,cex,11845.73573009
2025-10-24,0x91dca37856240e5e1906222ec79278b16420dc92,cex,-33744
2025-10-24,0x9642b23ed1e01df1092b92641051881a322f5d4e,cex,-121127.19826478
2025-10-24,0x9b0c45d46d386cedd98873168c36efd0dcba8d46,cex,15648.872
2025-10-24,0xa9d1e08c7793af67e9d92fe308d5697fb81d3e43,cex,-54687.41057673
2025-10-24,0xab782bc7d4a2b306825de5a7730034f8f63ee1bc,cex,-74592.22088296
2025-10-24,0xd2dd7b597fd2435b6db61ddf48544fd931e6869f,cex,177305.42427
2025-10-24,0xdd276dc5223d0120f9bf1776f38957cc8da23cb0,cex,137168.18483826
2025-10-24,0xdf5e3a1ed0c14a53eee240022301ecb9d267671b,cex,304614.80801047
2025-10-24,0xe8c15aad9d4cd3f59c9dfa18828b91a8b2c49596,cex,58235.70355408
2025-10-25,0x0d0707963952f2fba59dd06f2b425ace40b492fe,cex,-1244586.5764144
2025-10-25,0x33a64dcdfa041befebc9161a3e0c6180cd94fa89,cex,-91.51249662
2025-10-25,0x52c77b0cb827afbad022e6d6caf2c44452edbc39,lp,-14606.45411836
2025-10-25,0x651641299c7ec0aa44ad7ed9b7e12702fed2022f,cex,-24773.22171057
2025-10-25,0x73d8bd54f7cf5fab43fe4ef40a62d390644946db,cex,50286.13707392
2025-10-25,0x9642b23ed1e01df1092b92641051881a322f5d4e,cex,22183.97063044
2025-10-25,0xa9d1e08c7793af67e9d92fe308d5697fb81d3e43,cex,-15862.26304704
2025-10-25,0xab782bc7d4a2b306825de5a7730034f8f63ee1bc,cex,-42044.04504627
2025-10-25,0xb0a3a2b60e969afd26561429aa4c1444c57e4411,cex,-30000
2025-10-25,0xc882b111a75c0c657fc507c04fbfcd2cc984f071,cex,973723.10889415
2025-10-25,0xcffad3200574698b78f32232aa9d63eabd290703,cex,-11000
2025-10-25,0xdd276dc5223d0120f9bf1776f38957cc8da23cb0,cex,39496.58516174
2025-10-25,0xdf5e3a1ed0c14a53eee240022301ecb9d267671b,cex,106103.59049932
2025-10-26,0x0d0707963952f2fba59dd06f2b425ace40b492fe,cex,1060655.12990955
2025-10-26,0x33a64dcdfa041befebc9161a3e0c6180cd94fa89,cex,57.46257731
2025-10-26,0x52c77b0cb827afbad022e6d6caf2c44452edbc39,lp,-99914.22355908
2025-10-26,0x651641299c7ec0aa44ad7ed9b7e12702fed2022f,cex,89071.52602904
2025-10-26,0x73d8bd54f7cf5fab43fe4ef40a62d390644946db,cex,-81620.49109588
2025-10-26,0x93228d328c9c74c2bfe9f97638bbb5ef322f2bd5,cex,4479.69
2025-10-26,0x9642b23ed1e01df1092b92641051881a322f5d4e,cex,16415.49045786
2025-10-26,0x9b0c45d46d386cedd98873168c36efd0dcba8d46,cex,-21920.6
2025-10-26,0xa9d1e08c7793af67e9d92fe308d5697fb81d3e43,cex,53536.35336662
2025-10-26,0xab782bc7d4a2b306825de5a7730034f8f63ee1bc,cex,-106263.74842155
2025-10-26,0xb0a3a2b60e969afd26561429aa4c1444c57e4411,cex,-62000
2025-10-26,0xc882b111a75c0c657fc507c04fbfcd2cc984f071,cex,-988826.26322555
2025-10-26,0xcffad3200574698b78f32232aa9d63eabd290703,cex,-19237
2025-10-26,0xdf5e3a1ed0c14a53eee240022301ecb9d267671b,cex,238581.35010175
2025-10-27,0x0d0707963952f2fba59dd06f2b425ace40b492fe,cex,84362.93346802
2025-10-27,0x33a64dcdfa041befebc9161a3e0c6180cd94fa89,cex,245950
2025-10-27,0x52c77b0cb827afbad022e6d6caf2c44452edbc39,lp,299262.67432152
2025-10-27,0x651641299c7ec0aa44ad7ed9b7e12702fed2022f,cex,-442235.48413568
2025-10-27,0x73d8bd54f7cf5fab43fe4ef40a62d390644946db,cex,-5339.60063032
2025-10-27,0x91dca37856240e5e1906222ec79278b16420dc92,cex,-21302.02225057
2025-10-27,0x9642b23ed1e01df1092b92641051881a322f5d4e,cex,-123830.95186212
2025-10-27,0x9b0c45d46d386cedd98873168c36efd0dcba8d46,cex,-143661.448
2025-10-27,0xa9d1e08c7793af67e9d92fe308d5697fb81d3e43,cex,-34147.30257718
2025-10-27,0xab782bc7d4a2b306825de5a7730034f8f63ee1bc,cex,146003.69690244
2025-10-27,0xd2dd7b597fd2435b6db61ddf48544fd931e6869f,cex,54933.26761
2025-10-27,0xdf5e3a1ed0c14a53eee240022301ecb9d267671b,cex,328056.13342347
2025-10-28,0x0529ea5885702715e83923c59746ae8734c553b7,cex,-12526.41786444
2025-10-28,0x0d0707963952f2fba59dd06f2b425ace40b492fe,cex,-328648.84981043
2025-10-28,0x33a64dcdfa041befebc9161a3e0c6180cd94fa89,cex,240.64030402
2025-10-28,0x52c77b0cb827afbad022e6d6caf2c44452edbc39,lp,22690.95481435
2025-10-28,0x651641299c7ec0aa44ad7ed9b7e12702fed2022f,cex,280157.01323205
2025-10-28,0x73d8bd54f7cf5fab43fe4ef40a62d390644946db,cex,114493.44701713
2025-10-28,0x91dca37856240e5e1906222ec79278b16420dc92,cex,-19467.65457684
2025-10-28,0x9642b23ed1e01df1092b92641051881a322f5d4e,cex,-21683.23711656
2025-10-28,0xa9d1e08c7793af67e9d92fe308d5697fb81d3e43,cex,-27136.15653057
2025-10-28,0xab782bc7d4a2b306825de5a7730034f8f63ee1bc,cex,-22689.13736286
2025-10-28,0xcffad3200574698b78f32232aa9d63eabd290703,cex,150644.54
2025-10-28,0xd2dd7b597fd2435b6db61ddf48544fd931e6869f,cex,150967.28536
2025-10-28,0xdf5e3a1ed0c14a53eee240022301ecb9d267671b,cex,-119919.19247757
2025-10-29,0x0529ea5885702715e83923c59746ae8734c553b7,cex,17125.15828
2025-10-29,0x0d0707963952f2fba59dd06f2b425ace40b492fe,cex,28034.84076685
2025-10-29,0x33a64dcdfa041befebc9161a3e0c6180cd94fa89,cex,-443.77848664
2025-10-29,0x52c77b0cb827afbad022e6d6caf2c44452edbc39,lp,-143902.35770696
2025-10-29,0x651641299c7ec0aa44ad7ed9b7e12702fed2022f,cex,592769.8517793
2025-10-29,0x73d8bd54f7cf5fab43fe4ef40a62d390644946db,cex,14126.22743186
2025-10-29,0x7dafba1d69f6c01ae7567ffd7b046ca03b706f83,cex,1064497.18721
2025-10-29,0x91dca37856240e5e1906222ec79278b16420dc92,cex,-20077.64365411
2025-10-29,0x93228d328c9c74c2bfe9f97638bbb5ef322f2bd5,cex,136.56949766
2025-10-29,0x9642b23ed1e01df1092b92641051881a322f5d4e,cex,551.67796778
2025-10-29,0x9b0c45d46d386cedd98873168c36efd0dcba8d46,cex,15421.831
2025-10-29,0xa9d1e08c7793af67e9d92fe308d5697fb81d3e43,cex,-15775.13013142
2025-10-29,0xab782bc7d4a2b306825de5a7730034f8f63ee1bc,cex,213543.77732235
2025-10-29,0xd2dd7b597fd2435b6db61ddf48544fd931e6869f,cex,-23329.47508
2025-10-29,0xdf5e3a1ed0c14a53eee240022301ecb9d267671b,cex,-1088640.21454069
2025-10-30,0x0d0707963952f2fba59dd06f2b425ace40b492fe,cex,55073.96864824
2025-10-30,0x33a64dcdfa041befebc9161a3e0c6180cd94fa89,cex,3668.01807536
2025-10-30,0x52c77b0cb827afbad022e6d6caf2c44452edbc39,lp,582662.58606842
2025-10-30,0x651641299c7ec0aa44ad7ed9b7e12702fed2022f,cex,-554326.80444945
2025-10-30,0x73d8bd54f7cf5fab43fe4ef40a62d390644946db,cex,25756.8498787
2025-10-30,0x91dca37856240e5e1906222ec79278b16420dc92,cex,126570.34485809
2025-10-30,0x9642b23ed1e01df1092b92641051881a322f5d4e,cex,27359.45254794
2025-10-30,0x9b0c45d46d386cedd98873168c36efd0dcba8d46,cex,-14715.038
2025-10-30,0xa9d1e08c7793af67e9d92fe308d5697fb81d3e43,cex,132989.86459746
2025-10-30,0xab782bc7d4a2b306825de5a7730034f8f63ee1bc,cex,-149316.48441594
2025-10-30,0xb0a3a2b60e969afd26561429aa4c1444c57e4411,cex,360359.07
2025-10-30,0xcffad3200574698b78f32232aa9d63eabd290703,cex,-9995
2025-10-30,0xdf5e3a1ed0c14a53eee240022301ecb9d267671b,cex,-143615.51194195
2025-10-31,0x0d0707963952f2fba59dd06f2b425ace40b492fe,cex,-63302.06160266
2025-10-31,0x33a64dcdfa041befebc9161a3e0c6180cd94fa89,cex,-686.01146775
2025-10-31,0x52c77b0cb827afbad022e6d6caf2c44452edbc39,lp,344926.03914455
2025-10-31,0x651641299c7ec0aa44ad7ed9b7e12702fed2022f,cex,-858494.95889288
2025-10-31,0x73d8bd54f7cf5fab43fe4ef40a62d390644946db,cex,29891.78759876
2025-10-31,0x91dca37856240e5e1906222ec79278b16420dc92,cex,39301.73530249
2025-10-31,0x93228d328c9c74c2bfe9f97638bbb5ef322f2bd5,cex,3778.81
2025-10-31,0x9642b23ed1e01df1092b92641051881a322f5d4e,cex,-328054.33810203
2025-10-31,0x9b0c45d46d386cedd98873168c36efd0dcba8d46,cex,223473.547
2025-10-31,0xa023f08c70a23abc7edfc5b6b5e171d78dfc947e,cex,778.87407062
2025-10-31,0xa9d1e08c7793af67e9d92fe308d5697fb81d3e43,cex,3129.25720887
2025-10-31,0xab782bc7d4a2b306825de5a7730034f8f63ee1bc,cex,168848.997
2025-10-31,0xb0a3a2b60e969afd26561429aa4c1444c57e4411,cex,-180000
2025-10-31,0xcc282e2004428939ee5149a9e7872f0b4d5d5ec7,cex,66401.11202
2025-10-31,0xcffad3200574698b78f32232aa9d63eabd290703,cex,3154.83
2025-10-31,0xd2dd7b597fd2435b6db61ddf48544fd931e6869f,cex,260138.94276
2025-10-31,0xdf5e3a1ed0c14a53eee240022301ecb9d267671b,cex,-271061.85287056
2025-11-01,0x0529ea5885702715e83923c59746ae8734c553b7,cex,-16000
2025-11-01,0x0d0707963952f2fba59dd06f2b425ace40b492fe,cex,101253.81983232
2025-11-01,0x33a64dcdfa041befebc9161a3e0c6180cd94fa89,cex,1350
2025-11-01,0x52c77b0cb827afbad022e6d6caf2c44452edbc39,lp,-325392.36915595
2025-11-01,0x651641299c7ec0aa44ad7ed9b7e12702fed2022f,cex,529589.17217941
2025-11-01,0x73d8bd54f7cf5fab43fe4ef40a62d390644946db,cex,916.7268008
2025-11-01,0x91dca37856240e5e1906222ec79278b16420dc92,cex,72
2025-11-01,0x93228d328c9c74c2bfe9f97638bbb5ef322f2bd5,cex,1283.27779683
2025-11-01,0x9642b23ed1e01df1092b92641051881a322f5d4e,cex,-379681.62859606
2025-11-01,0xa9d1e08c7793af67e9d92fe308d5697fb81d3e43,cex,25855.46752886
2025-11-01,0xab782bc7d4a2b306825de5a7730034f8f63ee1bc,cex,21432.67902868
2025-11-01,0xdf5e3a1ed0c14a53eee240022301ecb9d267671b,cex,-113266.83199864
2025-11-02,0x0529ea5885702715e83923c59746ae8734c553b7,cex,-31402.79308
2025-11-02,0x0d0707963952f2fba59dd06f2b425ace40b492fe,cex,-101838.53153278
2025-11-02,0x33a64dcdfa041befebc9161a3e0c6180cd94fa89,cex,-279.9512692
2025-11-02,0x52c77b0cb827afbad022e6d6caf2c44452edbc39,lp,251482.54815637
2025-11-02,0x651641299c7ec0aa44ad7ed9b7e12702fed2022f,cex,121894.76111635
2025-11-02,0x73d8bd54f7cf5fab43fe4ef40a62d390644946db,cex,5715.74683505
2025-11-02,0x91dca37856240e5e1906222ec79278b16420dc92,cex,-18601
2025-11-02,0x93228d328c9c74c2bfe9f97638bbb5ef322f2bd5,cex,7948.1199
2025-11-02,0x9642b23ed1e01df1092b92641051881a322f5d4e,cex,-108531.56489028
2025-11-02,0x9b0c45d46d386cedd98873168c36efd0dcba8d46,cex,-31297
2025-11-02,0xa9d1e08c7793af67e9d92fe308d5697fb81d3e43,cex,-24353.98878024
2025-11-02,0xab782bc7d4a2b306825de5a7730034f8f63ee1bc,cex,83544.409874
2025-11-02,0xb0a3a2b60e969afd26561429aa4c1444c57e4411,cex,385721.23
2025-11-02,0xcffad3200574698b78f32232aa9d63eabd290703,cex,-12640.12
2025-11-02,0xdc154fcee1babb560e8528c3a7791527f01423df,custody,433978.76053
2025-11-02,0xdf5e3a1ed0c14a53eee240022301ecb9d267671b,cex,-362323.88712167
2025-11-03,0x0529ea5885702715e83923c59746ae8734c553b7,cex,-20627.68396
2025-11-03,0x0d0707963952f2fba59dd06f2b425ace40b492fe,cex,346605.02550323
2025-11-03,0x33a64dcdfa041befebc9161a3e0c6180cd94fa89,cex,2498.48997793
2025-11-03,0x52c77b0cb827afbad022e6d6caf2c44452edbc39,lp,591009.04544285
2025-11-03,0x651641299c7ec0aa44ad7ed9b7e12702fed2022f,cex,1324211.54740124
2025-11-03,0x73d8bd54f7cf5fab43fe4ef40a62d390644946db,cex,-17543.48892216
2025-11-03,0x91dca37856240e5e1906222ec79278b16420dc92,cex,16806.69
2025-11-03,0x93228d328c9c74c2bfe9f97638bbb5ef322f2bd5,cex,9748.51
2025-11-03,0x9642b23ed1e01df1092b92641051881a322f5d4e,cex,-118313.43233948
2025-11-03,0x9b0c45d46d386cedd98873168c36efd0dcba8d46,cex,515287.406
2025-11-03,0xa023f08c70a23abc7edfc5b6b5e171d78dfc947e,cex,82596.77
2025-11-03,0xa9d1e08c7793af67e9d92fe308d5697fb81d3e43,cex,62697.59816759
2025-11-03,0xab782bc7d4a2b306825de5a7730034f8f63ee1bc,cex,-88867.18460399
2025-11-03,0xb0a3a2b60e969afd26561429aa4c1444c57e4411,cex,379054.73
2025-11-03,0xcffad3200574698b78f32232aa9d63eabd290703,cex,-150522.42208494
2025-11-03,0xd2dd7b597fd2435b6db61ddf48544fd931e6869f,cex,-379363.71305
2025-11-03,0xdf5e3a1ed0c14a53eee240022301ecb9d267671b,cex,-176890.9169746
2025-11-04,0x0529ea5885702715e83923c59746ae8734c553b7,cex,225587.74198327
2025-11-04,0x0d0707963952f2fba59dd06f2b425ace40b492fe,cex,538553.065606
2025-11-04,0x33a64dcdfa041befebc9161a3e0c6180cd94fa89,cex,7936.58117413
2025-11-04,0x52c77b0cb827afbad022e6d6caf2c44452edbc39,lp,203053.90314867
2025-11-04,0x651641299c7ec0aa44ad7ed9b7e12702fed2022f,cex,4940766.65057449
2025-11-04,0x73d8bd54f7cf5fab43fe4ef40a62d390644946db,cex,-3299.68111439
2025-11-04,0x91dca37856240e5e1906222ec79278b16420dc92,cex,4500.75160687
2025-11-04,0x93228d328c9c74c2bfe9f97638bbb5ef322f2bd5,cex,20841.08
2025-11-04,0x9642b23ed1e01df1092b92641051881a322f5d4e,cex,-697532.22119145
2025-11-04,0x9b0c45d46d386cedd98873168c36efd0dcba8d46,cex,-117149.669
2025-11-04,0xa9d1e08c7793af67e9d92fe308d5697fb81d3e43,cex,135486.83630486
2025-11-04,0xab782bc7d4a2b306825de5a7730034f8f63ee1bc,cex,208707.57738588
2025-11-04,0xb0a3a2b60e969afd26561429aa4c1444c57e4411,cex,-250000
2025-11-04,0xd2dd7b597fd2435b6db61ddf48544fd931e6869f,cex,-216520.92991
2025-11-04,0xdf5e3a1ed0c14a53eee240022301ecb9d267671b,cex,373527.30294855
2025-11-05,0x0529ea5885702715e83923c59746ae8734c553b7,cex,20068.92569182
2025-11-05,0x0d0707963952f2fba59dd06f2b425ace40b492fe,cex,-40269.96623733
2025-11-05,0x33a64dcdfa041befebc9161a3e0c6180cd94fa89,cex,-4216.14364495
2025-11-05,0x52c77b0cb827afbad022e6d6caf2c44452edbc39,lp,-196188.55606587
2025-11-05,0x548054687ef6c56c6d82e8269e5fd93d8b88fcb2,cex,-80000
2025-11-05,0x651641299c7ec0aa44ad7ed9b7e12702fed2022f,cex,-2500151.33577357
2025-11-05,0x73d8bd54f7cf5fab43fe4ef40a62d390644946db,cex,31877.36538483
2025-11-05,0x7dafba1d69f6c01ae7567ffd7b046ca03b706f83,cex,-486137.58584
2025-11-05,0x91dca37856240e5e1906222ec79278b16420dc92,cex,8512.28797239
2025-11-05,0x93228d328c9c74c2bfe9f97638bbb5ef322f2bd5,cex,-9601.63675
2025-11-05,0x9642b23ed1e01df1092b92641051881a322f5d4e,cex,350935.55967551
2025-11-05,0x9b0c45d46d386cedd98873168c36efd0dcba8d46,cex,793487.541
2025-11-05,0xa9d1e08c7793af67e9d92fe308d5697fb81d3e43,cex,-60412.9409087
2025-11-05,0xab782bc7d4a2b306825de5a7730034f8f63ee1bc,cex,-284427.25432206
2025-11-05,0xb0a3a2b60e969afd26561429aa4c1444c57e4411,cex,416835.09
2025-11-05,0xcffad3200574698b78f32232aa9d63eabd290703,cex,6532.403333
2025-11-05,0xdc154fcee1babb560e8528c3a7791527f01423df,custody,361075.8355
2025-11-05,0xdf5e3a1ed0c14a53eee240022301ecb9d267671b,cex,585025.93331949
2025-11-06,0x0529ea5885702715e83923c59746ae8734c553b7,cex,-182201.17915678
2025-11-06,0x0d0707963952f2fba59dd06f2b425ace40b492fe,cex,175411.697875
2025-11-06,0x33a64dcdfa041befebc9161a3e0c6180cd94fa89,cex,-314.64317158
2025-11-06,0x52c77b0cb827afbad022e6d6caf2c44452edbc39,lp,307975.05479402
2025-11-06,0x548054687ef6c56c6d82e8269e5fd93d8b88fcb2,cex,136139.46135693
2025-11-06,0x651641299c7ec0aa44ad7ed9b7e12702fed2022f,cex,-334279.43140047
2025-11-06,0x73d8bd54f7cf5fab43fe4ef40a62d390644946db,cex,-11950.54815676
2025-11-06,0x91dca37856240e5e1906222ec79278b16420dc92,cex,44747.21129805
2025-11-06,0x93228d328c9c74c2bfe9f97638bbb5ef322f2bd5,cex,4603.95
2025-11-06,0x9642b23ed1e01df1092b92641051881a322f5d4e,cex,4712.67899828
2025-11-06,0x9b0c45d46d386cedd98873168c36efd0dcba8d46,cex,-78447
2025-11-06,0xa9d1e08c7793af67e9d92fe308d5697fb81d3e43,cex,-18001.4911506
2025-11-06,0xab782bc7d4a2b306825de5a7730034f8f63ee1bc,cex,-809.72513162
2025-11-06,0xb0a3a2b60e969afd26561429aa4c1444c57e4411,cex,-200000
2025-11-06,0xcffad3200574698b78f32232aa9d63eabd290703,cex,15717.159042
2025-11-06,0xd2dd7b597fd2435b6db61ddf48544fd931e6869f,cex,-20934.235
2025-11-06,0xdc154fcee1babb560e8528c3a7791527f01423df,custody,401560.89656
2025-11-06,0xdf5e3a1ed0c14a53eee240022301ecb9d267671b,cex,-256619.94343117
2025-11-07,0x0529ea5885702715e83923c59746ae8734c553b7,cex,124756.71820372
2025-11-07,0x0d0707963952f2fba59dd06f2b425ace40b492fe,cex,56354.32337667
2025-11-07,0x33a64dcdfa041befebc9161a3e0c6180cd94fa89,cex,170.55968581
2025-11-07,0x52c77b0cb827afbad022e6d6caf2c44452edbc39,lp,-502512.11633959
2025-11-07,0x651641299c7ec0aa44ad7ed9b7e12702fed2022f,cex,540226.54443441
2025-11-07,0x73d8bd54f7cf5fab43fe4ef40a62d390644946db,cex,-22723.22906251
2025-11-07,0x91dca37856240e5e1906222ec79278b16420dc92,cex,-26689
2025-11-07,0x93228d328c9c74c2bfe9f97638bbb5ef322f2bd5,cex,11469.51
2025-11-07,0x9642b23ed1e01df1092b92641051881a322f5d4e,cex,-340174.5273536
2025-11-07,0x9b0c45d46d386cedd98873168c36efd0dcba8d46,cex,67916.88
2025-11-07,0xa9d1e08c7793af67e9d92fe308d5697fb81d3e43,cex,55874.76321389
2025-11-07,0xab782bc7d4a2b306825de5a7730034f8f63ee1bc,cex,-56342.02230603
2025-11-07,0xcffad3200574698b78f32232aa9d63eabd290703,cex,-11779
2025-11-07,0xd2dd7b597fd2435b6db61ddf48544fd931e6869f,cex,-76409.12194
2025-11-07,0xdf5e3a1ed0c14a53eee240022301ecb9d267671b,cex,264877.13642081
2025-11-08,0x0d0707963952f2fba59dd06f2b425ace40b492fe,cex,-185527.65543292
2025-11-08,0x33a64dcdfa041befebc9161a3e0c6180cd94fa89,cex,-159.38819816
2025-11-08,0x52c77b0cb827afbad022e6d6caf2c44452edbc39,lp,421440.97339249
2025-11-08,0x548054687ef6c56c6d82e8269e5fd93d8b88fcb2,cex,-80000
2025-11-08,0x651641299c7ec0aa44ad7ed9b7e12702fed2022f,cex,-27054.03142589
2025-11-08,0x73d8bd54f7cf5fab43fe4ef40a62d390644946db,cex,7430.80806101
2025-11-08,0x93228d328c9c74c2bfe9f97638bbb5ef322f2bd5,cex,-6984.09
2025-11-08,0x9642b23ed1e01df1092b92641051881a322f5d4e,cex,-105772.66287546
2025-11-08,0x9b0c45d46d386cedd98873168c36efd0dcba8d46,cex,-121367
2025-11-08,0xa023f08c70a23abc7edfc5b6b5e171d78dfc947e,cex,176.45045157
2025-11-08,0xa9d1e08c7793af67e9d92fe308d5697fb81d3e43,cex,-10789.12700467
2025-11-08,0xab782bc7d4a2b306825de5a7730034f8f63ee1bc,cex,77305.25898738
2025-11-08,0xb0a3a2b60e969afd26561429aa4c1444c57e4411,cex,-200000
2025-11-08,0xdf5e3a1ed0c14a53eee240022301ecb9d267671b,cex,318444.87393338
2025-11-08,0xe8c15aad9d4cd3f59c9dfa18828b91a8b2c49596,cex,100000
2025-11-09,0x0d0707963952f2fba59dd06f2b425ace40b492fe,cex,-176594.27810679
2025-11-09,0x33a64dcdfa041befebc9161a3e0c6180cd94fa89,cex,-2234.50141376
2025-11-09,0x52c77b0cb827afbad022e6d6caf2c44452edbc39,lp,-69971.2687281
2025-11-09,0x651641299c7ec0aa44ad7ed9b7e12702fed2022f,cex,-475258.17132565
2025-11-09,0x73d8bd54f7cf5fab43fe4ef40a62d390644946db,cex,121126.05521223
2025-11-09,0x91dca37856240e5e1906222ec79278b16420dc92,cex,-39704
2025-11-09,0x93228d328c9c74c2bfe9f97638bbb5ef322f2bd5,cex,17623.39636
2025-11-09,0x9642b23ed1e01df1092b92641051881a322f5d4e,cex,140803.37378846
2025-11-09,0x9b0c45d46d386cedd98873168c36efd0dcba8d46,cex,28977.742
2025-11-09,0xa9d1e08c7793af67e9d92fe308d5697fb81d3e43,cex,-75355.12762493
2025-11-09,0xab782bc7d4a2b306825de5a7730034f8f63ee1bc,cex,14039.47148976
2025-11-09,0xcffad3200574698b78f32232aa9d63eabd290703,cex,-22254
2025-11-09,0xdf5e3a1ed0c14a53eee240022301ecb9d267671b,cex,-32784.2268521
2025-11-10,0x0d0707963952f2fba59dd06f2b425ace40b492fe,cex,241389.22469851
2025-11-10,0x33a64dcdfa041befebc9161a3e0c6180cd94fa89,cex,-1666.09249743
2025-11-10,0x52c77b0cb827afbad022e6d6caf2c44452edbc39,lp,-143604.25517742
2025-11-10,0x548054687ef6c56c6d82e8269e5fd93d8b88fcb2,cex,-60000
2025-11-10,0x651641299c7ec0aa44ad7ed9b7e12702fed2022f,cex,-429265.50826268
2025-11-10,0x73d8bd54f7cf5fab43fe4ef40a62d390644946db,cex,-132530.30927682
2025-11-10,0x91dca37856240e5e1906222ec79278b16420dc92,cex,-20615
2025-11-10,0x93228d328c9c74c2bfe9f97638bbb5ef322f2bd5,cex,52605.2
2025-11-10,0x9642b23ed1e01df1092b92641051881a322f5d4e,cex,-101851.65687416
2025-11-10,0x9b0c45d46d386cedd98873168c36efd0dcba8d46,cex,-16689.363
2025-11-10,0xa9d1e08c7793af67e9d92fe308d5697fb81d3e43,cex,-40651.30940598
2025-11-10,0xab782bc7d4a2b306825de5a7730034f8f63ee1bc,cex,8597.6145545
2025-11-10,0xcffad3200574698b78f32232aa9d63eabd290703,cex,11752.289025
2025-11-10,0xd2dd7b597fd2435b6db61ddf48544fd931e6869f,cex,299345.87631
2025-11-10,0xdf5e3a1ed0c14a53eee240022301ecb9d267671b,cex,16302.31773312
2025-11-11,0x0d0707963952f2fba59dd06f2b425ace40b492fe,cex,-476634.66280542
2025-11-11,0x33a64dcdfa041befebc9161a3e0c6180cd94fa89,cex,10175.75184343
2025-11-11,0x52c77b0cb827afbad022e6d6caf2c44452edbc39,lp,283142.99614499
2025-11-11,0x651641299c7ec0aa44ad7ed9b7e12702fed2022f,cex,-185060.41153602
2025-11-11,0x73d8bd54f7cf5fab43fe4ef40a62d390644946db,cex,5690.13827256
2025-11-11,0x91dca37856240e5e1906222ec79278b16420dc92,cex,-16904.31256845
2025-11-11,0x9642b23ed1e01df1092b92641051881a322f5d4e,cex,126046.51032879
2025-11-11,0x9b0c45d46d386cedd98873168c36efd0dcba8d46,cex,-15217
2025-11-11,0xa023f08c70a23abc7edfc5b6b5e171d78dfc947e,cex,384.30088847
2025-11-11,0xa9d1e08c7793af67e9d92fe308d5697fb81d3e43,cex,86584.21497156
2025-11-11,0xab782bc7d4a2b306825de5a7730034f8f63ee1bc,cex,19610.2210033
2025-11-11,0xcffad3200574698b78f32232aa9d63eabd290703,cex,267168.59
2025-11-11,0xd2dd7b597fd2435b6db61ddf48544fd931e6869f,cex,-25742.62057
2025-11-11,0xdf5e3a1ed0c14a53eee240022301ecb9d267671b,cex,83937.81994927
2025-11-12,0x0d0707963952f2fba59dd06f2b425ace40b492fe,cex,11575.19673013
2025-11-12,0x33a64dcdfa041befebc9161a3e0c6180cd94fa89,cex,-8553.70346327
2025-11-12,0x52c77b0cb827afbad022e6d6caf2c44452edbc39,lp,147316.43145122
2025-11-12,0x651641299c7ec0aa44ad7ed9b7e12702fed2022f,cex,313051.85530699
2025-11-12,0x73d8bd54f7cf5fab43fe4ef40a62d390644946db,cex,65850.28636824
2025-11-12,0x7dafba1d69f6c01ae7567ffd7b046ca03b706f83,cex,118796.81793
2025-11-12,0x91dca37856240e5e1906222ec79278b16420dc92,cex,11459.33754201
2025-11-12,0x9642b23ed1e01df1092b92641051881a322f5d4e,cex,451387.11366252
2025-11-12,0x9b0c45d46d386cedd98873168c36efd0dcba8d46,cex,161722.821
2025-11-12,0xa9d1e08c7793af67e9d92fe308d5697fb81d3e43,cex,8616.43285624
2025-11-12,0xab782bc7d4a2b306825de5a7730034f8f63ee1bc,cex,194764.09265903
2025-11-12,0xd2dd7b597fd2435b6db61ddf48544fd931e6869f,cex,-95945.48294
2025-11-12,0xdf5e3a1ed0c14a53eee240022301ecb9d267671b,cex,91547.79449
2025-11-13,0x0d0707963952f2fba59dd06f2b425ace40b492fe,cex,-339255.67889537
2025-11-13,0x33a64dcdfa041befebc9161a3e0c6180cd94fa89,cex,-1939.59645546
2025-11-13,0x52c77b0cb827afbad022e6d6caf2c44452edbc39,lp,-24287.26954175
2025-11-13,0x651641299c7ec0aa44ad7ed9b7e12702fed2022f,cex,469232.83696585
2025-11-13,0x73d8bd54f7cf5fab43fe4ef40a62d390644946db,cex,131819.94914807
2025-11-13,0x91dca37856240e5e1906222ec79278b16420dc92,cex,9773.84856095
2025-11-13,0x93228d328c9c74c2bfe9f97638bbb5ef322f2bd5,cex,8.233327
2025-11-13,0x9642b23ed1e01df1092b92641051881a322f5d4e,cex,-7722.66894464
2025-11-13,0x9b0c45d46d386cedd98873168c36efd0dcba8d46,cex,-82397
2025-11-13,0xa9d1e08c7793af67e9d92fe308d5697fb81d3e43,cex,-99907.47576683
2025-11-13,0xab782bc7d4a2b306825de5a7730034f8f63ee1bc,cex,43741.64063215
2025-11-13,0xcffad3200574698b78f32232aa9d63eabd290703,cex,-10065
2025-11-13,0xd2dd7b597fd2435b6db61ddf48544fd931e6869f,cex,22211.20808
2025-11-13,0xdc154fcee1babb560e8528c3a7791527f01423df,custody,412782.02249
2025-11-13,0xdf5e3a1ed0c14a53eee240022301ecb9d267671b,cex,-707670.77540365
2025-11-14,0x0529ea5885702715e83923c59746ae8734c553b7,cex,-64058.75585976
2025-11-14,0x0d0707963952f2fba59dd06f2b425ace40b492fe,cex,779889.82113643
2025-11-14,0x33a64dcdfa041befebc9161a3e0c6180cd94fa89,cex,989.80636509
2025-11-14,0x52c77b0cb827afbad022e6d6caf2c44452edbc39,lp,905394.69041616
2025-11-14,0x651641299c7ec0aa44ad7ed9b7e12702fed2022f,cex,1175977.42688316
2025-11-14,0x73d8bd54f7cf5fab43fe4ef40a62d390644946db,cex,71444.03961137
2025-11-14,0x91dca37856240e5e1906222ec79278b16420dc92,cex,19307.97350175
2025-11-14,0x93228d328c9c74c2bfe9f97638bbb5ef322f2bd5,cex,-31818.06
2025-11-14,0x9642b23ed1e01df1092b92641051881a322f5d4e,cex,-453278.30224849
2025-11-14,0x9b0c45d46d386cedd98873168c36efd0dcba8d46,cex,8480.385
2025-11-14,0xa023f08c70a23abc7edfc5b6b5e171d78dfc947e,cex,2114.82
2025-11-14,0xa9d1e08c7793af67e9d92fe308d5697fb81d3e43,cex,-9475.70264388
2025-11-14,0xab782bc7d4a2b306825de5a7730034f8f63ee1bc,cex,228972.7683277
2025-11-14,0xd2dd7b597fd2435b6db61ddf48544fd931e6869f,cex,-306106.4826
2025-11-14,0xdc154fcee1babb560e8528c3a7791527f01423df,custody,95577.66157
2025-11-14,0xdf5e3a1ed0c14a53eee240022301ecb9d267671b,cex,323916.61010791
2025-11-15,0x0529ea5885702715e83923c59746ae8734c553b7,cex,-20164.21724432
2025-11-15,0x0d0707963952f2fba59dd06f2b425ace40b492fe,cex,281206.13022346
2025-11-15,0x33a64dcdfa041befebc9161a3e0c6180cd94fa89,cex,-5440.74004716
2025-11-15,0x377b8ce04761754e8ac153b47805a9cf6b190873,cex,12417.08378511
2025-11-15,0x52c77b0cb827afbad022e6d6caf2c44452edbc39,lp,136061.19830949
2025-11-15,0x651641299c7ec0aa44ad7ed9b7e12702fed2022f,cex,-242758.92834963
2025-11-15,0x73d8bd54f7cf5fab43fe4ef40a62d390644946db,cex,8266.5570263
2025-11-15,0x9642b23ed1e01df1092b92641051881a322f5d4e,cex,64212.6813902
2025-11-15,0x9b0c45d46d386cedd98873168c36efd0dcba8d46,cex,7352.532
2025-11-15,0xa023f08c70a23abc7edfc5b6b5e171d78dfc947e,cex,330.67438675
2025-11-15,0xa9d1e08c7793af67e9d92fe308d5697fb81d3e43,cex,300024.89027667
2025-11-15,0xab782bc7d4a2b306825de5a7730034f8f63ee1bc,cex,-520405.14801536
2025-11-15,0xb0a3a2b60e969afd26561429aa4c1444c57e4411,cex,542018.48
2025-11-15,0xcffad3200574698b78f32232aa9d63eabd290703,cex,-20612
2025-11-15,0xdf5e3a1ed0c14a53eee240022301ecb9d267671b,cex,-61275.27305205
2025-11-16,0x0d0707963952f2fba59dd06f2b425ace40b492fe,cex,-399201.71017187
2025-11-16,0x33a64dcdfa041befebc9161a3e0c6180cd94fa89,cex,13865.66859005
2025-11-16,0x52c77b0cb827afbad022e6d6caf2c44452edbc39,lp,154941.36934045
2025-11-16,0x651641299c7ec0aa44ad7ed9b7e12702fed2022f,cex,533812.24623693
2025-11-16,0x73d8bd54f7cf5fab43fe4ef40a62d390644946db,cex,319060.66912549
2025-11-16,0x91dca37856240e5e1906222ec79278b16420dc92,cex,-20783.1467483
2025-11-16,0x9642b23ed1e01df1092b92641051881a322f5d4e,cex,-178688.19269343
2025-11-16,0x9b0c45d46d386cedd98873168c36efd0dcba8d46,cex,-69824.494
2025-11-16,0xa023f08c70a23abc7edfc5b6b5e171d78dfc947e,cex,1660.51129848
2025-11-16,0xa9d1e08c7793af67e9d92fe308d5697fb81d3e43,cex,21571.65226523
2025-11-16,0xab782bc7d4a2b306825de5a7730034f8f63ee1bc,cex,167647.69471975
2025-11-16,0xcffad3200574698b78f32232aa9d63eabd290703,cex,12310.7
2025-11-16,0xdf5e3a1ed0c14a53eee240022301ecb9d267671b,cex,-72130.57021331
2025-11-17,0x0d0707963952f2fba59dd06f2b425ace40b492fe,cex,-282618.80544023
2025-11-17,0x33a64dcdfa041befebc9161a3e0c6180cd94fa89,cex,-1839.77099132
2025-11-17,0x377b8ce04761754e8ac153b47805a9cf6b190873,cex,9662.36338024
2025-11-17,0x52c77b0cb827afbad022e6d6caf2c44452edbc39,lp,248703.60379206
2025-11-17,0x548054687ef6c56c6d82e8269e5fd93d8b88fcb2,cex,-60000
2025-11-17,0x651641299c7ec0aa44ad7ed9b7e12702fed2022f,cex,825219.78668069
2025-11-17,0x73d8bd54f7cf5fab43fe4ef40a62d390644946db,cex,-7529.93368712
2025-11-17,0x91dca37856240e5e1906222ec79278b16420dc92,cex,18233.34300511
2025-11-17,0x9642b23ed1e01df1092b92641051881a322f5d4e,cex,-31607.72211126
2025-11-17,0x9b0c45d46d386cedd98873168c36efd0dcba8d46,cex,491056.186
2025-11-17,0xa9d1e08c7793af67e9d92fe308d5697fb81d3e43,cex,-140269.55008914
2025-11-17,0xab782bc7d4a2b306825de5a7730034f8f63ee1bc,cex,218670.81390934
2025-11-17,0xcffad3200574698b78f32232aa9d63eabd290703,cex,-10113
2025-11-17,0xd2dd7b597fd2435b6db61ddf48544fd931e6869f,cex,-117800.74416
2025-11-17,0xdf5e3a1ed0c14a53eee240022301ecb9d267671b,cex,-398327.90874945
2025-11-18,0x0529ea5885702715e83923c59746ae8734c553b7,cex,168138.371862
2025-11-18,0x0d0707963952f2fba59dd06f2b425ace40b492fe,cex,402140.8148553
2025-11-18,0x33a64dcdfa041befebc9161a3e0c6180cd94fa89,cex,-19562.34714485
2025-11-18,0x52c77b0cb827afbad022e6d6caf2c44452edbc39,lp,-852919.77941592
2025-11-18,0x651641299c7ec0aa44ad7ed9b7e12702fed2022f,cex,1126776.20622516
2025-11-18,0x73d8bd54f7cf5fab43fe4ef40a62d390644946db,cex,23101.76771815
2025-11-18,0x91dca37856240e5e1906222ec79278b16420dc92,cex,-33260.91167442
2025-11-18,0x93228d328c9c74c2bfe9f97638bbb5ef322f2bd5,cex,16763.02
2025-11-18,0x9642b23ed1e01df1092b92641051881a322f5d4e,cex,-54097.85364003
2025-11-18,0x9b0c45d46d386cedd98873168c36efd0dcba8d46,cex,518225.474
2025-11-18,0xa9d1e08c7793af67e9d92fe308d5697fb81d3e43,cex,176839.06304752
2025-11-18,0xab782bc7d4a2b306825de5a7730034f8f63ee1bc,cex,-92417.74534887
2025-11-18,0xd2dd7b597fd2435b6db61ddf48544fd931e6869f,cex,-313360.93502
2025-11-18,0xdc154fcee1babb560e8528c3a7791527f01423df,custody,467467.36688
2025-11-18,0xdf5e3a1ed0c14a53eee240022301ecb9d267671b,cex,2014.20730838
2025-11-19,0x0529ea5885702715e83923c59746ae8734c553b7,cex,134658.77838418
2025-11-19,0x0d0707963952f2fba59dd06f2b425ace40b492fe,cex,-300670.32969097
2025-11-19,0x33a64dcdfa041befebc9161a3e0c6180cd94fa89,cex,-4728.85438672
2025-11-19,0x52c77b0cb827afbad022e6d6caf2c44452edbc39,lp,-600841.68066997
2025-11-19,0x651641299c7ec0aa44ad7ed9b7e12702fed2022f,cex,-1390578.48846982
2025-11-19,0x73d8bd54f7cf5fab43fe4ef40a62d390644946db,cex,1768.27204843
2025-11-19,0x7dafba1d69f6c01ae7567ffd7b046ca03b706f83,cex,-740452.22904
2025-11-19,0x91dca37856240e5e1906222ec79278b16420dc92,cex,-17910
2025-11-19,0x93228d328c9c74c2bfe9f97638bbb5ef322f2bd5,cex,-1802.18
2025-11-19,0x9642b23ed1e01df1092b92641051881a322f5d4e,cex,-38587.15704933
2025-11-19,0x9b0c45d46d386cedd98873168c36efd0dcba8d46,cex,171386.099
2025-11-19,0xa023f08c70a23abc7edfc5b6b5e171d78dfc947e,cex,226.23582324
2025-11-19,0xa9d1e08c7793af67e9d92fe308d5697fb81d3e43,cex,-110805.27249426
2025-11-19,0xab782bc7d4a2b306825de5a7730034f8f63ee1bc,cex,-305415.97485785
2025-11-19,0xdc154fcee1babb560e8528c3a7791527f01423df,custody,470693.7764
2025-11-19,0xdf5e3a1ed0c14a53eee240022301ecb9d267671b,cex,878602.11431589
2025-11-20,0x0d0707963952f2fba59dd06f2b425ace40b492fe,cex,595422.41477552
2025-11-20,0x33a64dcdfa041befebc9161a3e0c6180cd94fa89,cex,-2715.53381774
2025-11-20,0x52c77b0cb827afbad022e6d6caf2c44452edbc39,lp,519861.84956174
2025-11-20,0x651641299c7ec0aa44ad7ed9b7e12702fed2022f,cex,420973.41515425
2025-11-20,0x6d6cc65e2060d0a280fcd47b6c22ec5636797fec,cex,3687742.54831382
2025-11-20,0x73d8bd54f7cf5fab43fe4ef40a62d390644946db,cex,-17489.7899845
2025-11-20,0x9642b23ed1e01df1092b92641051881a322f5d4e,cex,-32821.7309185
2025-11-20,0x9b0c45d46d386cedd98873168c36efd0dcba8d46,cex,-33090
2025-11-20,0xa023f08c70a23abc7edfc5b6b5e171d78dfc947e,cex,21425.84
2025-11-20,0xa9d1e08c7793af67e9d92fe308d5697fb81d3e43,cex,-28443.48736023
2025-11-20,0xab782bc7d4a2b306825de5a7730034f8f63ee1bc,cex,249155.80864229
2025-11-20,0xcffad3200574698b78f32232aa9d63eabd290703,cex,-5636.784323
2025-11-20,0xd2dd7b597fd2435b6db61ddf48544fd931e6869f,cex,56555.34282
2025-11-20,0xdf5e3a1ed0c14a53eee240022301ecb9d267671b,cex,657004.07292085
2025-11-21,0x0529ea5885702715e83923c59746ae8734c553b7,cex,18707.31304
2025-11-21,0x0d0707963952f2fba59dd06f2b425ace40b492fe,cex,-487145.4302894
2025-11-21,0x33a64dcdfa041befebc9161a3e0c6180cd94fa89,cex,-2489.37600613
2025-11-21,0x52c77b0cb827afbad022e6d6caf2c44452edbc39,lp,353487.83742778
2025-11-21,0x651641299c7ec0aa44ad7ed9b7e12702fed2022f,cex,-898935.51918224
2025-11-21,0x73d8bd54f7cf5fab43fe4ef40a62d390644946db,cex,-48020.74788843
2025-11-21,0x91dca37856240e5e1906222ec79278b16420dc92,cex,43509.16018949
2025-11-21,0x93228d328c9c74c2bfe9f97638bbb5ef322f2bd5,cex,-1217.8199
2025-11-21,0x9642b23ed1e01df1092b92641051881a322f5d4e,cex,178264.82187024
2025-11-21,0x9b0c45d46d386cedd98873168c36efd0dcba8d46,cex,625505.565
2025-11-21,0xa023f08c70a23abc7edfc5b6b5e171d78dfc947e,cex,7118
2025-11-21,0xa9d1e08c7793af67e9d92fe308d5697fb81d3e43,cex,2160.59284388
2025-11-21,0xab782bc7d4a2b306825de5a7730034f8f63ee1bc,cex,45402.38938459
2025-11-21,0xb0a3a2b60e969afd26561429aa4c1444c57e4411,cex,627195.57
2025-11-21,0xcffad3200574698b78f32232aa9d63eabd290703,cex,-56205
2025-11-21,0xdc154fcee1babb560e8528c3a7791527f01423df,custody,70284.02351
2025-11-21,0xdf5e3a1ed0c14a53eee240022301ecb9d267671b,cex,-770512.11149979
2025-11-22,0x0d0707963952f2fba59dd06f2b425ace40b492fe,cex,202216.63715999
2025-11-22,0x52c77b0cb827afbad022e6d6caf2c44452edbc39,lp,50506.10601988
2025-11-22,0x651641299c7ec0aa44ad7ed9b7e12702fed2022f,cex,-215578.96200828
2025-11-22,0x73d8bd54f7cf5fab43fe4ef40a62d390644946db,cex,16681.57280145
2025-11-22,0x93228d328c9c74c2bfe9f97638bbb5ef322f2bd5,cex,7479.19
2025-11-22,0x9642b23ed1e01df1092b92641051881a322f5d4e,cex,-102475.96293941
2025-11-22,0xa9d1e08c7793af67e9d92fe308d5697fb81d3e43,cex,-199837.7582206
2025-11-22,0xab782bc7d4a2b306825de5a7730034f8f63ee1bc,cex,31423.04609353
2025-11-22,0xdf5e3a1ed0c14a53eee240022301ecb9d267671b,cex,-126789.66288635
2025-11-23,0x0d0707963952f2fba59dd06f2b425ace40b492fe,cex,-151942.01545167
2025-11-23,0x33a64dcdfa041befebc9161a3e0c6180cd94fa89,cex,-1230.58362516
2025-11-23,0x377b8ce04761754e8ac153b47805a9cf6b190873,cex,51416.56509122
2025-11-23,0x52c77b0cb827afbad022e6d6caf2c44452edbc39,lp,-471681.65572618
2025-11-23,0x651641299c7ec0aa44ad7ed9b7e12702fed2022f,cex,-540105.67602408
2025-11-23,0x73d8bd54f7cf5fab43fe4ef40a62d390644946db,cex,17469.21047864
2025-11-23,0x91dca37856240e5e1906222ec79278b16420dc92,cex,-9750.06571979
2025-11-23,0x93228d328c9c74c2bfe9f97638bbb5ef322f2bd5,cex,36051.57
2025-11-23,0x9642b23ed1e01df1092b92641051881a322f5d4e,cex,-264708.98808884
2025-11-23,0xa9d1e08c7793af67e9d92fe308d5697fb81d3e43,cex,215562.04161383
2025-11-23,0xab782bc7d4a2b306825de5a7730034f8f63ee1bc,cex,222111.75530581
2025-11-23,0xb0a3a2b60e969afd26561429aa4c1444c57e4411,cex,-200000
2025-11-23,0xcffad3200574698b78f32232aa9d63eabd290703,cex,2041.908916
2025-11-23,0xdf5e3a1ed0c14a53eee240022301ecb9d267671b,cex,303743.35897075
2025-11-24,0x0529ea5885702715e83923c59746ae8734c553b7,cex,9571.97112601
2025-11-24,0x0d0707963952f2fba59dd06f2b425ace40b492fe,cex,160480.76486001
2025-11-24,0x33a64dcdfa041befebc9161a3e0c6180cd94fa89,cex,350020
2025-11-24,0x377b8ce04761754e8ac153b47805a9cf6b190873,cex,3017.43463359
2025-11-24,0x52c77b0cb827afbad022e6d6caf2c44452edbc39,lp,-519022.5792652
2025-11-24,0x651641299c7ec0aa44ad7ed9b7e12702fed2022f,cex,-436914.47590307
2025-11-24,0x73d8bd54f7cf5fab43fe4ef40a62d390644946db,cex,-7538.97588292
2025-11-24,0x91dca37856240e5e1906222ec79278b16420dc92,cex,17831.50137536
2025-11-24,0x93228d328c9c74c2bfe9f97638bbb5ef322f2bd5,cex,28123.98037601
2025-11-24,0x9642b23ed1e01df1092b92641051881a322f5d4e,cex,-104187.99342911
2025-11-24,0xa9d1e08c7793af67e9d92fe308d5697fb81d3e43,cex,-158481.44900575
2025-11-24,0xab782bc7d4a2b306825de5a7730034f8f63ee1bc,cex,-209629.89467857
2025-11-24,0xd2dd7b597fd2435b6db61ddf48544fd931e6869f,cex,41663.86916
2025-11-24,0xdf5e3a1ed0c14a53eee240022301ecb9d267671b,cex,180607.68191845
2025-11-25,0x0d0707963952f2fba59dd06f2b425ace40b492fe,cex,-152273.35316811
2025-11-25,0x33a64dcdfa041befebc9161a3e0c6180cd94fa89,cex,-3551.6179933
2025-11-25,0x52c77b0cb827afbad022e6d6caf2c44452edbc39,lp,-367876.28456119
2025-11-25,0x548054687ef6c56c6d82e8269e5fd93d8b88fcb2,cex,-41801.0098425
2025-11-25,0x651641299c7ec0aa44ad7ed9b7e12702fed2022f,cex,-2228891.63718308
2025-11-25,0x73d8bd54f7cf5fab43fe4ef40a62d390644946db,cex,87428.57972431
2025-11-25,0x91dca37856240e5e1906222ec79278b16420dc92,cex,1946.06555137
2025-11-25,0x93228d328c9c74c2bfe9f97638bbb5ef322f2bd5,cex,8649.02
2025-11-25,0x9642b23ed1e01df1092b92641051881a322f5d4e,cex,453796.59803177
2025-11-25,0x9b0c45d46d386cedd98873168c36efd0dcba8d46,cex,349277.944
2025-11-25,0xa9d1e08c7793af67e9d92fe308d5697fb81d3e43,cex,138523.18643574
2025-11-25,0xab782bc7d4a2b306825de5a7730034f8f63ee1bc,cex,32674.35022778
2025-11-25,0xcffad3200574698b78f32232aa9d63eabd290703,cex,-12658.85
2025-11-25,0xd2dd7b597fd2435b6db61ddf48544fd931e6869f,cex,343460.49896
2025-11-25,0xdf5e3a1ed0c14a53eee240022301ecb9d267671b,cex,-818390.71404905
2025-11-26,0x0529ea5885702715e83923c59746ae8734c553b7,cex,56345.68185673
2025-11-26,0x0d0707963952f2fba59dd06f2b425ace40b492fe,cex,-456299.31906729
2025-11-26,0x33a64dcdfa041befebc9161a3e0c6180cd94fa89,cex,-203649.87294949
2025-11-26,0x52c77b0cb827afbad022e6d6caf2c44452edbc39,lp,-692454.15341028
2025-11-26,0x651641299c7ec0aa44ad7ed9b7e12702fed2022f,cex,-2628557.49637807
2025-11-26,0x73d8bd54f7cf5fab43fe4ef40a62d390644946db,cex,-5007.71139779
2025-11-26,0x7dafba1d69f6c01ae7567ffd7b046ca03b706f83,cex,-90180.86638
2025-11-26,0x91dca37856240e5e1906222ec79278b16420dc92,cex,193.52795345
2025-11-26,0x93228d328c9c74c2bfe9f97638bbb5ef322f2bd5,cex,-4036.79
2025-11-26,0x9642b23ed1e01df1092b92641051881a322f5d4e,cex,-69332.32413563
2025-11-26,0x9b0c45d46d386cedd98873168c36efd0dcba8d46,cex,479968.866
2025-11-26,0xa023f08c70a23abc7edfc5b6b5e171d78dfc947e,cex,41334.02611895
2025-11-26,0xa9d1e08c7793af67e9d92fe308d5697fb81d3e43,cex,-55101.81410344
2025-11-26,0xab782bc7d4a2b306825de5a7730034f8f63ee1bc,cex,-413386.66633974
2025-11-26,0xb0a3a2b60e969afd26561429aa4c1444c57e4411,cex,425155.66
2025-11-26,0xcffad3200574698b78f32232aa9d63eabd290703,cex,294530.58
2025-11-26,0xd2dd7b597fd2435b6db61ddf48544fd931e6869f,cex,-241259.08384
2025-11-26,0xdf5e3a1ed0c14a53eee240022301ecb9d267671b,cex,377341.40233445
2025-11-26,0xf35a6bd6e0459a4b53a27862c51a2a7292b383d1,cex,350000
2025-11-27,0x0d0707963952f2fba59dd06f2b425ace40b492fe,cex,270842.42525003
2025-11-27,0x33a64dcdfa041befebc9161a3e0c6180cd94fa89,cex,-15119.53657727
2025-11-27,0x52c77b0cb827afbad022e6d6caf2c44452edbc39,lp,62332.2828315
2025-11-27,0x548054687ef6c56c6d82e8269e5fd93d8b88fcb2,cex,26467.36233231
2025-11-27,0x651641299c7ec0aa44ad7ed9b7e12702fed2022f,cex,-912535.30515314
2025-11-27,0x73d8bd54f7cf5fab43fe4ef40a62d390644946db,cex,62531.01597408
2025-11-27,0x91dca37856240e5e1906222ec79278b16420dc92,cex,-20391.1247
2025-11-27,0x93228d328c9c74c2bfe9f97638bbb5ef322f2bd5,cex,27239.65
2025-11-27,0x9642b23ed1e01df1092b92641051881a322f5d4e,cex,75553.96125405
2025-11-27,0x9b0c45d46d386cedd98873168c36efd0dcba8d46,cex,-116953
2025-11-27,0xa023f08c70a23abc7edfc5b6b5e171d78dfc947e,cex,3420.69869
2025-11-27,0xa9d1e08c7793af67e9d92fe308d5697fb81d3e43,cex,-88753.93465977
2025-11-27,0xab782bc7d4a2b306825de5a7730034f8f63ee1bc,cex,39741.35938567
2025-11-27,0xcffad3200574698b78f32232aa9d63eabd290703,cex,1730.17561742
2025-11-27,0xd2dd7b597fd2435b6db61ddf48544fd931e6869f,cex,-182512.91397
2025-11-27,0xdf5e3a1ed0c14a53eee240022301ecb9d267671b,cex,486496.88046548
2025-11-28,0x0d0707963952f2fba59dd06f2b425ace40b492fe,cex,-355988.03571585
2025-11-28,0x33a64dcdfa041befebc9161a3e0c6180cd94fa89,cex,691.54
2025-11-28,0x52c77b0cb827afbad022e6d6caf2c44452edbc39,lp,114527.43450105
2025-11-28,0x651641299c7ec0aa44ad7ed9b7e12702fed2022f,cex,369194.75538257
2025-11-28,0x73d8bd54f7cf5fab43fe4ef40a62d390644946db,cex,-33053.33452315
2025-11-28,0x9642b23ed1e01df1092b92641051881a322f5d4e,cex,-43293.72931442
2025-11-28,0x9b0c45d46d386cedd98873168c36efd0dcba8d46,cex,-43170
2025-11-28,0xa9d1e08c7793af67e9d92fe308d5697fb81d3e43,cex,-45821.43064513
2025-11-28,0xab782bc7d4a2b306825de5a7730034f8f63ee1bc,cex,-64418.1117216
2025-11-28,0xd2dd7b597fd2435b6db61ddf48544fd931e6869f,cex,219548.53259
2025-11-28,0xdf5e3a1ed0c14a53eee240022301ecb9d267671b,cex,-225084.67429295
2025-11-28,0xe8c15aad9d4cd3f59c9dfa18828b91a8b2c49596,cex,-345768
2025-11-29,0x0d0707963952f2fba59dd06f2b425ace40b492fe,cex,-165118.545026
2025-11-29,0x33a64dcdfa041befebc9161a3e0c6180cd94fa89,cex,-7950.83660161
2025-11-29,0x377b8ce04761754e8ac153b47805a9cf6b190873,cex,982.31473256
2025-11-29,0x52c77b0cb827afbad022e6d6caf2c44452edbc39,lp,157109.90545261
2025-11-29,0x651641299c7ec0aa44ad7ed9b7e12702fed2022f,cex,417671.04439235
2025-11-29,0x73d8bd54f7cf5fab43fe4ef40a62d390644946db,cex,-13998.4659074
2025-11-29,0x93228d328c9c74c2bfe9f97638bbb5ef322f2bd5,cex,-5674.72477752
2025-11-29,0x9642b23ed1e01df1092b92641051881a322f5d4e,cex,206435.33827112
2025-11-29,0x9b0c45d46d386cedd98873168c36efd0dcba8d46,cex,-35712
2025-11-29,0xa9d1e08c7793af67e9d92fe308d5697fb81d3e43,cex,235.30058182
2025-11-29,0xab782bc7d4a2b306825de5a7730034f8f63ee1bc,cex,-14773.25037771
2025-11-29,0xcffad3200574698b78f32232aa9d63eabd290703,cex,1336.78
2025-11-29,0xdf5e3a1ed0c14a53eee240022301ecb9d267671b,cex,-161058.22562447
2025-11-30,0x0d0707963952f2fba59dd06f2b425ace40b492fe,cex,1007711.78458267
2025-11-30,0x33a64dcdfa041befebc9161a3e0c6180cd94fa89,cex,-3454.39481486
2025-11-30,0x52c77b0cb827afbad022e6d6caf2c44452edbc39,lp,-47833.36526203
2025-11-30,0x651641299c7ec0aa44ad7ed9b7e12702fed2022f,cex,-207695.08795572
2025-11-30,0x73d8bd54f7cf5fab43fe4ef40a62d390644946db,cex,-12551.65373735
2025-11-30,0x93228d328c9c74c2bfe9f97638bbb5ef322f2bd5,cex,10.222057
2025-11-30,0x9642b23ed1e01df1092b92641051881a322f5d4e,cex,-52735.82254441
2025-11-30,0x9b0c45d46d386cedd98873168c36efd0dcba8d46,cex,212070.935
2025-11-30,0xa9d1e08c7793af67e9d92fe308d5697fb81d3e43,cex,92106.62652531
2025-11-30,0xab782bc7d4a2b306825de5a7730034f8f63ee1bc,cex,13456.98870545
2025-11-30,0xc882b111a75c0c657fc507c04fbfcd2cc984f071,cex,-1481481.48148148
2025-11-30,0xcffad3200574698b78f32232aa9d63eabd290703,cex,-10489
2025-11-30,0xdf5e3a1ed0c14a53eee240022301ecb9d267671b,cex,46795.15699088
2025-12-01,0x0529ea5885702715e83923c59746ae8734c553b7,cex,21964.77450136
2025-12-01,0x0d0707963952f2fba59dd06f2b425ace40b492fe,cex,377724.80364429
2025-12-01,0x33a64dcdfa041befebc9161a3e0c6180cd94fa89,cex,-102.43864229
2025-12-01,0x377b8ce04761754e8ac153b47805a9cf6b190873,cex,4795.4560855
2025-12-01,0x52c77b0cb827afbad022e6d6caf2c44452edbc39,lp,152157.20332563
2025-12-01,0x651641299c7ec0aa44ad7ed9b7e12702fed2022f,cex,1029254.67160324
2025-12-01,0x73d8bd54f7cf5fab43fe4ef40a62d390644946db,cex,44102.89439661
2025-12-01,0x93228d328c9c74c2bfe9f97638bbb5ef322f2bd5,cex,-24075.6
2025-12-01,0x9642b23ed1e01df1092b92641051881a322f5d4e,cex,-42424.65687772
2025-12-01,0xa023f08c70a23abc7edfc5b6b5e171d78dfc947e,cex,1137.60045077
2025-12-01,0xa9d1e08c7793af67e9d92fe308d5697fb81d3e43,cex,-181229.32804043
2025-12-01,0xab782bc7d4a2b306825de5a7730034f8f63ee1bc,cex,10947.49106351
2025-12-01,0xcffad3200574698b78f32232aa9d63eabd290703,cex,498
2025-12-01,0xd2dd7b597fd2435b6db61ddf48544fd931e6869f,cex,-79277.57334
2025-12-01,0xdf5e3a1ed0c14a53eee240022301ecb9d267671b,cex,-349733.01788137
2025-12-02,0x0529ea5885702715e83923c59746ae8734c553b7,cex,20774.5872
2025-12-02,0x0d0707963952f2fba59dd06f2b425ace40b492fe,cex,-233334.58784689
2025-12-02,0x33a64dcdfa041befebc9161a3e0c6180cd94fa89,cex,-19437.77905547
2025-12-02,0x52c77b0cb827afbad022e6d6caf2c44452edbc39,lp,-328149.64045348
2025-12-02,0x651641299c7ec0aa44ad7ed9b7e12702fed2022f,cex,128671.19658619
2025-12-02,0x73d8bd54f7cf5fab43fe4ef40a62d390644946db,cex,-14294.23912845
2025-12-02,0x93228d328c9c74c2bfe9f97638bbb5ef322f2bd5,cex,-18620.46
2025-12-02,0x9642b23ed1e01df1092b92641051881a322f5d4e,cex,-80071.3243664
2025-12-02,0x9b0c45d46d386cedd98873168c36efd0dcba8d46,cex,-114555
2025-12-02,0xa9d1e08c7793af67e9d92fe308d5697fb81d3e43,cex,208631.79263988
2025-12-02,0xab782bc7d4a2b306825de5a7730034f8f63ee1bc,cex,28212.93528469
2025-12-02,0xb0a3a2b60e969afd26561429aa4c1444c57e4411,cex,-500000
2025-12-02,0xcffad3200574698b78f32232aa9d63eabd290703,cex,2000
2025-12-02,0xdf5e3a1ed0c14a53eee240022301ecb9d267671b,cex,-172007.52168424
2025-12-03,0x0529ea5885702715e83923c59746ae8734c553b7,cex,188321.78890313
2025-12-03,0x0d0707963952f2fba59dd06f2b425ace40b492fe,cex,-127936.82152471
2025-12-03,0x33a64dcdfa041befebc9161a3e0c6180cd94fa89,cex,-132.45596694
2025-12-03,0x377b8ce04761754e8ac153b47805a9cf6b190873,cex,6495.24213005
2025-12-03,0x52c77b0cb827afbad022e6d6caf2c44452edbc39,lp,169728.99189616
2025-12-03,0x651641299c7ec0aa44ad7ed9b7e12702fed2022f,cex,72005.09158553
2025-12-03,0x73d8bd54f7cf5fab43fe4ef40a62d390644946db,cex,11612.03169261
2025-12-03,0x7dafba1d69f6c01ae7567ffd7b046ca03b706f83,cex,-257947.83212
2025-12-03,0x91dca37856240e5e1906222ec79278b16420dc92,cex,-42377
2025-12-03,0x93228d328c9c74c2bfe9f97638bbb5ef322f2bd5,cex,4791.08
2025-12-03,0x9642b23ed1e01df1092b92641051881a322f5d4e,cex,3896.67524514
2025-12-03,0x9b0c45d46d386cedd98873168c36efd0dcba8d46,cex,103903.992
2025-12-03,0xa023f08c70a23abc7edfc5b6b5e171d78dfc947e,cex,79085.08
2025-12-03,0xa9d1e08c7793af67e9d92fe308d5697fb81d3e43,cex,-155500.31157942
2025-12-03,0xab782bc7d4a2b306825de5a7730034f8f63ee1bc,cex,86649.42724919
2025-12-03,0xb0a3a2b60e969afd26561429aa4c1444c57e4411,cex,-250000
2025-12-03,0xcc282e2004428939ee5149a9e7872f0b4d5d5ec7,cex,-100755.50867
2025-12-03,0xcffad3200574698b78f32232aa9d63eabd290703,cex,-97956.72187297
2025-12-03,0xd2dd7b597fd2435b6db61ddf48544fd931e6869f,cex,144840.0186
2025-12-03,0xdd276dc5223d0120f9bf1776f38957cc8da23cb0,cex,-350000
2025-12-03,0xdf5e3a1ed0c14a53eee240022301ecb9d267671b,cex,504508.67197978
2025-12-03,0xe8c15aad9d4cd3f59c9dfa18828b91a8b2c49596,cex,-300000
2025-12-04,0x0d0707963952f2fba59dd06f2b425ace40b492fe,cex,-1319655.02942578
2025-12-04,0x33a64dcdfa041befebc9161a3e0c6180cd94fa89,cex,-1212.256061
2025-12-04,0x52c77b0cb827afbad022e6d6caf2c44452edbc39,lp,255060.09227016
2025-12-04,0x651641299c7ec0aa44ad7ed9b7e12702fed2022f,cex,91254.65842758
2025-12-04,0x73d8bd54f7cf5fab43fe4ef40a62d390644946db,cex,-100799.24593444
2025-12-04,0x91dca37856240e5e1906222ec79278b16420dc92,cex,11804.38359216
2025-12-04,0x9642b23ed1e01df1092b92641051881a322f5d4e,cex,-93893.30234527
2025-12-04,0x9b0c45d46d386cedd98873168c36efd0dcba8d46,cex,-261828.052
2025-12-04,0xa023f08c70a23abc7edfc5b6b5e171d78dfc947e,cex,36000
2025-12-04,0xa9d1e08c7793af67e9d92fe308d5697fb81d3e43,cex,-56219.32562506
2025-12-04,0xab782bc7d4a2b306825de5a7730034f8f63ee1bc,cex,-20421.03223378
2025-12-04,0xc882b111a75c0c657fc507c04fbfcd2cc984f071,cex,1433331.23376721
2025-12-04,0xcc282e2004428939ee5149a9e7872f0b4d5d5ec7,cex,-98717.90309
2025-12-04,0xcffad3200574698b78f32232aa9d63eabd290703,cex,1000
2025-12-04,0xd2dd7b597fd2435b6db61ddf48544fd931e6869f,cex,139608.75645
2025-12-04,0xdf5e3a1ed0c14a53eee240022301ecb9d267671b,cex,-19164.58817486
2025-12-05,0x0529ea5885702715e83923c59746ae8734c553b7,cex,-98634.27714804
2025-12-05,0x0d0707963952f2fba59dd06f2b425ace40b492fe,cex,-9034.02366913
2025-12-05,0x52c77b0cb827afbad022e6d6caf2c44452edbc39,lp,37294.61660377
2025-12-05,0x651641299c7ec0aa44ad7ed9b7e12702fed2022f,cex,1237872.02947575
2025-12-05,0x73d8bd54f7cf5fab43fe4ef40a62d390644946db,cex,-5665.43474682
2025-12-05,0x9642b23ed1e01df1092b92641051881a322f5d4e,cex,124966.88377818
2025-12-05,0x9b0c45d46d386cedd98873168c36efd0dcba8d46,cex,-36919
2025-12-05,0xa9d1e08c7793af67e9d92fe308d5697fb81d3e43,cex,200138.33191054
2025-12-05,0xab782bc7d4a2b306825de5a7730034f8f63ee1bc,cex,37900.35820591
2025-12-05,0xcc282e2004428939ee5149a9e7872f0b4d5d5ec7,cex,903.64526
2025-12-05,0xcffad3200574698b78f32232aa9d63eabd290703,cex,9528.34406113
2025-12-05,0xdf5e3a1ed0c14a53eee240022301ecb9d267671b,cex,198015.52749465
2025-12-06,0x0d0707963952f2fba59dd06f2b425ace40b492fe,cex,107484.198
2025-12-06,0x33a64dcdfa041befebc9161a3e0c6180cd94fa89,cex,-1022.11991275
2025-12-06,0x52c77b0cb827afbad022e6d6caf2c44452edbc39,lp,194665.89647433
2025-12-06,0x651641299c7ec0aa44ad7ed9b7e12702fed2022f,cex,-463611.49711382
2025-12-06,0x73d8bd54f7cf5fab43fe4ef40a62d390644946db,cex,109859.40319921
2025-12-06,0x91dca37856240e5e1906222ec79278b16420dc92,cex,51499.73817178
2025-12-06,0x93228d328c9c74c2bfe9f97638bbb5ef322f2bd5,cex,-4348.4457
2025-12-06,0x9642b23ed1e01df1092b92641051881a322f5d4e,cex,14700.66053061
2025-12-06,0xa023f08c70a23abc7edfc5b6b5e171d78dfc947e,cex,3791
2025-12-06,0xa9d1e08c7793af67e9d92fe308d5697fb81d3e43,cex,21472.26513503
2025-12-06,0xab782bc7d4a2b306825de5a7730034f8f63ee1bc,cex,151408.40450787
2025-12-06,0xcffad3200574698b78f32232aa9d63eabd290703,cex,21407.52
2025-12-06,0xdf5e3a1ed0c14a53eee240022301ecb9d267671b,cex,-675718.39886998
2025-12-07,0x0529ea5885702715e83923c59746ae8734c553b7,cex,-15265.63
2025-12-07,0x0d0707963952f2fba59dd06f2b425ace40b492fe,cex,514661.037
2025-12-07,0x33a64dcdfa041befebc9161a3e0c6180cd94fa89,cex,1645.47523471
2025-12-07,0x52c77b0cb827afbad022e6d6caf2c44452edbc39,lp,-60890.72961064
2025-12-07,0x651641299c7ec0aa44ad7ed9b7e12702fed2022f,cex,67675.33541582
2025-12-07,0x73d8bd54f7cf5fab43fe4ef40a62d390644946db,cex,106.12724994
2025-12-07,0x91dca37856240e5e1906222ec79278b16420dc92,cex,5826.32614924
2025-12-07,0x93228d328c9c74c2bfe9f97638bbb5ef322f2bd5,cex,4731.84
2025-12-07,0x9642b23ed1e01df1092b92641051881a322f5d4e,cex,30128.85672404
2025-12-07,0x9b0c45d46d386cedd98873168c36efd0dcba8d46,cex,54680.514
2025-12-07,0xa9d1e08c7793af67e9d92fe308d5697fb81d3e43,cex,-14771.88668585
2025-12-07,0xab782bc7d4a2b306825de5a7730034f8f63ee1bc,cex,-96147.89689435
2025-12-07,0xcffad3200574698b78f32232aa9d63eabd290703,cex,6113.54
2025-12-07,0xdf5e3a1ed0c14a53eee240022301ecb9d267671b,cex,-140420.19715452
2025-12-08,0x0529ea5885702715e83923c59746ae8734c553b7,cex,-74740.80592628
2025-12-08,0x0d0707963952f2fba59dd06f2b425ace40b492fe,cex,240584.89139319
2025-12-08,0x33a64dcdfa041befebc9161a3e0c6180cd94fa89,cex,260.30160905
2025-12-08,0x52c77b0cb827afbad022e6d6caf2c44452edbc39,lp,41567.23057515
2025-12-08,0x651641299c7ec0aa44ad7ed9b7e12702fed2022f,cex,-12382.35371626
2025-12-08,0x73d8bd54f7cf5fab43fe4ef40a62d390644946db,cex,4191.75784277
2025-12-08,0x9642b23ed1e01df1092b92641051881a322f5d4e,cex,-37125.81
2025-12-08,0x9b0c45d46d386cedd98873168c36efd0dcba8d46,cex,84533.089
2025-12-08,0xa9d1e08c7793af67e9d92fe308d5697fb81d3e43,cex,-35331.6879438
2025-12-08,0xab782bc7d4a2b306825de5a7730034f8f63ee1bc,cex,-104774.65206201
2025-12-08,0xcc282e2004428939ee5149a9e7872f0b4d5d5ec7,cex,2509.56471
2025-12-08,0xd2dd7b597fd2435b6db61ddf48544fd931e6869f,cex,-1052968.96713
2025-12-08,0xdf5e3a1ed0c14a53eee240022301ecb9d267671b,cex,996219.17229632
2025-12-09,0x0529ea5885702715e83923c59746ae8734c553b7,cex,24226.08825238
2025-12-09,0x0d0707963952f2fba59dd06f2b425ace40b492fe,cex,331799.8327794
2025-12-09,0x33a64dcdfa041befebc9161a3e0c6180cd94fa89,cex,-358.72307758
2025-12-09,0x52c77b0cb827afbad022e6d6caf2c44452edbc39,lp,387678.68455213
2025-12-09,0x651641299c7ec0aa44ad7ed9b7e12702fed2022f,cex,-92813.53676587
2025-12-09,0x73d8bd54f7cf5fab43fe4ef40a62d390644946db,cex,298.71029766
2025-12-09,0x9642b23ed1e01df1092b92641051881a322f5d4e,cex,-323006.3284329
2025-12-09,0xa023f08c70a23abc7edfc5b6b5e171d78dfc947e,cex,4020.37
2025-12-09,0xa9d1e08c7793af67e9d92fe308d5697fb81d3e43,cex,5655.19457966
2025-12-09,0xab782bc7d4a2b306825de5a7730034f8f63ee1bc,cex,63434.77537308
2025-12-09,0xcc282e2004428939ee5149a9e7872f0b4d5d5ec7,cex,994.91306
2025-12-09,0xd2dd7b597fd2435b6db61ddf48544fd931e6869f,cex,24653.7412
2025-12-09,0xdf5e3a1ed0c14a53eee240022301ecb9d267671b,cex,-479254.57713751
2025-12-10,0x0d0707963952f2fba59dd06f2b425ace40b492fe,cex,176654.75898387
2025-12-10,0x33a64dcdfa041befebc9161a3e0c6180cd94fa89,cex,2147.0432097
2025-12-10,0x52c77b0cb827afbad022e6d6caf2c44452edbc39,lp,212907.03938808
2025-12-10,0x548054687ef6c56c6d82e8269e5fd93d8b88fcb2,cex,-88000
2025-12-10,0x651641299c7ec0aa44ad7ed9b7e12702fed2022f,cex,-257491.88228948
2025-12-10,0x73d8bd54f7cf5fab43fe4ef40a62d390644946db,cex,9646.17972669
2025-12-10,0x7dafba1d69f6c01ae7567ffd7b046ca03b706f83,cex,230543.41511
2025-12-10,0x91dca37856240e5e1906222ec79278b16420dc92,cex,-32165.46552645
2025-12-10,0x9642b23ed1e01df1092b92641051881a322f5d4e,cex,-85081.37544772
2025-12-10,0x9b0c45d46d386cedd98873168c36efd0dcba8d46,cex,-86759
2025-12-10,0xa9d1e08c7793af67e9d92fe308d5697fb81d3e43,cex,13534.96984657
2025-12-10,0xab782bc7d4a2b306825de5a7730034f8f63ee1bc,cex,87369.75887684
2025-12-10,0xcc282e2004428939ee5149a9e7872f0b4d5d5ec7,cex,1255.97915
2025-12-10,0xcffad3200574698b78f32232aa9d63eabd290703,cex,3801.29
2025-12-10,0xd2dd7b597fd2435b6db61ddf48544fd931e6869f,cex,-197997.76707
2025-12-10,0xdf5e3a1ed0c14a53eee240022301ecb9d267671b,cex,13135.59540018
2025-12-11,0x0529ea5885702715e83923c59746ae8734c553b7,cex,24700.6210571
2025-12-11,0x0d0707963952f2fba59dd06f2b425ace40b492fe,cex,-107077.19540069
2025-12-11,0x52c77b0cb827afbad022e6d6caf2c44452edbc39,lp,-105730.30911056
2025-12-11,0x651641299c7ec0aa44ad7ed9b7e12702fed2022f,cex,-343416.37142301
2025-12-11,0x73d8bd54f7cf5fab43fe4ef40a62d390644946db,cex,61439.79200382
2025-12-11,0x93228d328c9c74c2bfe9f97638bbb5ef322f2bd5,cex,1953.93437529
2025-12-11,0x9642b23ed1e01df1092b92641051881a322f5d4e,cex,-11358.99612429
2025-12-11,0x9b0c45d46d386cedd98873168c36efd0dcba8d46,cex,153503.671
2025-12-11,0xa023f08c70a23abc7edfc5b6b5e171d78dfc947e,cex,3012.15069656
2025-12-11,0xa9d1e08c7793af67e9d92fe308d5697fb81d3e43,cex,83118.31418381
2025-12-11,0xab782bc7d4a2b306825de5a7730034f8f63ee1bc,cex,122134.7763152
2025-12-11,0xcc282e2004428939ee5149a9e7872f0b4d5d5ec7,cex,1594.56453
2025-12-11,0xd2dd7b597fd2435b6db61ddf48544fd931e6869f,cex,-27854.00196
2025-12-11,0xdf5e3a1ed0c14a53eee240022301ecb9d267671b,cex,-357873.03152634
2025-12-12,0x0d0707963952f2fba59dd06f2b425ace40b492fe,cex,-16676.175
2025-12-12,0x33a64dcdfa041befebc9161a3e0c6180cd94fa89,cex,713.04826397
2025-12-12,0x377b8ce04761754e8ac153b47805a9cf6b190873,cex,9160.16919168
2025-12-12,0x52c77b0cb827afbad022e6d6caf2c44452edbc39,lp,174708.71075333
2025-12-12,0x651641299c7ec0aa44ad7ed9b7e12702fed2022f,cex,-326057.5475435
2025-12-12,0x73d8bd54f7cf5fab43fe4ef40a62d390644946db,cex,-9364.17249436
2025-12-12,0x93228d328c9c74c2bfe9f97638bbb5ef322f2bd5,cex,10049.5787
2025-12-12,0x9642b23ed1e01df1092b92641051881a322f5d4e,cex,12880.96
2025-12-12,0x9b0c45d46d386cedd98873168c36efd0dcba8d46,cex,-63565
2025-12-12,0xa9d1e08c7793af67e9d92fe308d5697fb81d3e43,cex,-300437.88009984
2025-12-12,0xab782bc7d4a2b306825de5a7730034f8f63ee1bc,cex,35791.925
2025-12-12,0xcc282e2004428939ee5149a9e7872f0b4d5d5ec7,cex,2354.53715
2025-12-12,0xd2dd7b597fd2435b6db61ddf48544fd931e6869f,cex,47237.69793
2025-12-12,0xdf5e3a1ed0c14a53eee240022301ecb9d267671b,cex,263832.56381005
2025-12-12,0xe8c15aad9d4cd3f59c9dfa18828b91a8b2c49596,cex,50000
2025-12-13,0x0d0707963952f2fba59dd06f2b425ace40b492fe,cex,-164609.17911649
2025-12-13,0x33a64dcdfa041befebc9161a3e0c6180cd94fa89,cex,-440.98077295
2025-12-13,0x52c77b0cb827afbad022e6d6caf2c44452edbc39,lp,-75516.51443223
2025-12-13,0x651641299c7ec0aa44ad7ed9b7e12702fed2022f,cex,-100019.69766256
2025-12-13,0x73d8bd54f7cf5fab43fe4ef40a62d390644946db,cex,495.32465157
2025-12-13,0x91dca37856240e5e1906222ec79278b16420dc92,cex,54654.42925622
2025-12-13,0x9642b23ed1e01df1092b92641051881a322f5d4e,cex,13383.01494883
2025-12-13,0xa9d1e08c7793af67e9d92fe308d5697fb81d3e43,cex,110501.33720883
2025-12-13,0xab782bc7d4a2b306825de5a7730034f8f63ee1bc,cex,19191.506
2025-12-13,0xcffad3200574698b78f32232aa9d63eabd290703,cex,-9331
2025-12-13,0xdf5e3a1ed0c14a53eee240022301ecb9d267671b,cex,1842.26861577
2025-12-14,0x0d0707963952f2fba59dd06f2b425ace40b492fe,cex,-22244.16423095
2025-12-14,0x33a64dcdfa041befebc9161a3e0c6180cd94fa89,cex,-2446.12470571
2025-12-14,0x377b8ce04761754e8ac153b47805a9cf6b190873,cex,3470.9085755
2025-12-14,0x52c77b0cb827afbad022e6d6caf2c44452edbc39,lp,384003.89916927
2025-12-14,0x651641299c7ec0aa44ad7ed9b7e12702fed2022f,cex,804464.73233826
2025-12-14,0x73d8bd54f7cf5fab43fe4ef40a62d390644946db,cex,-3689.3455253
2025-12-14,0x93228d328c9c74c2bfe9f97638bbb5ef322f2bd5,cex,4512.79
2025-12-14,0x9642b23ed1e01df1092b92641051881a322f5d4e,cex,44320.82494298
2025-12-14,0x9b0c45d46d386cedd98873168c36efd0dcba8d46,cex,-225126
2025-12-14,0xa023f08c70a23abc7edfc5b6b5e171d78dfc947e,cex,634.50958474
2025-12-14,0xa9d1e08c7793af67e9d92fe308d5697fb81d3e43,cex,223107.17420477
2025-12-14,0xab782bc7d4a2b306825de5a7730034f8f63ee1bc,cex,-8057.66072076
2025-12-14,0xdf5e3a1ed0c14a53eee240022301ecb9d267671b,cex,6032.61101049
2025-12-15,0x0529ea5885702715e83923c59746ae8734c553b7,cex,58070.4465983
2025-12-15,0x0d0707963952f2fba59dd06f2b425ace40b492fe,cex,207900.29971314
2025-12-15,0x33a64dcdfa041befebc9161a3e0c6180cd94fa89,cex,2074.556737
2025-12-15,0x52c77b0cb827afbad022e6d6caf2c44452edbc39,lp,119502.61859977
2025-12-15,0x651641299c7ec0aa44ad7ed9b7e12702fed2022f,cex,536967.6849761
2025-12-15,0x73d8bd54f7cf5fab43fe4ef40a62d390644946db,cex,-87709.89882331
2025-12-15,0x9642b23ed1e01df1092b92641051881a322f5d4e,cex,-161691.31877818
2025-12-15,0x9b0c45d46d386cedd98873168c36efd0dcba8d46,cex,198125.103
2025-12-15,0xa9d1e08c7793af67e9d92fe308d5697fb81d3e43,cex,-59981.22241753
2025-12-15,0xab782bc7d4a2b306825de5a7730034f8f63ee1bc,cex,4533.47618631
2025-12-15,0xcc282e2004428939ee5149a9e7872f0b4d5d5ec7,cex,1864.02629
2025-12-15,0xd2dd7b597fd2435b6db61ddf48544fd931e6869f,cex,-133662.95856
2025-12-15,0xdf5e3a1ed0c14a53eee240022301ecb9d267671b,cex,193563.77739622
2025-12-16,0x0d0707963952f2fba59dd06f2b425ace40b492fe,cex,-12524.12037462
2025-12-16,0x33a64dcdfa041befebc9161a3e0c6180cd94fa89,cex,-70.72955657
2025-12-16,0x52c77b0cb827afbad022e6d6caf2c44452edbc39,lp,-351144.71454237
2025-12-16,0x651641299c7ec0aa44ad7ed9b7e12702fed2022f,cex,446368.42547193
2025-12-16,0x73d8bd54f7cf5fab43fe4ef40a62d390644946db,cex,75295.67666691
2025-12-16,0x9642b23ed1e01df1092b92641051881a322f5d4e,cex,49710.91125118
2025-12-16,0x9b0c45d46d386cedd98873168c36efd0dcba8d46,cex,144686.308
2025-12-16,0xa9d1e08c7793af67e9d92fe308d5697fb81d3e43,cex,101782.37522899
2025-12-16,0xab782bc7d4a2b306825de5a7730034f8f63ee1bc,cex,44148.34513243
2025-12-16,0xcc282e2004428939ee5149a9e7872f0b4d5d5ec7,cex,1687.34134
2025-12-16,0xcffad3200574698b78f32232aa9d63eabd290703,cex,1500
2025-12-16,0xd2dd7b597fd2435b6db61ddf48544fd931e6869f,cex,228333.94034
2025-12-16,0xdc154fcee1babb560e8528c3a7791527f01423df,custody,94668.56171
2025-12-16,0xdf5e3a1ed0c14a53eee240022301ecb9d267671b,cex,-190465.96363432
2025-12-17,0x0529ea5885702715e83923c59746ae8734c553b7,cex,17443.75888098
2025-12-17,0x0d0707963952f2fba59dd06f2b425ace40b492fe,cex,346695.30310557
2025-12-17,0x33a64dcdfa041befebc9161a3e0c6180cd94fa89,cex,-35.80384568
2025-12-17,0x52c77b0cb827afbad022e6d6caf2c44452edbc39,lp,538356.04365785
2025-12-17,0x651641299c7ec0aa44ad7ed9b7e12702fed2022f,cex,384909.56083995
2025-12-17,0x73d8bd54f7cf5fab43fe4ef40a62d390644946db,cex,9847.61902582
2025-12-17,0x7dafba1d69f6c01ae7567ffd7b046ca03b706f83,cex,-559317.15155
2025-12-17,0x9642b23ed1e01df1092b92641051881a322f5d4e,cex,-125471.89467589
2025-12-17,0x9b0c45d46d386cedd98873168c36efd0dcba8d46,cex,-151614
2025-12-17,0xa9d1e08c7793af67e9d92fe308d5697fb81d3e43,cex,-82331.06904096
2025-12-17,0xab782bc7d4a2b306825de5a7730034f8f63ee1bc,cex,-52794.94083898
2025-12-17,0xcc282e2004428939ee5149a9e7872f0b4d5d5ec7,cex,743.4946
2025-12-17,0xd2dd7b597fd2435b6db61ddf48544fd931e6869f,cex,-50019.71447
2025-12-17,0xdf5e3a1ed0c14a53eee240022301ecb9d267671b,cex,620437.24008347
2025-12-18,0x0d0707963952f2fba59dd06f2b425ace40b492fe,cex,203416.15722202
2025-12-18,0x33a64dcdfa041befebc9161a3e0c6180cd94fa89,cex,-2594.5379494
2025-12-18,0x52c77b0cb827afbad022e6d6caf2c44452edbc39,lp,404482.69307921
2025-12-18,0x651641299c7ec0aa44ad7ed9b7e12702fed2022f,cex,64030.57403976
2025-12-18,0x73d8bd54f7cf5fab43fe4ef40a62d390644946db,cex,9098.41705313
2025-12-18,0x91dca37856240e5e1906222ec79278b16420dc92,cex,70.75
2025-12-18,0x93228d328c9c74c2bfe9f97638bbb5ef322f2bd5,cex,-5943.72
2025-12-18,0x9642b23ed1e01df1092b92641051881a322f5d4e,cex,-91755.54277818
2025-12-18,0x9b0c45d46d386cedd98873168c36efd0dcba8d46,cex,-98172
2025-12-18,0xa9d1e08c7793af67e9d92fe308d5697fb81d3e43,cex,189031.2843379
2025-12-18,0xab782bc7d4a2b306825de5a7730034f8f63ee1bc,cex,-203373.78966222
2025-12-18,0xcc282e2004428939ee5149a9e7872f0b4d5d5ec7,cex,901.90681
2025-12-18,0xcffad3200574698b78f32232aa9d63eabd290703,cex,-9760
2025-12-18,0xd2dd7b597fd2435b6db61ddf48544fd931e6869f,cex,-197147.42575
2025-12-18,0xdf5e3a1ed0c14a53eee240022301ecb9d267671b,cex,127254.42241958
2025-12-18,0xe8c15aad9d4cd3f59c9dfa18828b91a8b2c49596,cex,200000
2025-12-19,0x0d0707963952f2fba59dd06f2b425ace40b492fe,cex,-23759.9391574
2025-12-19,0x33a64dcdfa041befebc9161a3e0c6180cd94fa89,cex,1047.50871899
2025-12-19,0x3cc936b795a188f0e246cbb2d74c5bd190aecf18,cex,-2000000
2025-12-19,0x52c77b0cb827afbad022e6d6caf2c44452edbc39,lp,-195767.61445162
2025-12-19,0x651641299c7ec0aa44ad7ed9b7e12702fed2022f,cex,-526035.85035373
2025-12-19,0x73d8bd54f7cf5fab43fe4ef40a62d390644946db,cex,3323.22728612
2025-12-19,0x91dca37856240e5e1906222ec79278b16420dc92,cex,69303.77235889
2025-12-19,0x93228d328c9c74c2bfe9f97638bbb5ef322f2bd5,cex,3035.19
2025-12-19,0x9642b23ed1e01df1092b92641051881a322f5d4e,cex,1971483.77
2025-12-19,0xa9d1e08c7793af67e9d92fe308d5697fb81d3e43,cex,30133.06989147
2025-12-19,0xab782bc7d4a2b306825de5a7730034f8f63ee1bc,cex,-21305.18
2025-12-19,0xcc282e2004428939ee5149a9e7872f0b4d5d5ec7,cex,1988.62541
2025-12-19,0xcffad3200574698b78f32232aa9d63eabd290703,cex,10000
2025-12-19,0xdc154fcee1babb560e8528c3a7791527f01423df,custody,229279.0732
2025-12-19,0xdf5e3a1ed0c14a53eee240022301ecb9d267671b,cex,-25234.1897403
2025-12-20,0x0d0707963952f2fba59dd06f2b425ace40b492fe,cex,-161360.40247279
2025-12-20,0x52c77b0cb827afbad022e6d6caf2c44452edbc39,lp,-4435.40096938
2025-12-20,0x651641299c7ec0aa44ad7ed9b7e12702fed2022f,cex,-238668.77581491
2025-12-20,0x73d8bd54f7cf5fab43fe4ef40a62d390644946db,cex,12255.25250231
2025-12-20,0x91dca37856240e5e1906222ec79278b16420dc92,cex,-85194
2025-12-20,0x93228d328c9c74c2bfe9f97638bbb5ef322f2bd5,cex,4851.17231523
2025-12-20,0x9642b23ed1e01df1092b92641051881a322f5d4e,cex,25625.94253981
2025-12-20,0x9b0c45d46d386cedd98873168c36efd0dcba8d46,cex,28527.589
2025-12-20,0xa9d1e08c7793af67e9d92fe308d5697fb81d3e43,cex,-171057.43131365
2025-12-20,0xdf5e3a1ed0c14a53eee240022301ecb9d267671b,cex,24038.2265134
2025-12-21,0x0d0707963952f2fba59dd06f2b425ace40b492fe,cex,-550870.96068742
2025-12-21,0x33a64dcdfa041befebc9161a3e0c6180cd94fa89,cex,4052.03194951
2025-12-21,0x52c77b0cb827afbad022e6d6caf2c44452edbc39,lp,219408.93871484
2025-12-21,0x651641299c7ec0aa44ad7ed9b7e12702fed2022f,cex,298193.91802077
2025-12-21,0x73d8bd54f7cf5fab43fe4ef40a62d390644946db,cex,6188.42974637
2025-12-21,0x9642b23ed1e01df1092b92641051881a322f5d4e,cex,100005.29588323
2025-12-21,0x9b0c45d46d386cedd98873168c36efd0dcba8d46,cex,-109622
2025-12-21,0xa023f08c70a23abc7edfc5b6b5e171d78dfc947e,cex,4184
2025-12-21,0xa9d1e08c7793af67e9d92fe308d5697fb81d3e43,cex,-176740.33015392
2025-12-21,0xab782bc7d4a2b306825de5a7730034f8f63ee1bc,cex,21347.502
2025-12-21,0xcffad3200574698b78f32232aa9d63eabd290703,cex,9932.580737
2025-12-21,0xdf5e3a1ed0c14a53eee240022301ecb9d267671b,cex,11837.2361947
2025-12-22,0x0529ea5885702715e83923c59746ae8734c553b7,cex,25757.64342078
2025-12-22,0x0d0707963952f2fba59dd06f2b425ace40b492fe,cex,-401804.51723189
2025-12-22,0x33a64dcdfa041befebc9161a3e0c6180cd94fa89,cex,-3299.20163739
2025-12-22,0x52c77b0cb827afbad022e6d6caf2c44452edbc39,lp,61250.19624882
2025-12-22,0x651641299c7ec0aa44ad7ed9b7e12702fed2022f,cex,-271060.638361
2025-12-22,0x73d8bd54f7cf5fab43fe4ef40a62d390644946db,cex,-9719.77345621
2025-12-22,0x91dca37856240e5e1906222ec79278b16420dc92,cex,5249.48457478
2025-12-22,0x93228d328c9c74c2bfe9f97638bbb5ef322f2bd5,cex,-118.60827
2025-12-22,0x9642b23ed1e01df1092b92641051881a322f5d4e,cex,68087.765
2025-12-22,0x9b0c45d46d386cedd98873168c36efd0dcba8d46,cex,24055.545
2025-12-22,0xa023f08c70a23abc7edfc5b6b5e171d78dfc947e,cex,4444
2025-12-22,0xa9d1e08c7793af67e9d92fe308d5697fb81d3e43,cex,272282.76589805
2025-12-22,0xab782bc7d4a2b306825de5a7730034f8f63ee1bc,cex,-21479.82142078
2025-12-22,0xcc282e2004428939ee5149a9e7872f0b4d5d5ec7,cex,558139.92431
2025-12-22,0xcffad3200574698b78f32232aa9d63eabd290703,cex,6179.54
2025-12-22,0xd2dd7b597fd2435b6db61ddf48544fd931e6869f,cex,-42938.37995
2025-12-22,0xdf5e3a1ed0c14a53eee240022301ecb9d267671b,cex,-543602.45747546
2025-12-23,0x0d0707963952f2fba59dd06f2b425ace40b492fe,cex,280513.69045087
2025-12-23,0x33a64dcdfa041befebc9161a3e0c6180cd94fa89,cex,-120.94646422
2025-12-23,0x52c77b0cb827afbad022e6d6caf2c44452edbc39,lp,-27261.02718774
2025-12-23,0x651641299c7ec0aa44ad7ed9b7e12702fed2022f,cex,-80495.58207172
2025-12-23,0x73d8bd54f7cf5fab43fe4ef40a62d390644946db,cex,83400.38254524
2025-12-23,0x9642b23ed1e01df1092b92641051881a322f5d4e,cex,-51274.0357
2025-12-23,0xa9d1e08c7793af67e9d92fe308d5697fb81d3e43,cex,31695.55956304
2025-12-23,0xab782bc7d4a2b306825de5a7730034f8f63ee1bc,cex,12448.07965521
2025-12-23,0xcc282e2004428939ee5149a9e7872f0b4d5d5ec7,cex,7657.31121
2025-12-23,0xcffad3200574698b78f32232aa9d63eabd290703,cex,119234.0316
2025-12-23,0xd2dd7b597fd2435b6db61ddf48544fd931e6869f,cex,46508.91012
2025-12-23,0xdc154fcee1babb560e8528c3a7791527f01423df,custody,25065.20281
2025-12-23,0xdf5e3a1ed0c14a53eee240022301ecb9d267671b,cex,-27944.56186984
2025-12-24,0x0d0707963952f2fba59dd06f2b425ace40b492fe,cex,-54878.37043
2025-12-24,0x377b8ce04761754e8ac153b47805a9cf6b190873,cex,7076.7209102
2025-12-24,0x52c77b0cb827afbad022e6d6caf2c44452edbc39,lp,-84430.72495167
2025-12-24,0x651641299c7ec0aa44ad7ed9b7e12702fed2022f,cex,12039.64046629
2025-12-24,0x73d8bd54f7cf5fab43fe4ef40a62d390644946db,cex,24124.81093759
2025-12-24,0x7dafba1d69f6c01ae7567ffd7b046ca03b706f83,cex,65407.10753
2025-12-24,0x93228d328c9c74c2bfe9f97638bbb5ef322f2bd5,cex,-6379.28472
2025-12-24,0x9642b23ed1e01df1092b92641051881a322f5d4e,cex,-14416.25
2025-12-24,0xa9d1e08c7793af67e9d92fe308d5697fb81d3e43,cex,-56402.09670571
2025-12-24,0xab782bc7d4a2b306825de5a7730034f8f63ee1bc,cex,-904.78051294
2025-12-24,0xcc282e2004428939ee5149a9e7872f0b4d5d5ec7,cex,44234.6032
2025-12-24,0xcffad3200574698b78f32232aa9d63eabd290703,cex,43694.21801
2025-12-24,0xdf5e3a1ed0c14a53eee240022301ecb9d267671b,cex,-53216.71429658
2025-12-24,0xe8c15aad9d4cd3f59c9dfa18828b91a8b2c49596,cex,50000
2025-12-25,0x0d0707963952f2fba59dd06f2b425ace40b492fe,cex,61308.07472926
2025-12-25,0x377b8ce04761754e8ac153b47805a9cf6b190873,cex,15893.71099065
2025-12-25,0x52c77b0cb827afbad022e6d6caf2c44452edbc39,lp,86.59036211
2025-12-25,0x651641299c7ec0aa44ad7ed9b7e12702fed2022f,cex,16018.23190621
2025-12-25,0x73d8bd54f7cf5fab43fe4ef40a62d390644946db,cex,1772.28054078
2025-12-25,0x93228d328c9c74c2bfe9f97638bbb5ef322f2bd5,cex,8
2025-12-25,0x9642b23ed1e01df1092b92641051881a322f5d4e,cex,-9840.57257352
2025-12-25,0x9b0c45d46d386cedd98873168c36efd0dcba8d46,cex,49795.555
2025-12-25,0xa9d1e08c7793af67e9d92fe308d5697fb81d3e43,cex,-22842.85712258
2025-12-25,0xcc282e2004428939ee5149a9e7872f0b4d5d5ec7,cex,-455266.13913
2025-12-25,0xcffad3200574698b78f32232aa9d63eabd290703,cex,666.39903
2025-12-25,0xd2dd7b597fd2435b6db61ddf48544fd931e6869f,cex,34699.44672
2025-12-25,0xdf5e3a1ed0c14a53eee240022301ecb9d267671b,cex,386680.88701393
2025-12-26,0x0d0707963952f2fba59dd06f2b425ace40b492fe,cex,-20140.37605773
2025-12-26,0x52c77b0cb827afbad022e6d6caf2c44452edbc39,lp,-228669.77093447
2025-12-26,0x651641299c7ec0aa44ad7ed9b7e12702fed2022f,cex,-121483.52297595
2025-12-26,0x73d8bd54f7cf5fab43fe4ef40a62d390644946db,cex,-3297.50219277
2025-12-26,0x93228d328c9c74c2bfe9f97638bbb5ef322f2bd5,cex,4847.46
2025-12-26,0x9642b23ed1e01df1092b92641051881a322f5d4e,cex,-119476.65765978
2025-12-26,0x9b0c45d46d386cedd98873168c36efd0dcba8d46,cex,40630.546
2025-12-26,0xa9d1e08c7793af67e9d92fe308d5697fb81d3e43,cex,25222.01047921
2025-12-26,0xab782bc7d4a2b306825de5a7730034f8f63ee1bc,cex,10618.56394933
2025-12-26,0xd2dd7b597fd2435b6db61ddf48544fd931e6869f,cex,35085.55394
2025-12-26,0xdf5e3a1ed0c14a53eee240022301ecb9d267671b,cex,-38855.10907239
2025-12-27,0x0d0707963952f2fba59dd06f2b425ace40b492fe,cex,-3379.51161
2025-12-27,0x33a64dcdfa041befebc9161a3e0c6180cd94fa89,cex,2254.63717879
2025-12-27,0x52c77b0cb827afbad022e6d6caf2c44452edbc39,lp,-280319.12827015
2025-12-27,0x651641299c7ec0aa44ad7ed9b7e12702fed2022f,cex,73645.29866572
2025-12-27,0x73d8bd54f7cf5fab43fe4ef40a62d390644946db,cex,-29288.41249956
2025-12-27,0x9642b23ed1e01df1092b92641051881a322f5d4e,cex,224801.59577818
2025-12-27,0x9b0c45d46d386cedd98873168c36efd0dcba8d46,cex,47561.209
2025-12-27,0xa9d1e08c7793af67e9d92fe308d5697fb81d3e43,cex,-6869.90964044
2025-12-27,0xab782bc7d4a2b306825de5a7730034f8f63ee1bc,cex,-12447.41681986
2025-12-27,0xdf5e3a1ed0c14a53eee240022301ecb9d267671b,cex,-232746.17865515
2025-12-28,0x0d0707963952f2fba59dd06f2b425ace40b492fe,cex,-10827.32942
2025-12-28,0x33a64dcdfa041befebc9161a3e0c6180cd94fa89,cex,-847.56214873
2025-12-28,0x52c77b0cb827afbad022e6d6caf2c44452edbc39,lp,213679.94028541
2025-12-28,0x651641299c7ec0aa44ad7ed9b7e12702fed2022f,cex,-429381.15325479
2025-12-28,0x73d8bd54f7cf5fab43fe4ef40a62d390644946db,cex,-11644.45224599
2025-12-28,0x93228d328c9c74c2bfe9f97638bbb5ef322f2bd5,cex,15.3816
2025-12-28,0x9642b23ed1e01df1092b92641051881a322f5d4e,cex,44798.85
2025-12-28,0xa9d1e08c7793af67e9d92fe308d5697fb81d3e43,cex,-1918.9444386
2025-12-28,0xab782bc7d4a2b306825de5a7730034f8f63ee1bc,cex,525.46686803
2025-12-28,0xdf5e3a1ed0c14a53eee240022301ecb9d267671b,cex,104454.9247014
2025-12-29,0x0529ea5885702715e83923c59746ae8734c553b7,cex,-22211.59535331
2025-12-29,0x0d0707963952f2fba59dd06f2b425ace40b492fe,cex,-91585.1159775
2025-12-29,0x33a64dcdfa041befebc9161a3e0c6180cd94fa89,cex,-1011.75056292
2025-12-29,0x377b8ce04761754e8ac153b47805a9cf6b190873,cex,17361.72021694
2025-12-29,0x52c77b0cb827afbad022e6d6caf2c44452edbc39,lp,298531.50407173
2025-12-29,0x651641299c7ec0aa44ad7ed9b7e12702fed2022f,cex,207049.50716244
2025-12-29,0x73d8bd54f7cf5fab43fe4ef40a62d390644946db,cex,23139.6439612
2025-12-29,0x91dca37856240e5e1906222ec79278b16420dc92,cex,-69069
2025-12-29,0x93228d328c9c74c2bfe9f97638bbb5ef322f2bd5,cex,11828.6988
2025-12-29,0x9642b23ed1e01df1092b92641051881a322f5d4e,cex,-111004.17441825
2025-12-29,0x9b0c45d46d386cedd98873168c36efd0dcba8d46,cex,-45980
2025-12-29,0xa023f08c70a23abc7edfc5b6b5e171d78dfc947e,cex,4444
2025-12-29,0xa9d1e08c7793af67e9d92fe308d5697fb81d3e43,cex,-3724.20046319
2025-12-29,0xab782bc7d4a2b306825de5a7730034f8f63ee1bc,cex,36843.54535331
2025-12-29,0xcffad3200574698b78f32232aa9d63eabd290703,cex,-15060
2025-12-29,0xd2dd7b597fd2435b6db61ddf48544fd931e6869f,cex,-104954.05186
2025-12-29,0xdf5e3a1ed0c14a53eee240022301ecb9d267671b,cex,246686.11496322
2025-12-30,0x0d0707963952f2fba59dd06f2b425ace40b492fe,cex,11741.060663
2025-12-30,0x33a64dcdfa041befebc9161a3e0c6180cd94fa89,cex,-5710.15549964
2025-12-30,0x52c77b0cb827afbad022e6d6caf2c44452edbc39,lp,-90503.68793676
2025-12-30,0x651641299c7ec0aa44ad7ed9b7e12702fed2022f,cex,-11831.75515346
2025-12-30,0x73d8bd54f7cf5fab43fe4ef40a62d390644946db,cex,-5159.58505703
2025-12-30,0x93228d328c9c74c2bfe9f97638bbb5ef322f2bd5,cex,43322.4314426
2025-12-30,0x9642b23ed1e01df1092b92641051881a322f5d4e,cex,1205.68114243
2025-12-30,0x9b0c45d46d386cedd98873168c36efd0dcba8d46,cex,265780.726
2025-12-30,0xa9d1e08c7793af67e9d92fe308d5697fb81d3e43,cex,94714.91531257
2025-12-30,0xab782bc7d4a2b306825de5a7730034f8f63ee1bc,cex,-83414.484
2025-12-30,0xd2dd7b597fd2435b6db61ddf48544fd931e6869f,cex,-126506.56692
2025-12-30,0xdf5e3a1ed0c14a53eee240022301ecb9d267671b,cex,447480.77797149
2025-12-31,0x0d0707963952f2fba59dd06f2b425ace40b492fe,cex,147587.9437828
2025-12-31,0x33a64dcdfa041befebc9161a3e0c6180cd94fa89,cex,304.55557805
2025-12-31,0x52c77b0cb827afbad022e6d6caf2c44452edbc39,lp,154315.12555083
2025-12-31,0x651641299c7ec0aa44ad7ed9b7e12702fed2022f,cex,-385294.64004732
2025-12-31,0x73d8bd54f7cf5fab43fe4ef40a62d390644946db,cex,-1513.59279722
2025-12-31,0x7dafba1d69f6c01ae7567ffd7b046ca03b706f83,cex,194832.94451
2025-12-31,0x93228d328c9c74c2bfe9f97638bbb5ef322f2bd5,cex,1860.1454
2025-12-31,0x9642b23ed1e01df1092b92641051881a322f5d4e,cex,89884.47209669
2025-12-31,0xa9d1e08c7793af67e9d92fe308d5697fb81d3e43,cex,-46770.13653382
2025-12-31,0xab782bc7d4a2b306825de5a7730034f8f63ee1bc,cex,-29068.87276475
2025-12-31,0xcc282e2004428939ee5149a9e7872f0b4d5d5ec7,cex,82697.81014
2025-12-31,0xcffad3200574698b78f32232aa9d63eabd290703,cex,-17445
2025-12-31,0xd2dd7b597fd2435b6db61ddf48544fd931e6869f,cex,236700.29162
2025-12-31,0xdf5e3a1ed0c14a53eee240022301ecb9d267671b,cex,-332830.33159292
2026-01-01,0x0d0707963952f2fba59dd06f2b425ace40b492fe,cex,-19368.91998904
2026-01-01,0x52c77b0cb827afbad022e6d6caf2c44452edbc39,lp,-277872.71474875
2026-01-01,0x651641299c7ec0aa44ad7ed9b7e12702fed2022f,cex,419380.51360644
2026-01-01,0x73d8bd54f7cf5fab43fe4ef40a62d390644946db,cex,256834.66319753
2026-01-01,0x91dca37856240e5e1906222ec79278b16420dc92,cex,-28887
2026-01-01,0x9642b23ed1e01df1092b92641051881a322f5d4e,cex,-57225.18509669
2026-01-01,0x9b0c45d46d386cedd98873168c36efd0dcba8d46,cex,31501.394
2026-01-01,0xa9d1e08c7793af67e9d92fe308d5697fb81d3e43,cex,17109.19311758
2026-01-01,0xab782bc7d4a2b306825de5a7730034f8f63ee1bc,cex,241712.1386996
2026-01-01,0xcc282e2004428939ee5149a9e7872f0b4d5d5ec7,cex,-29873.75946
2026-01-01,0xd2dd7b597fd2435b6db61ddf48544fd931e6869f,cex,55808.73282
2026-01-01,0xdc154fcee1babb560e8528c3a7791527f01423df,custody,759085.85351
2026-01-01,0xdf5e3a1ed0c14a53eee240022301ecb9d267671b,cex,-812055.72916324
2026-01-02,0x0d0707963952f2fba59dd06f2b425ace40b492fe,cex,-33543.87066529
2026-01-02,0x33a64dcdfa041befebc9161a3e0c6180cd94fa89,cex,-1500
2026-01-02,0x52c77b0cb827afbad022e6d6caf2c44452edbc39,lp,-463232.03671925
2026-01-02,0x651641299c7ec0aa44ad7ed9b7e12702fed2022f,cex,555987.60599544
2026-01-02,0x73d8bd54f7cf5fab43fe4ef40a62d390644946db,cex,12948.57379321
2026-01-02,0x91dca37856240e5e1906222ec79278b16420dc92,cex,-10692.89790812
2026-01-02,0x93228d328c9c74c2bfe9f97638bbb5ef322f2bd5,cex,-5778.44686279
2026-01-02,0x9642b23ed1e01df1092b92641051881a322f5d4e,cex,-91596.7657967
2026-01-02,0x9b0c45d46d386cedd98873168c36efd0dcba8d46,cex,89814.032
2026-01-02,0xa023f08c70a23abc7edfc5b6b5e171d78dfc947e,cex,109355.99
2026-01-02,0xa9d1e08c7793af67e9d92fe308d5697fb81d3e43,cex,-101647.48873588
2026-01-02,0xab782bc7d4a2b306825de5a7730034f8f63ee1bc,cex,-367489.68304576
2026-01-02,0xcffad3200574698b78f32232aa9d63eabd290703,cex,-46333.754463
2026-01-02,0xd2dd7b597fd2435b6db61ddf48544fd931e6869f,cex,144005.17974
2026-01-02,0xdc154fcee1babb560e8528c3a7791527f01423df,custody,508.70018
2026-01-02,0xdf5e3a1ed0c14a53eee240022301ecb9d267671b,cex,-58087.19586696
2026-01-03,0x0d0707963952f2fba59dd06f2b425ace40b492fe,cex,-83484.06570078
2026-01-03,0x33a64dcdfa041befebc9161a3e0c6180cd94fa89,cex,-10553.40377128
2026-01-03,0x52c77b0cb827afbad022e6d6caf2c44452edbc39,lp,-210321.82148298
2026-01-03,0x651641299c7ec0aa44ad7ed9b7e12702fed2022f,cex,115238.74247884
2026-01-03,0x73d8bd54f7cf5fab43fe4ef40a62d390644946db,cex,2894.28704431
2026-01-03,0x91dca37856240e5e1906222ec79278b16420dc92,cex,61100.76872504
2026-01-03,0x93228d328c9c74c2bfe9f97638bbb5ef322f2bd5,cex,4256.575
2026-01-03,0x9642b23ed1e01df1092b92641051881a322f5d4e,cex,-33873.9174088
2026-01-03,0xa9d1e08c7793af67e9d92fe308d5697fb81d3e43,cex,-281863.33885212
2026-01-03,0xab782bc7d4a2b306825de5a7730034f8f63ee1bc,cex,200000
2026-01-03,0xb0a3a2b60e969afd26561429aa4c1444c57e4411,cex,-200000
2026-01-03,0xcffad3200574698b78f32232aa9d63eabd290703,cex,754.29295
2026-01-03,0xdf5e3a1ed0c14a53eee240022301ecb9d267671b,cex,60440.07702866
2026-01-04,0x0d0707963952f2fba59dd06f2b425ace40b492fe,cex,-4401.62383898
2026-01-04,0x33a64dcdfa041befebc9161a3e0c6180cd94fa89,cex,-1377
2026-01-04,0x52c77b0cb827afbad022e6d6caf2c44452edbc39,lp,-600737.63448914
2026-01-04,0x651641299c7ec0aa44ad7ed9b7e12702fed2022f,cex,-519117.22017388
2026-01-04,0x73d8bd54f7cf5fab43fe4ef40a62d390644946db,cex,9433.67445177
2026-01-04,0x91dca37856240e5e1906222ec79278b16420dc92,cex,-34629.26351714
2026-01-04,0x93228d328c9c74c2bfe9f97638bbb5ef322f2bd5,cex,-2714.47
2026-01-04,0x9642b23ed1e01df1092b92641051881a322f5d4e,cex,112208.62588885
2026-01-04,0x9b0c45d46d386cedd98873168c36efd0dcba8d46,cex,-82529.287
2026-01-04,0xa9d1e08c7793af67e9d92fe308d5697fb81d3e43,cex,85746.43268837
2026-01-04,0xab782bc7d4a2b306825de5a7730034f8f63ee1bc,cex,-168262.754
2026-01-04,0xcffad3200574698b78f32232aa9d63eabd290703,cex,600.94221977
2026-01-04,0xdf5e3a1ed0c14a53eee240022301ecb9d267671b,cex,1383064.78842141
2026-01-05,0x0d0707963952f2fba59dd06f2b425ace40b492fe,cex,41088.44158789
2026-01-05,0x33a64dcdfa041befebc9161a3e0c6180cd94fa89,cex,-257.94274211
2026-01-05,0x52c77b0cb827afbad022e6d6caf2c44452edbc39,lp,166814.87753238
2026-01-05,0x651641299c7ec0aa44ad7ed9b7e12702fed2022f,cex,-683274.79638845
2026-01-05,0x73d8bd54f7cf5fab43fe4ef40a62d390644946db,cex,15627.40061463
2026-01-05,0x93228d328c9c74c2bfe9f97638bbb5ef322f2bd5,cex,-20113.95413489
2026-01-05,0x9642b23ed1e01df1092b92641051881a322f5d4e,cex,-170444.37337774
2026-01-05,0x9b0c45d46d386cedd98873168c36efd0dcba8d46,cex,-47286
2026-01-05,0xa023f08c70a23abc7edfc5b6b5e171d78dfc947e,cex,440.44422905
2026-01-05,0xa9d1e08c7793af67e9d92fe308d5697fb81d3e43,cex,62903.49330237
2026-01-05,0xab782bc7d4a2b306825de5a7730034f8f63ee1bc,cex,308.12125455
2026-01-05,0xd2dd7b597fd2435b6db61ddf48544fd931e6869f,cex,1091054.35566
2026-01-05,0xdf5e3a1ed0c14a53eee240022301ecb9d267671b,cex,-783823.04755702
2026-01-06,0x0d0707963952f2fba59dd06f2b425ace40b492fe,cex,30500.19330841
2026-01-06,0x52c77b0cb827afbad022e6d6caf2c44452edbc39,lp,171601.51607475
2026-01-06,0x651641299c7ec0aa44ad7ed9b7e12702fed2022f,cex,267476.98866013
2026-01-06,0x73d8bd54f7cf5fab43fe4ef40a62d390644946db,cex,-901.89665215
2026-01-06,0x91dca37856240e5e1906222ec79278b16420dc92,cex,58206.39791164
2026-01-06,0x93228d328c9c74c2bfe9f97638bbb5ef322f2bd5,cex,-6980.709
2026-01-06,0x9642b23ed1e01df1092b92641051881a322f5d4e,cex,-155653.71094878
2026-01-06,0x9b0c45d46d386cedd98873168c36efd0dcba8d46,cex,-19640
2026-01-06,0xa9d1e08c7793af67e9d92fe308d5697fb81d3e43,cex,-183694.28633
2026-01-06,0xab782bc7d4a2b306825de5a7730034f8f63ee1bc,cex,-8368.6
2026-01-06,0xcc282e2004428939ee5149a9e7872f0b4d5d5ec7,cex,1.80019
2026-01-06,0xcffad3200574698b78f32232aa9d63eabd290703,cex,-87355
2026-01-06,0xd2dd7b597fd2435b6db61ddf48544fd931e6869f,cex,325187.94661
2026-01-06,0xdc154fcee1babb560e8528c3a7791527f01423df,custody,16457.22843
2026-01-06,0xdf5e3a1ed0c14a53eee240022301ecb9d267671b,cex,-558247.41758953
2026-01-07,0x0529ea5885702715e83923c59746ae8734c553b7,cex,-27410.8899378
2026-01-07,0x0d0707963952f2fba59dd06f2b425ace40b492fe,cex,-55449.0220834
2026-01-07,0x33a64dcdfa041befebc9161a3e0c6180cd94fa89,cex,10407.21080959
2026-01-07,0x52c77b0cb827afbad022e6d6caf2c44452edbc39,lp,95021.11373427
2026-01-07,0x651641299c7ec0aa44ad7ed9b7e12702fed2022f,cex,-135104.32393626
2026-01-07,0x73d8bd54f7cf5fab43fe4ef40a62d390644946db,cex,4085.65319601
2026-01-07,0x7dafba1d69f6c01ae7567ffd7b046ca03b706f83,cex,-78897.35288
2026-01-07,0x91dca37856240e5e1906222ec79278b16420dc92,cex,-29081.2
2026-01-07,0x93228d328c9c74c2bfe9f97638bbb5ef322f2bd5,cex,7855.74028279
2026-01-07,0x9642b23ed1e01df1092b92641051881a322f5d4e,cex,57155.7261
2026-01-07,0x9b0c45d46d386cedd98873168c36efd0dcba8d46,cex,-55038.999
2026-01-07,0xa023f08c70a23abc7edfc5b6b5e171d78dfc947e,cex,536.4
2026-01-07,0xa9d1e08c7793af67e9d92fe308d5697fb81d3e43,cex,33250.55754965
2026-01-07,0xab782bc7d4a2b306825de5a7730034f8f63ee1bc,cex,-1783.31145731
2026-01-07,0xcffad3200574698b78f32232aa9d63eabd290703,cex,9899.51862205
2026-01-07,0xd2dd7b597fd2435b6db61ddf48544fd931e6869f,cex,21946.54359
2026-01-07,0xdd276dc5223d0120f9bf1776f38957cc8da23cb0,cex,100000.001
2026-01-07,0xdf5e3a1ed0c14a53eee240022301ecb9d267671b,cex,-231808.72107019
2026-01-08,0x0d0707963952f2fba59dd06f2b425ace40b492fe,cex,21028.6442438
2026-01-08,0x33a64dcdfa041befebc9161a3e0c6180cd94fa89,cex,-438.34077035
2026-01-08,0x52c77b0cb827afbad022e6d6caf2c44452edbc39,lp,191937.78302802
2026-01-08,0x651641299c7ec0aa44ad7ed9b7e12702fed2022f,cex,66070.58662457
2026-01-08,0x73d8bd54f7cf5fab43fe4ef40a62d390644946db,cex,-1049.11391507
2026-01-08,0x91dca37856240e5e1906222ec79278b16420dc92,cex,0.001
2026-01-08,0x93228d328c9c74c2bfe9f97638bbb5ef322f2bd5,cex,35953.49095668
2026-01-08,0x9642b23ed1e01df1092b92641051881a322f5d4e,cex,-15446.55720339
2026-01-08,0x9b0c45d46d386cedd98873168c36efd0dcba8d46,cex,17672.689
2026-01-08,0xa9d1e08c7793af67e9d92fe308d5697fb81d3e43,cex,-547.49676422
2026-01-08,0xab782bc7d4a2b306825de5a7730034f8f63ee1bc,cex,-10221.79605779
2026-01-08,0xd2dd7b597fd2435b6db61ddf48544fd931e6869f,cex,-17566.21962
2026-01-08,0xdf5e3a1ed0c14a53eee240022301ecb9d267671b,cex,-55998.92985758
2026-01-09,0x0529ea5885702715e83923c59746ae8734c553b7,cex,55647.42349335
2026-01-09,0x0d0707963952f2fba59dd06f2b425ace40b492fe,cex,-14851.7780624
2026-01-09,0x52c77b0cb827afbad022e6d6caf2c44452edbc39,lp,-127762.08300196
2026-01-09,0x651641299c7ec0aa44ad7ed9b7e12702fed2022f,cex,-8249.3038195
2026-01-09,0x73d8bd54f7cf5fab43fe4ef40a62d390644946db,cex,40023.29395847
2026-01-09,0x93228d328c9c74c2bfe9f97638bbb5ef322f2bd5,cex,32.0865
2026-01-09,0x9642b23ed1e01df1092b92641051881a322f5d4e,cex,-7030.404
2026-01-09,0x9b0c45d46d386cedd98873168c36efd0dcba8d46,cex,34297.676
2026-01-09,0xa9d1e08c7793af67e9d92fe308d5697fb81d3e43,cex,-13622.37870406
2026-01-09,0xab782bc7d4a2b306825de5a7730034f8f63ee1bc,cex,-68973.03149335
2026-01-09,0xcc282e2004428939ee5149a9e7872f0b4d5d5ec7,cex,456.15524
2026-01-09,0xd2dd7b597fd2435b6db61ddf48544fd931e6869f,cex,28889.16479
2026-01-09,0xdf5e3a1ed0c14a53eee240022301ecb9d267671b,cex,76982.05681114
2026-01-10,0x0d0707963952f2fba59dd06f2b425ace40b492fe,cex,-12618.31174425
2026-01-10,0x33a64dcdfa041befebc9161a3e0c6180cd94fa89,cex,-29.999
2026-01-10,0x377b8ce04761754e8ac153b47805a9cf6b190873,cex,56683.56104639
2026-01-10,0x52c77b0cb827afbad022e6d6caf2c44452edbc39,lp,113712.03903982
2026-01-10,0x651641299c7ec0aa44ad7ed9b7e12702fed2022f,cex,-187207.51413808
2026-01-10,0x73d8bd54f7cf5fab43fe4ef40a62d390644946db,cex,7223.15324745
2026-01-10,0x9642b23ed1e01df1092b92641051881a322f5d4e,cex,7151.8576
2026-01-10,0x9b0c45d46d386cedd98873168c36efd0dcba8d46,cex,65338.764
2026-01-10,0xa9d1e08c7793af67e9d92fe308d5697fb81d3e43,cex,204280.28452949
2026-01-10,0xab782bc7d4a2b306825de5a7730034f8f63ee1bc,cex,232696.70510297
2026-01-10,0xb0a3a2b60e969afd26561429aa4c1444c57e4411,cex,-149999.999
2026-01-10,0xdf5e3a1ed0c14a53eee240022301ecb9d267671b,cex,44337.38181787
2026-01-11,0x0d0707963952f2fba59dd06f2b425ace40b492fe,cex,-25869.497
2026-01-11,0x33a64dcdfa041befebc9161a3e0c6180cd94fa89,cex,2696.77259342
2026-01-11,0x52c77b0cb827afbad022e6d6caf2c44452edbc39,lp,35450.55221578
2026-01-11,0x651641299c7ec0aa44ad7ed9b7e12702fed2022f,cex,18194.9878442
2026-01-11,0x73d8bd54f7cf5fab43fe4ef40a62d390644946db,cex,210.3949483
2026-01-11,0x9642b23ed1e01df1092b92641051881a322f5d4e,cex,-32397.0993
2026-01-11,0xa023f08c70a23abc7edfc5b6b5e171d78dfc947e,cex,200
2026-01-11,0xa9d1e08c7793af67e9d92fe308d5697fb81d3e43,cex,-103918.61565898
2026-01-11,0xab782bc7d4a2b306825de5a7730034f8f63ee1bc,cex,56517.253
2026-01-11,0xdf5e3a1ed0c14a53eee240022301ecb9d267671b,cex,84461.23608991
2026-01-12,0x0529ea5885702715e83923c59746ae8734c553b7,cex,32951.54564402
2026-01-12,0x0d0707963952f2fba59dd06f2b425ace40b492fe,cex,-23320.1585541
2026-01-12,0x52c77b0cb827afbad022e6d6caf2c44452edbc39,lp,46027.89571293
2026-01-12,0x651641299c7ec0aa44ad7ed9b7e12702fed2022f,cex,93648.29458056
2026-01-12,0x73d8bd54f7cf5fab43fe4ef40a62d390644946db,cex,-9657.39053363
2026-01-12,0x91dca37856240e5e1906222ec79278b16420dc92,cex,-30096.53001588
2026-01-12,0x93228d328c9c74c2bfe9f97638bbb5ef322f2bd5,cex,4433.89
2026-01-12,0x9642b23ed1e01df1092b92641051881a322f5d4e,cex,-19436.4987843
2026-01-12,0x9b0c45d46d386cedd98873168c36efd0dcba8d46,cex,-20088
2026-01-12,0xa9d1e08c7793af67e9d92fe308d5697fb81d3e43,cex,-17178.224514
2026-01-12,0xab782bc7d4a2b306825de5a7730034f8f63ee1bc,cex,36212.72594981
2026-01-12,0xd2dd7b597fd2435b6db61ddf48544fd931e6869f,cex,83418.77269
2026-01-12,0xdf5e3a1ed0c14a53eee240022301ecb9d267671b,cex,131069.08634551
2026-01-13,0x0d0707963952f2fba59dd06f2b425ace40b492fe,cex,49617.09237326
2026-01-13,0x33a64dcdfa041befebc9161a3e0c6180cd94fa89,cex,-13826.76656553
2026-01-13,0x52c77b0cb827afbad022e6d6caf2c44452edbc39,lp,-96002.58786097
2026-01-13,0x651641299c7ec0aa44ad7ed9b7e12702fed2022f,cex,-54406.62449662
2026-01-13,0x73d8bd54f7cf5fab43fe4ef40a62d390644946db,cex,1346.49018247
2026-01-13,0x91dca37856240e5e1906222ec79278b16420dc92,cex,-26182
2026-01-13,0x9642b23ed1e01df1092b92641051881a322f5d4e,cex,-27682.12846339
2026-01-13,0x9b0c45d46d386cedd98873168c36efd0dcba8d46,cex,-73329.34
2026-01-13,0xa9d1e08c7793af67e9d92fe308d5697fb81d3e43,cex,126794.88381738
2026-01-13,0xab782bc7d4a2b306825de5a7730034f8f63ee1bc,cex,17818.507
2026-01-13,0xcc282e2004428939ee5149a9e7872f0b4d5d5ec7,cex,860.94352
2026-01-13,0xcffad3200574698b78f32232aa9d63eabd290703,cex,200.002
2026-01-13,0xd2dd7b597fd2435b6db61ddf48544fd931e6869f,cex,-31225.21259
2026-01-13,0xdf5e3a1ed0c14a53eee240022301ecb9d267671b,cex,-255942.64069
2026-01-13,0xe8c15aad9d4cd3f59c9dfa18828b91a8b2c49596,cex,100000
2026-01-14,0x0d0707963952f2fba59dd06f2b425ace40b492fe,cex,98648.46582936
2026-01-14,0x52c77b0cb827afbad022e6d6caf2c44452edbc39,lp,122679.28368018
2026-01-14,0x651641299c7ec0aa44ad7ed9b7e12702fed2022f,cex,95855.26308284
2026-01-14,0x73d8bd54f7cf5fab43fe4ef40a62d390644946db,cex,-35915.38473917
2026-01-14,0x7dafba1d69f6c01ae7567ffd7b046ca03b706f83,cex,-424335.52863
2026-01-14,0x91dca37856240e5e1906222ec79278b16420dc92,cex,217.9498673
2026-01-14,0x93228d328c9c74c2bfe9f97638bbb5ef322f2bd5,cex,-23.69541509
2026-01-14,0x9642b23ed1e01df1092b92641051881a322f5d4e,cex,-17555.1719531
2026-01-14,0x9b0c45d46d386cedd98873168c36efd0dcba8d46,cex,-53407.333
2026-01-14,0xa9d1e08c7793af67e9d92fe308d5697fb81d3e43,cex,-23246.49005962
2026-01-14,0xab782bc7d4a2b306825de5a7730034f8f63ee1bc,cex,-165147.835
2026-01-14,0xcffad3200574698b78f32232aa9d63eabd290703,cex,2000
2026-01-14,0xd2dd7b597fd2435b6db61ddf48544fd931e6869f,cex,82620.02206
2026-01-14,0xdf5e3a1ed0c14a53eee240022301ecb9d267671b,cex,384539.58149401
2026-01-15,0x0d0707963952f2fba59dd06f2b425ace40b492fe,cex,-208671.17131047
2026-01-15,0x33a64dcdfa041befebc9161a3e0c6180cd94fa89,cex,-3296.39762724
2026-01-15,0x52c77b0cb827afbad022e6d6caf2c44452edbc39,lp,483705.86766962
2026-01-15,0x651641299c7ec0aa44ad7ed9b7e12702fed2022f,cex,2532147.29971841
2026-01-15,0x73d8bd54f7cf5fab43fe4ef40a62d390644946db,cex,13392.01298908
2026-01-15,0x91dca37856240e5e1906222ec79278b16420dc92,cex,-22886
2026-01-15,0x93228d328c9c74c2bfe9f97638bbb5ef322f2bd5,cex,-18789.66978283
2026-01-15,0x9642b23ed1e01df1092b92641051881a322f5d4e,cex,56579.14976311
2026-01-15,0x9b0c45d46d386cedd98873168c36efd0dcba8d46,cex,-75284
2026-01-15,0xa9d1e08c7793af67e9d92fe308d5697fb81d3e43,cex,-180227.20781127
2026-01-15,0xab782bc7d4a2b306825de5a7730034f8f63ee1bc,cex,5788.55787791
2026-01-15,0xb0a3a2b60e969afd26561429aa4c1444c57e4411,cex,513092.35
2026-01-15,0xd2dd7b597fd2435b6db61ddf48544fd931e6869f,cex,-54760.2478
2026-01-15,0xdf5e3a1ed0c14a53eee240022301ecb9d267671b,cex,-63394.20623808
2026-01-16,0x0d0707963952f2fba59dd06f2b425ace40b492fe,cex,38908.19900297
2026-01-16,0x52c77b0cb827afbad022e6d6caf2c44452edbc39,lp,-221406.67892989
2026-01-16,0x651641299c7ec0aa44ad7ed9b7e12702fed2022f,cex,-221745.9725195
2026-01-16,0x73d8bd54f7cf5fab43fe4ef40a62d390644946db,cex,-3115.40027401
2026-01-16,0x93228d328c9c74c2bfe9f97638bbb5ef322f2bd5,cex,-13235.75480692
2026-01-16,0x9642b23ed1e01df1092b92641051881a322f5d4e,cex,-55982.52857736
2026-01-16,0xa9d1e08c7793af67e9d92fe308d5697fb81d3e43,cex,69081.63482755
2026-01-16,0xab782bc7d4a2b306825de5a7730034f8f63ee1bc,cex,78279.67853405
2026-01-16,0xd2dd7b597fd2435b6db61ddf48544fd931e6869f,cex,-28838.65618
2026-01-16,0xdf5e3a1ed0c14a53eee240022301ecb9d267671b,cex,195755.15928228
2026-01-17,0x0d0707963952f2fba59dd06f2b425ace40b492fe,cex,80039.5405
2026-01-17,0x33a64dcdfa041befebc9161a3e0c6180cd94fa89,cex,-30.69550591
2026-01-17,0x52c77b0cb827afbad022e6d6caf2c44452edbc39,lp,258897.3452012
2026-01-17,0x651641299c7ec0aa44ad7ed9b7e12702fed2022f,cex,-13134.356683
2026-01-17,0x73d8bd54f7cf5fab43fe4ef40a62d390644946db,cex,-7330.84214773
2026-01-17,0x93228d328c9c74c2bfe9f97638bbb5ef322f2bd5,cex,41.1558
2026-01-17,0x9642b23ed1e01df1092b92641051881a322f5d4e,cex,-19987.93898641
2026-01-17,0x9b0c45d46d386cedd98873168c36efd0dcba8d46,cex,86143.004
2026-01-17,0xa023f08c70a23abc7edfc5b6b5e171d78dfc947e,cex,5166.29
2026-01-17,0xa9d1e08c7793af67e9d92fe308d5697fb81d3e43,cex,-5685.17949228
2026-01-17,0xab782bc7d4a2b306825de5a7730034f8f63ee1bc,cex,20806.295
2026-01-17,0xcffad3200574698b78f32232aa9d63eabd290703,cex,19998.29
2026-01-17,0xdf5e3a1ed0c14a53eee240022301ecb9d267671b,cex,-192187.47398062
2026-01-18,0x0d0707963952f2fba59dd06f2b425ace40b492fe,cex,-16709.79849597
2026-01-18,0x33a64dcdfa041befebc9161a3e0c6180cd94fa89,cex,1541.13910804
2026-01-18,0x52c77b0cb827afbad022e6d6caf2c44452edbc39,lp,432833.21042347
2026-01-18,0x651641299c7ec0aa44ad7ed9b7e12702fed2022f,cex,-231070.3310659
2026-01-18,0x73d8bd54f7cf5fab43fe4ef40a62d390644946db,cex,953.59091679
2026-01-18,0x91dca37856240e5e1906222ec79278b16420dc92,cex,21958.82898518
2026-01-18,0x93228d328c9c74c2bfe9f97638bbb5ef322f2bd5,cex,-1314.19
2026-01-18,0x9642b23ed1e01df1092b92641051881a322f5d4e,cex,52376.59998
2026-01-18,0x9b0c45d46d386cedd98873168c36efd0dcba8d46,cex,-34451
2026-01-18,0xa9d1e08c7793af67e9d92fe308d5697fb81d3e43,cex,38706.46463874
2026-01-18,0xab782bc7d4a2b306825de5a7730034f8f63ee1bc,cex,3654.8
2026-01-18,0xcffad3200574698b78f32232aa9d63eabd290703,cex,-11995.89160318
2026-01-18,0xdf5e3a1ed0c14a53eee240022301ecb9d267671b,cex,32361.23328
2026-01-19,0x0d0707963952f2fba59dd06f2b425ace40b492fe,cex,-65155.86235813
2026-01-19,0x33a64dcdfa041befebc9161a3e0c6180cd94fa89,cex,-2052.56537676
2026-01-19,0x52c77b0cb827afbad022e6d6caf2c44452edbc39,lp,250301.47148089
2026-01-19,0x651641299c7ec0aa44ad7ed9b7e12702fed2022f,cex,-354114.20760046
2026-01-19,0x73d8bd54f7cf5fab43fe4ef40a62d390644946db,cex,901.84020033
2026-01-19,0x91dca37856240e5e1906222ec79278b16420dc92,cex,3802.16
2026-01-19,0x93228d328c9c74c2bfe9f97638bbb5ef322f2bd5,cex,-3025.44
2026-01-19,0x9642b23ed1e01df1092b92641051881a322f5d4e,cex,-35265.6378673
2026-01-19,0x9b0c45d46d386cedd98873168c36efd0dcba8d46,cex,528234.388
2026-01-19,0xa9d1e08c7793af67e9d92fe308d5697fb81d3e43,cex,159336.12663345
2026-01-19,0xab782bc7d4a2b306825de5a7730034f8f63ee1bc,cex,-89303.802
2026-01-19,0xd2dd7b597fd2435b6db61ddf48544fd931e6869f,cex,16444.91808
2026-01-19,0xdc154fcee1babb560e8528c3a7791527f01423df,custody,217511.58408
2026-01-19,0xdf5e3a1ed0c14a53eee240022301ecb9d267671b,cex,-51174.40383068
2026-01-20,0x0d0707963952f2fba59dd06f2b425ace40b492fe,cex,411511.99810381
2026-01-20,0x33a64dcdfa041befebc9161a3e0c6180cd94fa89,cex,613.89437936
2026-01-20,0x52c77b0cb827afbad022e6d6caf2c44452edbc39,lp,274598.41747989
2026-01-20,0x651641299c7ec0aa44ad7ed9b7e12702fed2022f,cex,1366471.70605962
2026-01-20,0x73d8bd54f7cf5fab43fe4ef40a62d390644946db,cex,20180.57896917
2026-01-20,0x91dca37856240e5e1906222ec79278b16420dc92,cex,50789.12987313
2026-01-20,0x93228d328c9c74c2bfe9f97638bbb5ef322f2bd5,cex,4531.87
2026-01-20,0x9642b23ed1e01df1092b92641051881a322f5d4e,cex,213264.46018133
2026-01-20,0x9b0c45d46d386cedd98873168c36efd0dcba8d46,cex,-100439
2026-01-20,0xa023f08c70a23abc7edfc5b6b5e171d78dfc947e,cex,7166.47406039
2026-01-20,0xa9d1e08c7793af67e9d92fe308d5697fb81d3e43,cex,77045.12119627
2026-01-20,0xab782bc7d4a2b306825de5a7730034f8f63ee1bc,cex,-16871.22295313
2026-01-20,0xcffad3200574698b78f32232aa9d63eabd290703,cex,459.09135379
2026-01-20,0xd2dd7b597fd2435b6db61ddf48544fd931e6869f,cex,-40592.81057
2026-01-20,0xdd276dc5223d0120f9bf1776f38957cc8da23cb0,cex,140000
2026-01-20,0xdf5e3a1ed0c14a53eee240022301ecb9d267671b,cex,619942.73197766
2026-01-21,0x0529ea5885702715e83923c59746ae8734c553b7,cex,21602.88078
2026-01-21,0x0d0707963952f2fba59dd06f2b425ace40b492fe,cex,38753.41115349
2026-01-21,0x33a64dcdfa041befebc9161a3e0c6180cd94fa89,cex,92.81300739
2026-01-21,0x52c77b0cb827afbad022e6d6caf2c44452edbc39,lp,-81984.09283467
2026-01-21,0x651641299c7ec0aa44ad7ed9b7e12702fed2022f,cex,-544398.78175106
2026-01-21,0x73d8bd54f7cf5fab43fe4ef40a62d390644946db,cex,19642.04850821
2026-01-21,0x7dafba1d69f6c01ae7567ffd7b046ca03b706f83,cex,312348.4286
2026-01-21,0x91dca37856240e5e1906222ec79278b16420dc92,cex,-22946.52147107
2026-01-21,0x93228d328c9c74c2bfe9f97638bbb5ef322f2bd5,cex,-23140.28741886
2026-01-21,0x9642b23ed1e01df1092b92641051881a322f5d4e,cex,3352.88247838
2026-01-21,0xa023f08c70a23abc7edfc5b6b5e171d78dfc947e,cex,242.60894279
2026-01-21,0xa9d1e08c7793af67e9d92fe308d5697fb81d3e43,cex,23298.77334214
2026-01-21,0xab782bc7d4a2b306825de5a7730034f8f63ee1bc,cex,419453.89132235
2026-01-21,0xcffad3200574698b78f32232aa9d63eabd290703,cex,150.26347295
2026-01-21,0xd2dd7b597fd2435b6db61ddf48544fd931e6869f,cex,121688.17577
2026-01-21,0xdc154fcee1babb560e8528c3a7791527f01423df,custody,554059.16486
2026-01-21,0xdf5e3a1ed0c14a53eee240022301ecb9d267671b,cex,-589083.35580162
2026-01-22,0x0d0707963952f2fba59dd06f2b425ace40b492fe,cex,-222321.05725334
2026-01-22,0x52c77b0cb827afbad022e6d6caf2c44452edbc39,lp,531228.29872082
2026-01-22,0x651641299c7ec0aa44ad7ed9b7e12702fed2022f,cex,1409732.10564167
2026-01-22,0x73d8bd54f7cf5fab43fe4ef40a62d390644946db,cex,28306.65123083
2026-01-22,0x91dca37856240e5e1906222ec79278b16420dc92,cex,64759.96135433
2026-01-22,0x93228d328c9c74c2bfe9f97638bbb5ef322f2bd5,cex,14905.8626
2026-01-22,0x9642b23ed1e01df1092b92641051881a322f5d4e,cex,282100.6782469
2026-01-22,0x9b0c45d46d386cedd98873168c36efd0dcba8d46,cex,735616.365
2026-01-22,0xa023f08c70a23abc7edfc5b6b5e171d78dfc947e,cex,4635.94290127
2026-01-22,0xa9d1e08c7793af67e9d92fe308d5697fb81d3e43,cex,96468.21326124
2026-01-22,0xab782bc7d4a2b306825de5a7730034f8f63ee1bc,cex,310807.81771425
2026-01-22,0xcffad3200574698b78f32232aa9d63eabd290703,cex,43.54
2026-01-22,0xd2dd7b597fd2435b6db61ddf48544fd931e6869f,cex,-75571.39178
2026-01-22,0xdc154fcee1babb560e8528c3a7791527f01423df,custody,46207.38055
2026-01-22,0xdf5e3a1ed0c14a53eee240022301ecb9d267671b,cex,775512.38883358
2026-01-23,0x0d0707963952f2fba59dd06f2b425ace40b492fe,cex,312916.81456884
2026-01-23,0x33a64dcdfa041befebc9161a3e0c6180cd94fa89,cex,-913.23057845
2026-01-23,0x52c77b0cb827afbad022e6d6caf2c44452edbc39,lp,135150.35756511
2026-01-23,0x651641299c7ec0aa44ad7ed9b7e12702fed2022f,cex,-494229.29101713
2026-01-23,0x73d8bd54f7cf5fab43fe4ef40a62d390644946db,cex,193618.16265309
2026-01-23,0x93228d328c9c74c2bfe9f97638bbb5ef322f2bd5,cex,11142.63
2026-01-23,0x9642b23ed1e01df1092b92641051881a322f5d4e,cex,-108512.87747406
2026-01-23,0x9b0c45d46d386cedd98873168c36efd0dcba8d46,cex,291746.31
2026-01-23,0xa023f08c70a23abc7edfc5b6b5e171d78dfc947e,cex,278.347626
2026-01-23,0xa9d1e08c7793af67e9d92fe308d5697fb81d3e43,cex,-2413.12491045
2026-01-23,0xab782bc7d4a2b306825de5a7730034f8f63ee1bc,cex,162333.78052
2026-01-23,0xcffad3200574698b78f32232aa9d63eabd290703,cex,-9600.77663656
2026-01-23,0xd2dd7b597fd2435b6db61ddf48544fd931e6869f,cex,49570.17228
2026-01-23,0xdc154fcee1babb560e8528c3a7791527f01423df,custody,78457.6238
2026-01-23,0xdf5e3a1ed0c14a53eee240022301ecb9d267671b,cex,244758.88225147
2026-01-24,0x0d0707963952f2fba59dd06f2b425ace40b492fe,cex,313251.48758862
2026-01-24,0x33a64dcdfa041befebc9161a3e0c6180cd94fa89,cex,-673.01958559
2026-01-24,0x52c77b0cb827afbad022e6d6caf2c44452edbc39,lp,161437.55782108
2026-01-24,0x651641299c7ec0aa44ad7ed9b7e12702fed2022f,cex,373747.60461861
2026-01-24,0x73d8bd54f7cf5fab43fe4ef40a62d390644946db,cex,4268.45934059
2026-01-24,0x91dca37856240e5e1906222ec79278b16420dc92,cex,46255.15669544
2026-01-24,0x93228d328c9c74c2bfe9f97638bbb5ef322f2bd5,cex,6134.81420738
2026-01-24,0x9642b23ed1e01df1092b92641051881a322f5d4e,cex,-16664.21866168
2026-01-24,0x9b0c45d46d386cedd98873168c36efd0dcba8d46,cex,-142094
2026-01-24,0xa023f08c70a23abc7edfc5b6b5e171d78dfc947e,cex,208.42873732
2026-01-24,0xa9d1e08c7793af67e9d92fe308d5697fb81d3e43,cex,-82091.83086795
2026-01-24,0xab782bc7d4a2b306825de5a7730034f8f63ee1bc,cex,-993254.65823789
2026-01-24,0xb0a3a2b60e969afd26561429aa4c1444c57e4411,cex,773517.21712821
2026-01-24,0xcffad3200574698b78f32232aa9d63eabd290703,cex,83.96457484
2026-01-24,0xdf5e3a1ed0c14a53eee240022301ecb9d267671b,cex,93158.87271213
2026-01-25,0x0d0707963952f2fba59dd06f2b425ace40b492fe,cex,-1038013.76678164
2026-01-25,0x33a64dcdfa041befebc9161a3e0c6180cd94fa89,cex,-5118.12940959
2026-01-25,0x377b8ce04761754e8ac153b47805a9cf6b190873,cex,41376.59633818
2026-01-25,0x52c77b0cb827afbad022e6d6caf2c44452edbc39,lp,375267.82255408
2026-01-25,0x651641299c7ec0aa44ad7ed9b7e12702fed2022f,cex,465696.19906109
2026-01-25,0x73d8bd54f7cf5fab43fe4ef40a62d390644946db,cex,203969.9461728
2026-01-25,0x93228d328c9c74c2bfe9f97638bbb5ef322f2bd5,cex,3719.45
2026-01-25,0x9642b23ed1e01df1092b92641051881a322f5d4e,cex,5055.92640293
2026-01-25,0x9b0c45d46d386cedd98873168c36efd0dcba8d46,cex,-62039
2026-01-25,0xa9d1e08c7793af67e9d92fe308d5697fb81d3e43,cex,218491.45321934
2026-01-25,0xab782bc7d4a2b306825de5a7730034f8f63ee1bc,cex,293022.22554652
2026-01-25,0xcffad3200574698b78f32232aa9d63eabd290703,cex,20.77235467
2026-01-25,0xdf5e3a1ed0c14a53eee240022301ecb9d267671b,cex,-185082.32361618
2026-01-26,0x0d0707963952f2fba59dd06f2b425ace40b492fe,cex,236321.60361148
2026-01-26,0x33a64dcdfa041befebc9161a3e0c6180cd94fa89,cex,-1008.01072577
2026-01-26,0x52c77b0cb827afbad022e6d6caf2c44452edbc39,lp,-171200.45500551
2026-01-26,0x651641299c7ec0aa44ad7ed9b7e12702fed2022f,cex,516769.53122498
2026-01-26,0x73d8bd54f7cf5fab43fe4ef40a62d390644946db,cex,283902.57368403
2026-01-26,0x93228d328c9c74c2bfe9f97638bbb5ef322f2bd5,cex,4226.28
2026-01-26,0x9642b23ed1e01df1092b92641051881a322f5d4e,cex,-58779.05805609
2026-01-26,0x9b0c45d46d386cedd98873168c36efd0dcba8d46,cex,64353.057
2026-01-26,0xa9d1e08c7793af67e9d92fe308d5697fb81d3e43,cex,20102.92044365
2026-01-26,0xab782bc7d4a2b306825de5a7730034f8f63ee1bc,cex,-1519.71617064
2026-01-26,0xdf5e3a1ed0c14a53eee240022301ecb9d267671b,cex,-15336.1565403
2026-01-27,0x0529ea5885702715e83923c59746ae8734c553b7,cex,0
2026-01-27,0x0d0707963952f2fba59dd06f2b425ace40b492fe,cex,-432236.062177
2026-01-27,0x33a64dcdfa041befebc9161a3e0c6180cd94fa89,cex,1773.24800478
2026-01-27,0x52c77b0cb827afbad022e6d6caf2c44452edbc39,lp,-8570.76516036
2026-01-27,0x651641299c7ec0aa44ad7ed9b7e12702fed2022f,cex,671314.88003151
2026-01-27,0x73d8bd54f7cf5fab43fe4ef40a62d390644946db,cex,-6265.88938568
2026-01-27,0x93228d328c9c74c2bfe9f97638bbb5ef322f2bd5,cex,4575.28
2026-01-27,0x9642b23ed1e01df1092b92641051881a322f5d4e,cex,-70243.01611098
2026-01-27,0xa9d1e08c7793af67e9d92fe308d5697fb81d3e43,cex,-66184.42553215
2026-01-27,0xab782bc7d4a2b306825de5a7730034f8f63ee1bc,cex,4000
2026-01-27,0xd2dd7b597fd2435b6db61ddf48544fd931e6869f,cex,45892.61927
2026-01-27,0xdc154fcee1babb560e8528c3a7791527f01423df,custody,519519.37669
2026-01-27,0xdf5e3a1ed0c14a53eee240022301ecb9d267671b,cex,-289227.98635581
2026-01-28,0x0d0707963952f2fba59dd06f2b425ace40b492fe,cex,35856.7949837
2026-01-28,0x33a64dcdfa041befebc9161a3e0c6180cd94fa89,cex,-6735.74527394
2026-01-28,0x377b8ce04761754e8ac153b47805a9cf6b190873,cex,3610.16330114
2026-01-28,0x52c77b0cb827afbad022e6d6caf2c44452edbc39,lp,292675.24654405
2026-01-28,0x651641299c7ec0aa44ad7ed9b7e12702fed2022f,cex,-52601.81783289
2026-01-28,0x73d8bd54f7cf5fab43fe4ef40a62d390644946db,cex,12311.80405968
2026-01-28,0x7dafba1d69f6c01ae7567ffd7b046ca03b706f83,cex,-251634.69998
2026-01-28,0x9642b23ed1e01df1092b92641051881a322f5d4e,cex,-61448.89049413
2026-01-28,0x9b0c45d46d386cedd98873168c36efd0dcba8d46,cex,54376.035
2026-01-28,0xa023f08c70a23abc7edfc5b6b5e171d78dfc947e,cex,98.54180792
2026-01-28,0xa9d1e08c7793af67e9d92fe308d5697fb81d3e43,cex,-111202.41492857
2026-01-28,0xab782bc7d4a2b306825de5a7730034f8f63ee1bc,cex,73856.929
2026-01-28,0xcffad3200574698b78f32232aa9d63eabd290703,cex,-48752.96867169
2026-01-28,0xdf5e3a1ed0c14a53eee240022301ecb9d267671b,cex,-727493.98008
2026-01-29,0x0d0707963952f2fba59dd06f2b425ace40b492fe,cex,-11099.9180335
2026-01-29,0x33a64dcdfa041befebc9161a3e0c6180cd94fa89,cex,62194.52608751
2026-01-29,0x52c77b0cb827afbad022e6d6caf2c44452edbc39,lp,335442.17660074
2026-01-29,0x651641299c7ec0aa44ad7ed9b7e12702fed2022f,cex,-116280.48975181
2026-01-29,0x73d8bd54f7cf5fab43fe4ef40a62d390644946db,cex,-115864.46268615
2026-01-29,0x91dca37856240e5e1906222ec79278b16420dc92,cex,38324.7903688
2026-01-29,0x93228d328c9c74c2bfe9f97638bbb5ef322f2bd5,cex,1005.99878283
2026-01-29,0x9642b23ed1e01df1092b92641051881a322f5d4e,cex,-32437.39220171
2026-01-29,0x9b0c45d46d386cedd98873168c36efd0dcba8d46,cex,-74435
2026-01-29,0xa023f08c70a23abc7edfc5b6b5e171d78dfc947e,cex,339.92594858
2026-01-29,0xa9d1e08c7793af67e9d92fe308d5697fb81d3e43,cex,160766.52761525
2026-01-29,0xab782bc7d4a2b306825de5a7730034f8f63ee1bc,cex,107395.604
2026-01-29,0xcffad3200574698b78f32232aa9d63eabd290703,cex,75.10005849
2026-01-29,0xd2dd7b597fd2435b6db61ddf48544fd931e6869f,cex,350354.62699
2026-01-29,0xdc154fcee1babb560e8528c3a7791527f01423df,custody,101173.41894
2026-01-29,0xdf5e3a1ed0c14a53eee240022301ecb9d267671b,cex,-611149.27502226
2026-01-29,0xe8c15aad9d4cd3f59c9dfa18828b91a8b2c49596,cex,40000
2026-01-30,0x0529ea5885702715e83923c59746ae8734c553b7,cex,995906.5317088
2026-01-30,0x0d0707963952f2fba59dd06f2b425ace40b492fe,cex,-464292.44111265
2026-01-30,0x33a64dcdfa041befebc9161a3e0c6180cd94fa89,cex,-3114.47127303
2026-01-30,0x377b8ce04761754e8ac153b47805a9cf6b190873,cex,16537.38280842
2026-01-30,0x52c77b0cb827afbad022e6d6caf2c44452edbc39,lp,-129850.77757723
2026-01-30,0x651641299c7ec0aa44ad7ed9b7e12702fed2022f,cex,576552.95356117
2026-01-30,0x73d8bd54f7cf5fab43fe4ef40a62d390644946db,cex,195172.11924277
2026-01-30,0x91dca37856240e5e1906222ec79278b16420dc92,cex,54645.71185963
2026-01-30,0x93228d328c9c74c2bfe9f97638bbb5ef322f2bd5,cex,19038.76
2026-01-30,0x9642b23ed1e01df1092b92641051881a322f5d4e,cex,18479.80342105
2026-01-30,0x9b0c45d46d386cedd98873168c36efd0dcba8d46,cex,299920.048
2026-01-30,0xa9d1e08c7793af67e9d92fe308d5697fb81d3e43,cex,-235248.63639008
2026-01-30,0xab782bc7d4a2b306825de5a7730034f8f63ee1bc,cex,192596.29975492
2026-01-30,0xd2dd7b597fd2435b6db61ddf48544fd931e6869f,cex,-93793.79026
2026-01-30,0xdf5e3a1ed0c14a53eee240022301ecb9d267671b,cex,-67350.56829669
2026-01-31,0x0d0707963952f2fba59dd06f2b425ace40b492fe,cex,-73539.15358167
2026-01-31,0x33a64dcdfa041befebc9161a3e0c6180cd94fa89,cex,-36217.36173591
2026-01-31,0x377b8ce04761754e8ac153b47805a9cf6b190873,cex,17317.65708202
2026-01-31,0x52c77b0cb827afbad022e6d6caf2c44452edbc39,lp,52973.54404681
2026-01-31,0x548054687ef6c56c6d82e8269e5fd93d8b88fcb2,cex,-150000
2026-01-31,0x651641299c7ec0aa44ad7ed9b7e12702fed2022f,cex,293318.34332162
2026-01-31,0x73d8bd54f7cf5fab43fe4ef40a62d390644946db,cex,50019.51894227
2026-01-31,0x91dca37856240e5e1906222ec79278b16420dc92,cex,-30949.15668843
2026-01-31,0x93228d328c9c74c2bfe9f97638bbb5ef322f2bd5,cex,7539.94
2026-01-31,0x9642b23ed1e01df1092b92641051881a322f5d4e,cex,48588.77875413
2026-01-31,0x9b0c45d46d386cedd98873168c36efd0dcba8d46,cex,-138238
2026-01-31,0xa9d1e08c7793af67e9d92fe308d5697fb81d3e43,cex,415511.89798977
2026-01-31,0xab782bc7d4a2b306825de5a7730034f8f63ee1bc,cex,-52797.95601
2026-01-31,0xcffad3200574698b78f32232aa9d63eabd290703,cex,21827.584196
2026-01-31,0xdf5e3a1ed0c14a53eee240022301ecb9d267671b,cex,942512.05398863
2026-02-01,0x0d0707963952f2fba59dd06f2b425ace40b492fe,cex,3102150.72944673
2026-02-01,0x33a64dcdfa041befebc9161a3e0c6180cd94fa89,cex,-250
2026-02-01,0x52c77b0cb827afbad022e6d6caf2c44452edbc39,lp,-297993.12476466
2026-02-01,0x651641299c7ec0aa44ad7ed9b7e12702fed2022f,cex,120767.16345891
2026-02-01,0x73d8bd54f7cf5fab43fe4ef40a62d390644946db,cex,3769.9491874
2026-02-01,0x91dca37856240e5e1906222ec79278b16420dc92,cex,150
2026-02-01,0x93228d328c9c74c2bfe9f97638bbb5ef322f2bd5,cex,11203.45
2026-02-01,0x9642b23ed1e01df1092b92641051881a322f5d4e,cex,-78179.52454305
2026-02-01,0xa023f08c70a23abc7edfc5b6b5e171d78dfc947e,cex,631.87643304
2026-02-01,0xa9d1e08c7793af67e9d92fe308d5697fb81d3e43,cex,140090.05336681
2026-02-01,0xab782bc7d4a2b306825de5a7730034f8f63ee1bc,cex,-29598.9
2026-02-01,0xc882b111a75c0c657fc507c04fbfcd2cc984f071,cex,-3292723.0819888
2026-02-01,0xcffad3200574698b78f32232aa9d63eabd290703,cex,32973.25
2026-02-01,0xdf5e3a1ed0c14a53eee240022301ecb9d267671b,cex,-179746.26301886
2026-02-02,0x0d0707963952f2fba59dd06f2b425ace40b492fe,cex,499646.23513858
2026-02-02,0x33a64dcdfa041befebc9161a3e0c6180cd94fa89,cex,-15113.55253809
2026-02-02,0x377b8ce04761754e8ac153b47805a9cf6b190873,cex,5735.77367048
2026-02-02,0x52c77b0cb827afbad022e6d6caf2c44452edbc39,lp,-627893.43455651
2026-02-02,0x651641299c7ec0aa44ad7ed9b7e12702fed2022f,cex,255829.98779236
2026-02-02,0x73d8bd54f7cf5fab43fe4ef40a62d390644946db,cex,25806.93580501
2026-02-02,0x91dca37856240e5e1906222ec79278b16420dc92,cex,17856.964
2026-02-02,0x93228d328c9c74c2bfe9f97638bbb5ef322f2bd5,cex,-816.19887803
2026-02-02,0x9642b23ed1e01df1092b92641051881a322f5d4e,cex,-116411.53843833
2026-02-02,0x9b0c45d46d386cedd98873168c36efd0dcba8d46,cex,498308.371
2026-02-02,0xa023f08c70a23abc7edfc5b6b5e171d78dfc947e,cex,77710.97
2026-02-02,0xa9d1e08c7793af67e9d92fe308d5697fb81d3e43,cex,-139806.68055297
2026-02-02,0xab782bc7d4a2b306825de5a7730034f8f63ee1bc,cex,-513365
2026-02-02,0xcffad3200574698b78f32232aa9d63eabd290703,cex,-103736.16
2026-02-02,0xd2dd7b597fd2435b6db61ddf48544fd931e6869f,cex,-208186.34148
2026-02-02,0xdf5e3a1ed0c14a53eee240022301ecb9d267671b,cex,75314.72884554
2026-02-03,0x0d0707963952f2fba59dd06f2b425ace40b492fe,cex,48253.43028458
2026-02-03,0x33a64dcdfa041befebc9161a3e0c6180cd94fa89,cex,-1019.88002305
2026-02-03,0x52c77b0cb827afbad022e6d6caf2c44452edbc39,lp,22456.99290344
2026-02-03,0x651641299c7ec0aa44ad7ed9b7e12702fed2022f,cex,623540.05670711
2026-02-03,0x73d8bd54f7cf5fab43fe4ef40a62d390644946db,cex,-8429.54591404
2026-02-03,0x91dca37856240e5e1906222ec79278b16420dc92,cex,-44481
2026-02-03,0x93228d328c9c74c2bfe9f97638bbb5ef322f2bd5,cex,4138.96
2026-02-03,0x9642b23ed1e01df1092b92641051881a322f5d4e,cex,-67907.44536084
2026-02-03,0xa023f08c70a23abc7edfc5b6b5e171d78dfc947e,cex,34
2026-02-03,0xa9d1e08c7793af67e9d92fe308d5697fb81d3e43,cex,-425025.96921104
2026-02-03,0xab782bc7d4a2b306825de5a7730034f8f63ee1bc,cex,40429.648
2026-02-03,0xcffad3200574698b78f32232aa9d63eabd290703,cex,18534.18044833
2026-02-03,0xdf5e3a1ed0c14a53eee240022301ecb9d267671b,cex,97541.278731
2026-02-04,0x0d0707963952f2fba59dd06f2b425ace40b492fe,cex,168384.825358
2026-02-04,0x33a64dcdfa041befebc9161a3e0c6180cd94fa89,cex,-4732.52768729
2026-02-04,0x52c77b0cb827afbad022e6d6caf2c44452edbc39,lp,-306663.5129511
2026-02-04,0x651641299c7ec0aa44ad7ed9b7e12702fed2022f,cex,-4339.57621864
2026-02-04,0x73d8bd54f7cf5fab43fe4ef40a62d390644946db,cex,3664.57117583
2026-02-04,0x7dafba1d69f6c01ae7567ffd7b046ca03b706f83,cex,241098.35583
2026-02-04,0x93228d328c9c74c2bfe9f97638bbb5ef322f2bd5,cex,13533.24
2026-02-04,0x9642b23ed1e01df1092b92641051881a322f5d4e,cex,-844.6650068
2026-02-04,0x9b0c45d46d386cedd98873168c36efd0dcba8d46,cex,-56596
2026-02-04,0xa9d1e08c7793af67e9d92fe308d5697fb81d3e43,cex,48449.48486572
2026-02-04,0xab782bc7d4a2b306825de5a7730034f8f63ee1bc,cex,-41754.16680443
2026-02-04,0xcffad3200574698b78f32232aa9d63eabd290703,cex,-16448
2026-02-04,0xd2dd7b597fd2435b6db61ddf48544fd931e6869f,cex,97243.74831
2026-02-04,0xdf5e3a1ed0c14a53eee240022301ecb9d267671b,cex,-198539.67174987
2026-02-05,0x0d0707963952f2fba59dd06f2b425ace40b492fe,cex,67761.20246509
2026-02-05,0x33a64dcdfa041befebc9161a3e0c6180cd94fa89,cex,-30281.15216568
2026-02-05,0x377b8ce04761754e8ac153b47805a9cf6b190873,cex,13626.63754165
2026-02-05,0x52c77b0cb827afbad022e6d6caf2c44452edbc39,lp,368078.7489344
2026-02-05,0x651641299c7ec0aa44ad7ed9b7e12702fed2022f,cex,279404.04178812
2026-02-05,0x73d8bd54f7cf5fab43fe4ef40a62d390644946db,cex,-1752.58500491
2026-02-05,0x91dca37856240e5e1906222ec79278b16420dc92,cex,16367.83969222
2026-02-05,0x93228d328c9c74c2bfe9f97638bbb5ef322f2bd5,cex,-4101.71
2026-02-05,0x9642b23ed1e01df1092b92641051881a322f5d4e,cex,-13429.1933733
2026-02-05,0x9b0c45d46d386cedd98873168c36efd0dcba8d46,cex,-330672
2026-02-05,0xa9d1e08c7793af67e9d92fe308d5697fb81d3e43,cex,557883.20713363
2026-02-05,0xab782bc7d4a2b306825de5a7730034f8f63ee1bc,cex,128589.6583692
2026-02-05,0xb0a3a2b60e969afd26561429aa4c1444c57e4411,cex,-200000
2026-02-05,0xcffad3200574698b78f32232aa9d63eabd290703,cex,3298.485028
2026-02-05,0xd2dd7b597fd2435b6db61ddf48544fd931e6869f,cex,-58881.65039
2026-02-05,0xdf5e3a1ed0c14a53eee240022301ecb9d267671b,cex,-1146407.54242032
2026-02-06,0x0529ea5885702715e83923c59746ae8734c553b7,cex,24287.0877
2026-02-06,0x0d0707963952f2fba59dd06f2b425ace40b492fe,cex,-288716.2825354
2026-02-06,0x33a64dcdfa041befebc9161a3e0c6180cd94fa89,cex,-45229.23581297
2026-02-06,0x52c77b0cb827afbad022e6d6caf2c44452edbc39,lp,-620483.97138945
2026-02-06,0x651641299c7ec0aa44ad7ed9b7e12702fed2022f,cex,-1378466.26307081
2026-02-06,0x73d8bd54f7cf5fab43fe4ef40a62d390644946db,cex,140241.32054162
2026-02-06,0x91dca37856240e5e1906222ec79278b16420dc92,cex,25800.59106774
2026-02-06,0x93228d328c9c74c2bfe9f97638bbb5ef322f2bd5,cex,12588.56
2026-02-06,0x9642b23ed1e01df1092b92641051881a322f5d4e,cex,-43081.40072901
2026-02-06,0x9b0c45d46d386cedd98873168c36efd0dcba8d46,cex,928256.841
2026-02-06,0xa023f08c70a23abc7edfc5b6b5e171d78dfc947e,cex,4016.63850639
2026-02-06,0xa9d1e08c7793af67e9d92fe308d5697fb81d3e43,cex,23228.4912608
2026-02-06,0xab782bc7d4a2b306825de5a7730034f8f63ee1bc,cex,-29283.953
2026-02-06,0xcffad3200574698b78f32232aa9d63eabd290703,cex,40232.896667
2026-02-06,0xd2dd7b597fd2435b6db61ddf48544fd931e6869f,cex,90920.12417
2026-02-06,0xdf5e3a1ed0c14a53eee240022301ecb9d267671b,cex,130535.21758182
2026-02-07,0x0529ea5885702715e83923c59746ae8734c553b7,cex,24532.56982
2026-02-07,0x0d0707963952f2fba59dd06f2b425ace40b492fe,cex,-12164.0933098
2026-02-07,0x33a64dcdfa041befebc9161a3e0c6180cd94fa89,cex,-11742.96457171
2026-02-07,0x52c77b0cb827afbad022e6d6caf2c44452edbc39,lp,420869.61472496
2026-02-07,0x651641299c7ec0aa44ad7ed9b7e12702fed2022f,cex,-170716.95172545
2026-02-07,0x73d8bd54f7cf5fab43fe4ef40a62d390644946db,cex,-43129.08239913
2026-02-07,0x93228d328c9c74c2bfe9f97638bbb5ef322f2bd5,cex,1709.78
2026-02-07,0x9642b23ed1e01df1092b92641051881a322f5d4e,cex,16095.61218309
2026-02-07,0x9b0c45d46d386cedd98873168c36efd0dcba8d46,cex,-41127.543
2026-02-07,0xa023f08c70a23abc7edfc5b6b5e171d78dfc947e,cex,9.5818
2026-02-07,0xa9d1e08c7793af67e9d92fe308d5697fb81d3e43,cex,-5734.10022198
2026-02-07,0xab782bc7d4a2b306825de5a7730034f8f63ee1bc,cex,-50938.12235858
2026-02-07,0xcffad3200574698b78f32232aa9d63eabd290703,cex,-10888
2026-02-07,0xdf5e3a1ed0c14a53eee240022301ecb9d267671b,cex,82111.19228501
2026-02-08,0x0d0707963952f2fba59dd06f2b425ace40b492fe,cex,26962.41709776
2026-02-08,0x33a64dcdfa041befebc9161a3e0c6180cd94fa89,cex,-2285.90153423
2026-02-08,0x52c77b0cb827afbad022e6d6caf2c44452edbc39,lp,-20777.07187568
2026-02-08,0x651641299c7ec0aa44ad7ed9b7e12702fed2022f,cex,-523209.52806932
2026-02-08,0x73d8bd54f7cf5fab43fe4ef40a62d390644946db,cex,-23956.9275888
2026-02-08,0x93228d328c9c74c2bfe9f97638bbb5ef322f2bd5,cex,38380.34
2026-02-08,0x9642b23ed1e01df1092b92641051881a322f5d4e,cex,78649.02999998
2026-02-08,0x9b0c45d46d386cedd98873168c36efd0dcba8d46,cex,88329.455
2026-02-08,0xa023f08c70a23abc7edfc5b6b5e171d78dfc947e,cex,5960.61038418
2026-02-08,0xa9d1e08c7793af67e9d92fe308d5697fb81d3e43,cex,-79596.05909235
2026-02-08,0xab782bc7d4a2b306825de5a7730034f8f63ee1bc,cex,54572.3
2026-02-08,0xdf5e3a1ed0c14a53eee240022301ecb9d267671b,cex,-376339.34878427
2026-02-09,0x0529ea5885702715e83923c59746ae8734c553b7,cex,476386.24433303
2026-02-09,0x0d0707963952f2fba59dd06f2b425ace40b492fe,cex,-476951.55422054
2026-02-09,0x33a64dcdfa041befebc9161a3e0c6180cd94fa89,cex,-4494.19552686
2026-02-09,0x52c77b0cb827afbad022e6d6caf2c44452edbc39,lp,-2533.14297035
2026-02-09,0x651641299c7ec0aa44ad7ed9b7e12702fed2022f,cex,-115812.85511492
2026-02-09,0x73d8bd54f7cf5fab43fe4ef40a62d390644946db,cex,97728.14970747
2026-02-09,0x93228d328c9c74c2bfe9f97638bbb5ef322f2bd5,cex,4302.5
2026-02-09,0x9642b23ed1e01df1092b92641051881a322f5d4e,cex,-11365.64633748
2026-02-09,0x9b0c45d46d386cedd98873168c36efd0dcba8d46,cex,-68814.927
2026-02-09,0xa023f08c70a23abc7edfc5b6b5e171d78dfc947e,cex,13.2656156
2026-02-09,0xa9d1e08c7793af67e9d92fe308d5697fb81d3e43,cex,37752.01227308
2026-02-09,0xab782bc7d4a2b306825de5a7730034f8f63ee1bc,cex,234526.31598565
2026-02-09,0xcffad3200574698b78f32232aa9d63eabd290703,cex,366916.39
2026-02-09,0xd2dd7b597fd2435b6db61ddf48544fd931e6869f,cex,-83909.38868
2026-02-09,0xdf5e3a1ed0c14a53eee240022301ecb9d267671b,cex,-29642.95669785
2026-02-10,0x0d0707963952f2fba59dd06f2b425ace40b492fe,cex,-33006.69365996
2026-02-10,0x33a64dcdfa041befebc9161a3e0c6180cd94fa89,cex,-4509.80009254
2026-02-10,0x52c77b0cb827afbad022e6d6caf2c44452edbc39,lp,-250276.16590582
2026-02-10,0x651641299c7ec0aa44ad7ed9b7e12702fed2022f,cex,-177035.62315649
2026-02-10,0x73d8bd54f7cf5fab43fe4ef40a62d390644946db,cex,-4984.03163678
2026-02-10,0x93228d328c9c74c2bfe9f97638bbb5ef322f2bd5,cex,-9388.76
2026-02-10,0x9642b23ed1e01df1092b92641051881a322f5d4e,cex,-15138.99
2026-02-10,0x9b0c45d46d386cedd98873168c36efd0dcba8d46,cex,-39843
2026-02-10,0xa023f08c70a23abc7edfc5b6b5e171d78dfc947e,cex,3714.2924
2026-02-10,0xa9d1e08c7793af67e9d92fe308d5697fb81d3e43,cex,3267.89444787
2026-02-10,0xab782bc7d4a2b306825de5a7730034f8f63ee1bc,cex,73321.889
2026-02-10,0xcc282e2004428939ee5149a9e7872f0b4d5d5ec7,cex,866940.70516
2026-02-10,0xd2dd7b597fd2435b6db61ddf48544fd931e6869f,cex,18352.06038
2026-02-10,0xdf5e3a1ed0c14a53eee240022301ecb9d267671b,cex,-445965.83342161
2026-02-11,0x0d0707963952f2fba59dd06f2b425ace40b492fe,cex,244403.80857035
2026-02-11,0x33a64dcdfa041befebc9161a3e0c6180cd94fa89,cex,-22.0211386
2026-02-11,0x52c77b0cb827afbad022e6d6caf2c44452edbc39,lp,14240.92721884
2026-02-11,0x651641299c7ec0aa44ad7ed9b7e12702fed2022f,cex,-81281.22642934
2026-02-11,0x73d8bd54f7cf5fab43fe4ef40a62d390644946db,cex,-192500.48955726
2026-02-11,0x93228d328c9c74c2bfe9f97638bbb5ef322f2bd5,cex,298401.88
2026-02-11,0x9642b23ed1e01df1092b92641051881a322f5d4e,cex,34752.90567599
2026-02-11,0x9b0c45d46d386cedd98873168c36efd0dcba8d46,cex,-59754
2026-02-11,0xa9d1e08c7793af67e9d92fe308d5697fb81d3e43,cex,-228582.60390328
2026-02-11,0xab782bc7d4a2b306825de5a7730034f8f63ee1bc,cex,-27183.99414791
2026-02-11,0xcffad3200574698b78f32232aa9d63eabd290703,cex,-10065
2026-02-11,0xd2dd7b597fd2435b6db61ddf48544fd931e6869f,cex,25905.6714
2026-02-11,0xdc154fcee1babb560e8528c3a7791527f01423df,custody,17384.06385
2026-02-11,0xdf5e3a1ed0c14a53eee240022301ecb9d267671b,cex,181610.91271804
2026-02-11,0xe8c15aad9d4cd3f59c9dfa18828b91a8b2c49596,cex,-540663.26
2026-02-12,0x0d0707963952f2fba59dd06f2b425ace40b492fe,cex,251200.6372409
2026-02-12,0x33a64dcdfa041befebc9161a3e0c6180cd94fa89,cex,-14931.14663983
2026-02-12,0x52c77b0cb827afbad022e6d6caf2c44452edbc39,lp,-55741.43669676
2026-02-12,0x651641299c7ec0aa44ad7ed9b7e12702fed2022f,cex,211224.44104218
2026-02-12,0x73d8bd54f7cf5fab43fe4ef40a62d390644946db,cex,-197.88764492
2026-02-12,0x91dca37856240e5e1906222ec79278b16420dc92,cex,106.70329175
2026-02-12,0x93228d328c9c74c2bfe9f97638bbb5ef322f2bd5,cex,8039.85
2026-02-12,0x9642b23ed1e01df1092b92641051881a322f5d4e,cex,59102.12608024
2026-02-12,0x9b0c45d46d386cedd98873168c36efd0dcba8d46,cex,-36336.499
2026-02-12,0xa023f08c70a23abc7edfc5b6b5e171d78dfc947e,cex,328.23227126
2026-02-12,0xa9d1e08c7793af67e9d92fe308d5697fb81d3e43,cex,168514.15527768
2026-02-12,0xab782bc7d4a2b306825de5a7730034f8f63ee1bc,cex,51674.59
2026-02-12,0xcc282e2004428939ee5149a9e7872f0b4d5d5ec7,cex,42.43741
2026-02-12,0xd2dd7b597fd2435b6db61ddf48544fd931e6869f,cex,-23052.12159
2026-02-12,0xdf5e3a1ed0c14a53eee240022301ecb9d267671b,cex,-132354.38780664
2026-02-13,0x0d0707963952f2fba59dd06f2b425ace40b492fe,cex,95056.67753114
2026-02-13,0x33a64dcdfa041befebc9161a3e0c6180cd94fa89,cex,-52632.85338652
2026-02-13,0x52c77b0cb827afbad022e6d6caf2c44452edbc39,lp,34159.20767853
2026-02-13,0x651641299c7ec0aa44ad7ed9b7e12702fed2022f,cex,361645.6749227
2026-02-13,0x73d8bd54f7cf5fab43fe4ef40a62d390644946db,cex,-4383.39871119
2026-02-13,0x93228d328c9c74c2bfe9f97638bbb5ef322f2bd5,cex,11604.12
2026-02-13,0x9642b23ed1e01df1092b92641051881a322f5d4e,cex,-98208.01096012
2026-02-13,0x9b0c45d46d386cedd98873168c36efd0dcba8d46,cex,115646.43
2026-02-13,0xa9d1e08c7793af67e9d92fe308d5697fb81d3e43,cex,130714.32490806
2026-02-13,0xcc282e2004428939ee5149a9e7872f0b4d5d5ec7,cex,34.72312
2026-02-13,0xd2dd7b597fd2435b6db61ddf48544fd931e6869f,cex,-16113.51612
2026-02-13,0xdf5e3a1ed0c14a53eee240022301ecb9d267671b,cex,-225600.57838806
2026-02-14,0x0d0707963952f2fba59dd06f2b425ace40b492fe,cex,-147979.17088251
2026-02-14,0x33a64dcdfa041befebc9161a3e0c6180cd94fa89,cex,-4320.7665706
2026-02-14,0x52c77b0cb827afbad022e6d6caf2c44452edbc39,lp,-972250.12254624
2026-02-14,0x651641299c7ec0aa44ad7ed9b7e12702fed2022f,cex,958044.36295557
2026-02-14,0x73d8bd54f7cf5fab43fe4ef40a62d390644946db,cex,-14624.27118356
2026-02-14,0x93228d328c9c74c2bfe9f97638bbb5ef322f2bd5,cex,31194.58046379
2026-02-14,0x9642b23ed1e01df1092b92641051881a322f5d4e,cex,-136616.61156959
2026-02-14,0x9b0c45d46d386cedd98873168c36efd0dcba8d46,cex,158251.567
2026-02-14,0xa023f08c70a23abc7edfc5b6b5e171d78dfc947e,cex,3.74523991
2026-02-14,0xa9d1e08c7793af67e9d92fe308d5697fb81d3e43,cex,-265357.2613514
2026-02-14,0xab782bc7d4a2b306825de5a7730034f8f63ee1bc,cex,-40789.0532736
2026-02-14,0xcffad3200574698b78f32232aa9d63eabd290703,cex,-50493.98968292
2026-02-14,0xdf5e3a1ed0c14a53eee240022301ecb9d267671b,cex,-430757.72590106
2026-02-15,0x0d0707963952f2fba59dd06f2b425ace40b492fe,cex,6174.31190001
2026-02-15,0x33a64dcdfa041befebc9161a3e0c6180cd94fa89,cex,500
2026-02-15,0x377b8ce04761754e8ac153b47805a9cf6b190873,cex,15348.11439011
2026-02-15,0x52c77b0cb827afbad022e6d6caf2c44452edbc39,lp,221538.69053458
2026-02-15,0x548054687ef6c56c6d82e8269e5fd93d8b88fcb2,cex,125430.43462966
2026-02-15,0x651641299c7ec0aa44ad7ed9b7e12702fed2022f,cex,552154.24631606
2026-02-15,0x73d8bd54f7cf5fab43fe4ef40a62d390644946db,cex,-30096.80627945
2026-02-15,0x93228d328c9c74c2bfe9f97638bbb5ef322f2bd5,cex,-22585.99
2026-02-15,0x9642b23ed1e01df1092b92641051881a322f5d4e,cex,8983.19
2026-02-15,0xa9d1e08c7793af67e9d92fe308d5697fb81d3e43,cex,-34772.44554903
2026-02-15,0xab782bc7d4a2b306825de5a7730034f8f63ee1bc,cex,36521.72044125
2026-02-15,0xdf5e3a1ed0c14a53eee240022301ecb9d267671b,cex,-12203.89936
2026-02-16,0x0d0707963952f2fba59dd06f2b425ace40b492fe,cex,-37318.83530569
2026-02-16,0x52c77b0cb827afbad022e6d6caf2c44452edbc39,lp,4626.6128693
2026-02-16,0x651641299c7ec0aa44ad7ed9b7e12702fed2022f,cex,227070.84656915
2026-02-16,0x73d8bd54f7cf5fab43fe4ef40a62d390644946db,cex,3906.30904558
2026-02-16,0x93228d328c9c74c2bfe9f97638bbb5ef322f2bd5,cex,11432.72
2026-02-16,0x9642b23ed1e01df1092b92641051881a322f5d4e,cex,40674.226
2026-02-16,0x9b0c45d46d386cedd98873168c36efd0dcba8d46,cex,-50907
2026-02-16,0xa9d1e08c7793af67e9d92fe308d5697fb81d3e43,cex,-240525.39354378
2026-02-16,0xab782bc7d4a2b306825de5a7730034f8f63ee1bc,cex,-324837
2026-02-16,0xcffad3200574698b78f32232aa9d63eabd290703,cex,1000
2026-02-16,0xd2dd7b597fd2435b6db61ddf48544fd931e6869f,cex,-93603.55694
2026-02-16,0xdf5e3a1ed0c14a53eee240022301ecb9d267671b,cex,170691.47849432
2026-02-17,0x0d0707963952f2fba59dd06f2b425ace40b492fe,cex,-633497.44990639
2026-02-17,0x33a64dcdfa041befebc9161a3e0c6180cd94fa89,cex,-500
2026-02-17,0x52c77b0cb827afbad022e6d6caf2c44452edbc39,lp,-366323.84736148
2026-02-17,0x548054687ef6c56c6d82e8269e5fd93d8b88fcb2,cex,-110000
2026-02-17,0x651641299c7ec0aa44ad7ed9b7e12702fed2022f,cex,-136744.14284237
2026-02-17,0x73d8bd54f7cf5fab43fe4ef40a62d390644946db,cex,-3852.4965551
2026-02-17,0x93228d328c9c74c2bfe9f97638bbb5ef322f2bd5,cex,-3058.87
2026-02-17,0x9642b23ed1e01df1092b92641051881a322f5d4e,cex,-85688.421
2026-02-17,0x9b0c45d46d386cedd98873168c36efd0dcba8d46,cex,-42785.4
2026-02-17,0xa9d1e08c7793af67e9d92fe308d5697fb81d3e43,cex,302719.39365965
2026-02-17,0xab782bc7d4a2b306825de5a7730034f8f63ee1bc,cex,52063.98092
2026-02-17,0xd2dd7b597fd2435b6db61ddf48544fd931e6869f,cex,-54032.35921
2026-02-17,0xdf5e3a1ed0c14a53eee240022301ecb9d267671b,cex,1983769.83888172
2026-02-18,0x0529ea5885702715e83923c59746ae8734c553b7,cex,541978.539
2026-02-18,0x0d0707963952f2fba59dd06f2b425ace40b492fe,cex,390784.39526768
2026-02-18,0x33a64dcdfa041befebc9161a3e0c6180cd94fa89,cex,-5590.15680245
2026-02-18,0x52c77b0cb827afbad022e6d6caf2c44452edbc39,lp,150283.5655158
2026-02-18,0x548054687ef6c56c6d82e8269e5fd93d8b88fcb2,cex,109511.81222355
2026-02-18,0x651641299c7ec0aa44ad7ed9b7e12702fed2022f,cex,969607.97395645
2026-02-18,0x73d8bd54f7cf5fab43fe4ef40a62d390644946db,cex,-77963.57239535
2026-02-18,0x7dafba1d69f6c01ae7567ffd7b046ca03b706f83,cex,1699686.85882
2026-02-18,0x91dca37856240e5e1906222ec79278b16420dc92,cex,-57514
2026-02-18,0x93228d328c9c74c2bfe9f97638bbb5ef322f2bd5,cex,17662.71
2026-02-18,0x9642b23ed1e01df1092b92641051881a322f5d4e,cex,-43812.49204076
2026-02-18,0x9b0c45d46d386cedd98873168c36efd0dcba8d46,cex,-200614
2026-02-18,0xa9d1e08c7793af67e9d92fe308d5697fb81d3e43,cex,-396660.10125616
2026-02-18,0xab782bc7d4a2b306825de5a7730034f8f63ee1bc,cex,39569.235
2026-02-18,0xcc282e2004428939ee5149a9e7872f0b4d5d5ec7,cex,81.31224
2026-02-18,0xd2dd7b597fd2435b6db61ddf48544fd931e6869f,cex,-155176.00443
2026-02-18,0xdc154fcee1babb560e8528c3a7791527f01423df,custody,100664.83597
2026-02-18,0xdf5e3a1ed0c14a53eee240022301ecb9d267671b,cex,-844808.17640866
2026-02-19,0x0d0707963952f2fba59dd06f2b425ace40b492fe,cex,120339.73051362
2026-02-19,0x52c77b0cb827afbad022e6d6caf2c44452edbc39,lp,80246.5576364
2026-02-19,0x651641299c7ec0aa44ad7ed9b7e12702fed2022f,cex,-41346.68526522
2026-02-19,0x73d8bd54f7cf5fab43fe4ef40a62d390644946db,cex,9321.09718416
2026-02-19,0x91dca37856240e5e1906222ec79278b16420dc92,cex,41134.71665394
2026-02-19,0x93228d328c9c74c2bfe9f97638bbb5ef322f2bd5,cex,-13015.22844
2026-02-19,0x9642b23ed1e01df1092b92641051881a322f5d4e,cex,-91862.57
2026-02-19,0x9b0c45d46d386cedd98873168c36efd0dcba8d46,cex,-191114
2026-02-19,0xa023f08c70a23abc7edfc5b6b5e171d78dfc947e,cex,4926.51788535
2026-02-19,0xa9d1e08c7793af67e9d92fe308d5697fb81d3e43,cex,-100194.49655734
2026-02-19,0xab782bc7d4a2b306825de5a7730034f8f63ee1bc,cex,-92239.968
2026-02-19,0xcffad3200574698b78f32232aa9d63eabd290703,cex,2000
2026-02-19,0xdf5e3a1ed0c14a53eee240022301ecb9d267671b,cex,351035.68112239
2026-02-20,0x0d0707963952f2fba59dd06f2b425ace40b492fe,cex,-18921.47660023
2026-02-20,0x33a64dcdfa041befebc9161a3e0c6180cd94fa89,cex,4613.18353733
2026-02-20,0x52c77b0cb827afbad022e6d6caf2c44452edbc39,lp,65367.57524053
2026-02-20,0x548054687ef6c56c6d82e8269e5fd93d8b88fcb2,cex,-120000
2026-02-20,0x651641299c7ec0aa44ad7ed9b7e12702fed2022f,cex,93089.2238214
2026-02-20,0x73d8bd54f7cf5fab43fe4ef40a62d390644946db,cex,-5201.0571587
2026-02-20,0x93228d328c9c74c2bfe9f97638bbb5ef322f2bd5,cex,21952.26
2026-02-20,0x9642b23ed1e01df1092b92641051881a322f5d4e,cex,124638.51
2026-02-20,0x9b0c45d46d386cedd98873168c36efd0dcba8d46,cex,459873.364
2026-02-20,0xa9d1e08c7793af67e9d92fe308d5697fb81d3e43,cex,-61582.19027277
2026-02-20,0xab782bc7d4a2b306825de5a7730034f8f63ee1bc,cex,42909.343
2026-02-20,0xcc282e2004428939ee5149a9e7872f0b4d5d5ec7,cex,27.88048
2026-02-20,0xd2dd7b597fd2435b6db61ddf48544fd931e6869f,cex,68600.47551
2026-02-20,0xdf5e3a1ed0c14a53eee240022301ecb9d267671b,cex,622571.66418739
2026-02-21,0x0d0707963952f2fba59dd06f2b425ace40b492fe,cex,-32217.9680557
2026-02-21,0x33a64dcdfa041befebc9161a3e0c6180cd94fa89,cex,-50000
2026-02-21,0x52c77b0cb827afbad022e6d6caf2c44452edbc39,lp,154107.84043638
2026-02-21,0x651641299c7ec0aa44ad7ed9b7e12702fed2022f,cex,-103367.31008398
2026-02-21,0x73d8bd54f7cf5fab43fe4ef40a62d390644946db,cex,1545.51758179
2026-02-21,0x91dca37856240e5e1906222ec79278b16420dc92,cex,40389.62549135
2026-02-21,0x93228d328c9c74c2bfe9f97638bbb5ef322f2bd5,cex,9603.89
2026-02-21,0x9642b23ed1e01df1092b92641051881a322f5d4e,cex,-26435.72
2026-02-21,0xa9d1e08c7793af67e9d92fe308d5697fb81d3e43,cex,544805.07528851
2026-02-21,0xab782bc7d4a2b306825de5a7730034f8f63ee1bc,cex,35526.792
2026-02-21,0xdf5e3a1ed0c14a53eee240022301ecb9d267671b,cex,56519.06799083
2026-02-21,0xe8c15aad9d4cd3f59c9dfa18828b91a8b2c49596,cex,100000
2026-02-22,0x0529ea5885702715e83923c59746ae8734c553b7,cex,300166.92244
2026-02-22,0x0d0707963952f2fba59dd06f2b425ace40b492fe,cex,-7690.99173261
2026-02-22,0x33a64dcdfa041befebc9161a3e0c6180cd94fa89,cex,4188.92795943
2026-02-22,0x52c77b0cb827afbad022e6d6caf2c44452edbc39,lp,235511.87840179
2026-02-22,0x651641299c7ec0aa44ad7ed9b7e12702fed2022f,cex,-227309.43890439
2026-02-22,0x73d8bd54f7cf5fab43fe4ef40a62d390644946db,cex,-797.83726099
2026-02-22,0x93228d328c9c74c2bfe9f97638bbb5ef322f2bd5,cex,-18081.39
2026-02-22,0x9642b23ed1e01df1092b92641051881a322f5d4e,cex,32386.57557293
2026-02-22,0x9b0c45d46d386cedd98873168c36efd0dcba8d46,cex,-229696
2026-02-22,0xa9d1e08c7793af67e9d92fe308d5697fb81d3e43,cex,-35939.91799645
2026-02-22,0xab782bc7d4a2b306825de5a7730034f8f63ee1bc,cex,38361.105
2026-02-22,0xdf5e3a1ed0c14a53eee240022301ecb9d267671b,cex,195753.482098
2026-02-23,0x0d0707963952f2fba59dd06f2b425ace40b492fe,cex,-25076.03192606
2026-02-23,0x33a64dcdfa041befebc9161a3e0c6180cd94fa89,cex,-8060.43950619
2026-02-23,0x52c77b0cb827afbad022e6d6caf2c44452edbc39,lp,428789.47123171
2026-02-23,0x651641299c7ec0aa44ad7ed9b7e12702fed2022f,cex,1576751.77226775
2026-02-23,0x73d8bd54f7cf5fab43fe4ef40a62d390644946db,cex,48922.03356829
2026-02-23,0x91dca37856240e5e1906222ec79278b16420dc92,cex,139.57798423
2026-02-23,0x93228d328c9c74c2bfe9f97638bbb5ef322f2bd5,cex,27539.148925
2026-02-23,0x9642b23ed1e01df1092b92641051881a322f5d4e,cex,124962.80585392
2026-02-23,0x9b0c45d46d386cedd98873168c36efd0dcba8d46,cex,-124916
2026-02-23,0xa023f08c70a23abc7edfc5b6b5e171d78dfc947e,cex,10107.64917298
2026-02-23,0xa9d1e08c7793af67e9d92fe308d5697fb81d3e43,cex,204774.558942
2026-02-23,0xab782bc7d4a2b306825de5a7730034f8f63ee1bc,cex,365824.26698555
2026-02-23,0xd2dd7b597fd2435b6db61ddf48544fd931e6869f,cex,405241.12087
2026-02-23,0xdf5e3a1ed0c14a53eee240022301ecb9d267671b,cex,-3185171.49181993
2026-02-24,0x0d0707963952f2fba59dd06f2b425ace40b492fe,cex,-5160.91090494
2026-02-24,0x33a64dcdfa041befebc9161a3e0c6180cd94fa89,cex,-2948.4950495
2026-02-24,0x52c77b0cb827afbad022e6d6caf2c44452edbc39,lp,-396449.78604371
2026-02-24,0x651641299c7ec0aa44ad7ed9b7e12702fed2022f,cex,882604.48275827
2026-02-24,0x73d8bd54f7cf5fab43fe4ef40a62d390644946db,cex,18622.38269956
2026-02-24,0x91dca37856240e5e1906222ec79278b16420dc92,cex,62195.81962509
2026-02-24,0x93228d328c9c74c2bfe9f97638bbb5ef322f2bd5,cex,261242.93
2026-02-24,0x9642b23ed1e01df1092b92641051881a322f5d4e,cex,201236.59406468
2026-02-24,0x9b0c45d46d386cedd98873168c36efd0dcba8d46,cex,61285.521
2026-02-24,0xa023f08c70a23abc7edfc5b6b5e171d78dfc947e,cex,3424.0858
2026-02-24,0xa9d1e08c7793af67e9d92fe308d5697fb81d3e43,cex,4105.30978753
2026-02-24,0xab782bc7d4a2b306825de5a7730034f8f63ee1bc,cex,115820.80257328
2026-02-24,0xcc282e2004428939ee5149a9e7872f0b4d5d5ec7,cex,9.01378
2026-02-24,0xd2dd7b597fd2435b6db61ddf48544fd931e6869f,cex,234230.19006
2026-02-24,0xdf5e3a1ed0c14a53eee240022301ecb9d267671b,cex,-442199.15516729
2026-02-24,0xe8c15aad9d4cd3f59c9dfa18828b91a8b2c49596,cex,100000
2026-02-25,0x0d0707963952f2fba59dd06f2b425ace40b492fe,cex,138012.12379371
2026-02-25,0x33a64dcdfa041befebc9161a3e0c6180cd94fa89,cex,-1008.93459872
2026-02-25,0x52c77b0cb827afbad022e6d6caf2c44452edbc39,lp,41079.86273617
2026-02-25,0x651641299c7ec0aa44ad7ed9b7e12702fed2022f,cex,-86424.30220978
2026-02-25,0x73d8bd54f7cf5fab43fe4ef40a62d390644946db,cex,-28754.77691172
2026-02-25,0x7dafba1d69f6c01ae7567ffd7b046ca03b706f83,cex,-2320186.35585
2026-02-25,0x91dca37856240e5e1906222ec79278b16420dc92,cex,1002.40131918
2026-02-25,0x93228d328c9c74c2bfe9f97638bbb5ef322f2bd5,cex,22373.83
2026-02-25,0x9642b23ed1e01df1092b92641051881a322f5d4e,cex,-231435.5956
2026-02-25,0x9b0c45d46d386cedd98873168c36efd0dcba8d46,cex,192766.338
2026-02-25,0xa9d1e08c7793af67e9d92fe308d5697fb81d3e43,cex,-88500.89307891
2026-02-25,0xab782bc7d4a2b306825de5a7730034f8f63ee1bc,cex,10992.697
2026-02-25,0xcc282e2004428939ee5149a9e7872f0b4d5d5ec7,cex,14.27496
2026-02-25,0xcffad3200574698b78f32232aa9d63eabd290703,cex,-11697
2026-02-25,0xd2dd7b597fd2435b6db61ddf48544fd931e6869f,cex,-88661.82304
2026-02-25,0xdf5e3a1ed0c14a53eee240022301ecb9d267671b,cex,2142236.35053862
2026-02-26,0x0d0707963952f2fba59dd06f2b425ace40b492fe,cex,-190633.59917721
2026-02-26,0x52c77b0cb827afbad022e6d6caf2c44452edbc39,lp,-71092.08098981
2026-02-26,0x651641299c7ec0aa44ad7ed9b7e12702fed2022f,cex,-379678.46158187
2026-02-26,0x73d8bd54f7cf5fab43fe4ef40a62d390644946db,cex,20889.98285841
2026-02-26,0x91dca37856240e5e1906222ec79278b16420dc92,cex,-107144
2026-02-26,0x93228d328c9c74c2bfe9f97638bbb5ef322f2bd5,cex,49783.18
2026-02-26,0x9642b23ed1e01df1092b92641051881a322f5d4e,cex,-101246.3255869
2026-02-26,0x9b0c45d46d386cedd98873168c36efd0dcba8d46,cex,-56291
2026-02-26,0xa9d1e08c7793af67e9d92fe308d5697fb81d3e43,cex,27580.68959942
2026-02-26,0xab782bc7d4a2b306825de5a7730034f8f63ee1bc,cex,-17303.59072108
2026-02-26,0xcffad3200574698b78f32232aa9d63eabd290703,cex,-15779
2026-02-26,0xd2dd7b597fd2435b6db61ddf48544fd931e6869f,cex,-63925.94003
2026-02-26,0xdc154fcee1babb560e8528c3a7791527f01423df,custody,252639.82416
2026-02-26,0xdf5e3a1ed0c14a53eee240022301ecb9d267671b,cex,272146.3588395
2026-02-27,0x0d0707963952f2fba59dd06f2b425ace40b492fe,cex,97011.25711248
2026-02-27,0x33a64dcdfa041befebc9161a3e0c6180cd94fa89,cex,-582.08531894
2026-02-27,0x52c77b0cb827afbad022e6d6caf2c44452edbc39,lp,94401.99462741
2026-02-27,0x651641299c7ec0aa44ad7ed9b7e12702fed2022f,cex,-9924.91381451
2026-02-27,0x73d8bd54f7cf5fab43fe4ef40a62d390644946db,cex,5237.37898253
2026-02-27,0x93228d328c9c74c2bfe9f97638bbb5ef322f2bd5,cex,54690.13516977
2026-02-27,0x9642b23ed1e01df1092b92641051881a322f5d4e,cex,4638.929
2026-02-27,0x9b0c45d46d386cedd98873168c36efd0dcba8d46,cex,-93101
2026-02-27,0xa9d1e08c7793af67e9d92fe308d5697fb81d3e43,cex,-123784.66557919
2026-02-27,0xcffad3200574698b78f32232aa9d63eabd290703,cex,24.53783845
2026-02-27,0xd2dd7b597fd2435b6db61ddf48544fd931e6869f,cex,15338.63918
2026-02-27,0xdf5e3a1ed0c14a53eee240022301ecb9d267671b,cex,175658.53453629
2026-02-28,0x0d0707963952f2fba59dd06f2b425ace40b492fe,cex,74668.67041288
2026-02-28,0x52c77b0cb827afbad022e6d6caf2c44452edbc39,lp,-271147.19023645
2026-02-28,0x651641299c7ec0aa44ad7ed9b7e12702fed2022f,cex,-2631023.83220089
2026-02-28,0x73d8bd54f7cf5fab43fe4ef40a62d390644946db,cex,-7023.18677431
2026-02-28,0x93228d328c9c74c2bfe9f97638bbb5ef322f2bd5,cex,-118175.87939517
2026-02-28,0x9642b23ed1e01df1092b92641051881a322f5d4e,cex,-175367.01021376
2026-02-28,0x9b0c45d46d386cedd98873168c36efd0dcba8d46,cex,-40323.353
2026-02-28,0xa9d1e08c7793af67e9d92fe308d5697fb81d3e43,cex,-284886.014241
2026-02-28,0xab782bc7d4a2b306825de5a7730034f8f63ee1bc,cex,29529.21924597
2026-02-28,0xcffad3200574698b78f32232aa9d63eabd290703,cex,-10910.56501618
2026-02-28,0xdf5e3a1ed0c14a53eee240022301ecb9d267671b,cex,487649.19891811
2026-03-01,0x0529ea5885702715e83923c59746ae8734c553b7,cex,106575.81424273
2026-03-01,0x0d0707963952f2fba59dd06f2b425ace40b492fe,cex,-329954.97638167
2026-03-01,0x33a64dcdfa041befebc9161a3e0c6180cd94fa89,cex,-9219.11155233
2026-03-01,0x52c77b0cb827afbad022e6d6caf2c44452edbc39,lp,-140431.29192538
2026-03-01,0x548054687ef6c56c6d82e8269e5fd93d8b88fcb2,cex,92706.26393149
2026-03-01,0x651641299c7ec0aa44ad7ed9b7e12702fed2022f,cex,-617703.03493626
2026-03-01,0x73d8bd54f7cf5fab43fe4ef40a62d390644946db,cex,-42564.09201308
2026-03-01,0x93228d328c9c74c2bfe9f97638bbb5ef322f2bd5,cex,-37042.97
2026-03-01,0x9642b23ed1e01df1092b92641051881a322f5d4e,cex,-121495.64919187
2026-03-01,0x9b0c45d46d386cedd98873168c36efd0dcba8d46,cex,141426.799
2026-03-01,0xa9d1e08c7793af67e9d92fe308d5697fb81d3e43,cex,306090.01027193
2026-03-01,0xab782bc7d4a2b306825de5a7730034f8f63ee1bc,cex,-42560.1329145
2026-03-01,0xdf5e3a1ed0c14a53eee240022301ecb9d267671b,cex,-258958.59816418
2026-03-02,0x0d0707963952f2fba59dd06f2b425ace40b492fe,cex,170338.85962715
2026-03-02,0x33a64dcdfa041befebc9161a3e0c6180cd94fa89,cex,-1997.20031987
2026-03-02,0x52c77b0cb827afbad022e6d6caf2c44452edbc39,lp,50421.46596501
2026-03-02,0x651641299c7ec0aa44ad7ed9b7e12702fed2022f,cex,62907.9021023
2026-03-02,0x73d8bd54f7cf5fab43fe4ef40a62d390644946db,cex,10933.27417223
2026-03-02,0x93228d328c9c74c2bfe9f97638bbb5ef322f2bd5,cex,-47831.99
2026-03-02,0x9642b23ed1e01df1092b92641051881a322f5d4e,cex,-24495.36743511
2026-03-02,0x9b0c45d46d386cedd98873168c36efd0dcba8d46,cex,86708.673
2026-03-02,0xa023f08c70a23abc7edfc5b6b5e171d78dfc947e,cex,-63823.31
2026-03-02,0xa9d1e08c7793af67e9d92fe308d5697fb81d3e43,cex,13474.58220039
2026-03-02,0xab782bc7d4a2b306825de5a7730034f8f63ee1bc,cex,-204021.387
2026-03-02,0xcffad3200574698b78f32232aa9d63eabd290703,cex,26800.04
2026-03-02,0xd2dd7b597fd2435b6db61ddf48544fd931e6869f,cex,-82678.01114
2026-03-02,0xdf5e3a1ed0c14a53eee240022301ecb9d267671b,cex,741815.34533831
2026-03-02,0xe8c15aad9d4cd3f59c9dfa18828b91a8b2c49596,cex,100000
2026-03-03,0x0d0707963952f2fba59dd06f2b425ace40b492fe,cex,-123422.01170167
2026-03-03,0x52c77b0cb827afbad022e6d6caf2c44452edbc39,lp,-79859.23833934
2026-03-03,0x651641299c7ec0aa44ad7ed9b7e12702fed2022f,cex,472392.45211046
2026-03-03,0x73d8bd54f7cf5fab43fe4ef40a62d390644946db,cex,144362.39620083
2026-03-03,0x9642b23ed1e01df1092b92641051881a322f5d4e,cex,48966.353
2026-03-03,0x9b0c45d46d386cedd98873168c36efd0dcba8d46,cex,-89579
2026-03-03,0xa9d1e08c7793af67e9d92fe308d5697fb81d3e43,cex,-277402.51410114
2026-03-03,0xab782bc7d4a2b306825de5a7730034f8f63ee1bc,cex,115227.60546936
2026-03-03,0xcffad3200574698b78f32232aa9d63eabd290703,cex,-9838
2026-03-03,0xdc154fcee1babb560e8528c3a7791527f01423df,custody,186793.21297
2026-03-03,0xdf5e3a1ed0c14a53eee240022301ecb9d267671b,cex,-391933.44365885
2026-03-04,0x0d0707963952f2fba59dd06f2b425ace40b492fe,cex,-56535.1895242
2026-03-04,0x33a64dcdfa041befebc9161a3e0c6180cd94fa89,cex,-8391.10592632
2026-03-04,0x52c77b0cb827afbad022e6d6caf2c44452edbc39,lp,-116787.91973762
2026-03-04,0x548054687ef6c56c6d82e8269e5fd93d8b88fcb2,cex,-29535.05696627
2026-03-04,0x651641299c7ec0aa44ad7ed9b7e12702fed2022f,cex,605045.45381766
2026-03-04,0x73d8bd54f7cf5fab43fe4ef40a62d390644946db,cex,-12344.73680639
2026-03-04,0x7dafba1d69f6c01ae7567ffd7b046ca03b706f83,cex,1251325.88196
2026-03-04,0x91dca37856240e5e1906222ec79278b16420dc92,cex,-56975.60149314
2026-03-04,0x93228d328c9c74c2bfe9f97638bbb5ef322f2bd5,cex,11738.05
2026-03-04,0x9642b23ed1e01df1092b92641051881a322f5d4e,cex,-49467.36
2026-03-04,0x9b0c45d46d386cedd98873168c36efd0dcba8d46,cex,113869.074
2026-03-04,0xa9d1e08c7793af67e9d92fe308d5697fb81d3e43,cex,246231.79962253
2026-03-04,0xab782bc7d4a2b306825de5a7730034f8f63ee1bc,cex,-145357.12638962
2026-03-04,0xd2dd7b597fd2435b6db61ddf48544fd931e6869f,cex,-33790.01987
2026-03-04,0xdf5e3a1ed0c14a53eee240022301ecb9d267671b,cex,-1171729.03734069
2026-03-05,0x0d0707963952f2fba59dd06f2b425ace40b492fe,cex,-67783.72725406
2026-03-05,0x377b8ce04761754e8ac153b47805a9cf6b190873,cex,3230.02697231
2026-03-05,0x52c77b0cb827afbad022e6d6caf2c44452edbc39,lp,65785.39987213
2026-03-05,0x651641299c7ec0aa44ad7ed9b7e12702fed2022f,cex,-541577.55332588
2026-03-05,0x73d8bd54f7cf5fab43fe4ef40a62d390644946db,cex,-29651.60009711
2026-03-05,0x93228d328c9c74c2bfe9f97638bbb5ef322f2bd5,cex,-26568.2569
2026-03-05,0x9642b23ed1e01df1092b92641051881a322f5d4e,cex,-20224.95
2026-03-05,0x9b0c45d46d386cedd98873168c36efd0dcba8d46,cex,390108.873
2026-03-05,0xa9d1e08c7793af67e9d92fe308d5697fb81d3e43,cex,36108.11843766
2026-03-05,0xab782bc7d4a2b306825de5a7730034f8f63ee1bc,cex,36686.12301891
2026-03-05,0xcffad3200574698b78f32232aa9d63eabd290703,cex,-13689
2026-03-05,0xd2dd7b597fd2435b6db61ddf48544fd931e6869f,cex,363484.0396
2026-03-05,0xdc154fcee1babb560e8528c3a7791527f01423df,custody,199725.49224
2026-03-05,0xdf5e3a1ed0c14a53eee240022301ecb9d267671b,cex,-37908.70981288
2026-03-06,0x0d0707963952f2fba59dd06f2b425ace40b492fe,cex,-91265.018
2026-03-06,0x33a64dcdfa041befebc9161a3e0c6180cd94fa89,cex,-1557.18742714
2026-03-06,0x377b8ce04761754e8ac153b47805a9cf6b190873,cex,4100.43996631
2026-03-06,0x52c77b0cb827afbad022e6d6caf2c44452edbc39,lp,132876.93534705
2026-03-06,0x651641299c7ec0aa44ad7ed9b7e12702fed2022f,cex,308516.27296441
2026-03-06,0x73d8bd54f7cf5fab43fe4ef40a62d390644946db,cex,532.95032097
2026-03-06,0x91dca37856240e5e1906222ec79278b16420dc92,cex,427.7
2026-03-06,0x93228d328c9c74c2bfe9f97638bbb5ef322f2bd5,cex,98169.73
2026-03-06,0x9642b23ed1e01df1092b92641051881a322f5d4e,cex,2696.574837
2026-03-06,0x9b0c45d46d386cedd98873168c36efd0dcba8d46,cex,-83986
2026-03-06,0xa9d1e08c7793af67e9d92fe308d5697fb81d3e43,cex,-211143.2711769
2026-03-06,0xab782bc7d4a2b306825de5a7730034f8f63ee1bc,cex,-427.7
2026-03-06,0xcc282e2004428939ee5149a9e7872f0b4d5d5ec7,cex,5256.4596
2026-03-06,0xd2dd7b597fd2435b6db61ddf48544fd931e6869f,cex,-434025.19632
2026-03-06,0xdf5e3a1ed0c14a53eee240022301ecb9d267671b,cex,698898.42589032
2026-03-07,0x0d0707963952f2fba59dd06f2b425ace40b492fe,cex,179954.1482034
2026-03-07,0x33a64dcdfa041befebc9161a3e0c6180cd94fa89,cex,-4743
2026-03-07,0x52c77b0cb827afbad022e6d6caf2c44452edbc39,lp,254008.21849115
2026-03-07,0x651641299c7ec0aa44ad7ed9b7e12702fed2022f,cex,-45161.34528396
2026-03-07,0x73d8bd54f7cf5fab43fe4ef40a62d390644946db,cex,-1602.83251599
2026-03-07,0x9642b23ed1e01df1092b92641051881a322f5d4e,cex,-23589.42633748
2026-03-07,0x9b0c45d46d386cedd98873168c36efd0dcba8d46,cex,-40266
2026-03-07,0xa023f08c70a23abc7edfc5b6b5e171d78dfc947e,cex,1257.40354739
2026-03-07,0xa9d1e08c7793af67e9d92fe308d5697fb81d3e43,cex,-46275.26431439
2026-03-07,0xab782bc7d4a2b306825de5a7730034f8f63ee1bc,cex,6783.42042482
2026-03-07,0xdf5e3a1ed0c14a53eee240022301ecb9d267671b,cex,15371.21477752
2026-03-08,0x0d0707963952f2fba59dd06f2b425ace40b492fe,cex,-109448.94064457
2026-03-08,0x33a64dcdfa041befebc9161a3e0c6180cd94fa89,cex,-7382.06365971
2026-03-08,0x377b8ce04761754e8ac153b47805a9cf6b190873,cex,19545.69642385
2026-03-08,0x52c77b0cb827afbad022e6d6caf2c44452edbc39,lp,166601.74715589
2026-03-08,0x548054687ef6c56c6d82e8269e5fd93d8b88fcb2,cex,-120000
2026-03-08,0x651641299c7ec0aa44ad7ed9b7e12702fed2022f,cex,238239.28179456
2026-03-08,0x73d8bd54f7cf5fab43fe4ef40a62d390644946db,cex,15.72848405
2026-03-08,0x93228d328c9c74c2bfe9f97638bbb5ef322f2bd5,cex,1687.53105211
2026-03-08,0x9642b23ed1e01df1092b92641051881a322f5d4e,cex,8611.848
2026-03-08,0x9b0c45d46d386cedd98873168c36efd0dcba8d46,cex,-53860
2026-03-08,0xa9d1e08c7793af67e9d92fe308d5697fb81d3e43,cex,44994.47308171
2026-03-08,0xab782bc7d4a2b306825de5a7730034f8f63ee1bc,cex,89033.41208189
2026-03-08,0xcffad3200574698b78f32232aa9d63eabd290703,cex,-5600
2026-03-08,0xdf5e3a1ed0c14a53eee240022301ecb9d267671b,cex,166587.17650589
2026-03-09,0x0529ea5885702715e83923c59746ae8734c553b7,cex,191244.78973167
2026-03-09,0x0d0707963952f2fba59dd06f2b425ace40b492fe,cex,15414.43376133
2026-03-09,0x33a64dcdfa041befebc9161a3e0c6180cd94fa89,cex,2000
2026-03-09,0x52c77b0cb827afbad022e6d6caf2c44452edbc39,lp,48727.18575472
2026-03-09,0x651641299c7ec0aa44ad7ed9b7e12702fed2022f,cex,-880510.46286461
2026-03-09,0x73d8bd54f7cf5fab43fe4ef40a62d390644946db,cex,28053.34442566
2026-03-09,0x9642b23ed1e01df1092b92641051881a322f5d4e,cex,103384.35207218
2026-03-09,0xa023f08c70a23abc7edfc5b6b5e171d78dfc947e,cex,79.0783329
2026-03-09,0xa9d1e08c7793af67e9d92fe308d5697fb81d3e43,cex,102623.3197734
2026-03-09,0xab782bc7d4a2b306825de5a7730034f8f63ee1bc,cex,219053.789
2026-03-09,0xcc282e2004428939ee5149a9e7872f0b4d5d5ec7,cex,18.01614
2026-03-09,0xcffad3200574698b78f32232aa9d63eabd290703,cex,-240.43
2026-03-09,0xd2dd7b597fd2435b6db61ddf48544fd931e6869f,cex,53459.79385
2026-03-09,0xdf5e3a1ed0c14a53eee240022301ecb9d267671b,cex,17287.73377377
2026-03-09,0xe8c15aad9d4cd3f59c9dfa18828b91a8b2c49596,cex,-300000
2026-03-10,0x0529ea5885702715e83923c59746ae8734c553b7,cex,522275.132
2026-03-10,0x0d0707963952f2fba59dd06f2b425ace40b492fe,cex,-128617.76488587
2026-03-10,0x33a64dcdfa041befebc9161a3e0c6180cd94fa89,cex,-1001.7459634
2026-03-10,0x52c77b0cb827afbad022e6d6caf2c44452edbc39,lp,118809.57616772
2026-03-10,0x651641299c7ec0aa44ad7ed9b7e12702fed2022f,cex,-739916.57911636
2026-03-10,0x73d8bd54f7cf5fab43fe4ef40a62d390644946db,cex,-156185.69781211
2026-03-10,0x91dca37856240e5e1906222ec79278b16420dc92,cex,3608.81646774
2026-03-10,0x9642b23ed1e01df1092b92641051881a322f5d4e,cex,-87855.97
2026-03-10,0x9b0c45d46d386cedd98873168c36efd0dcba8d46,cex,731634.121
2026-03-10,0xa9d1e08c7793af67e9d92fe308d5697fb81d3e43,cex,69807.2869272
2026-03-10,0xab782bc7d4a2b306825de5a7730034f8f63ee1bc,cex,131524.81666964
2026-03-10,0xcc282e2004428939ee5149a9e7872f0b4d5d5ec7,cex,17.62377
2026-03-10,0xcffad3200574698b78f32232aa9d63eabd290703,cex,9749.3
2026-03-10,0xd2dd7b597fd2435b6db61ddf48544fd931e6869f,cex,15876.39508
2026-03-10,0xdf5e3a1ed0c14a53eee240022301ecb9d267671b,cex,-58093.04173506
2026-03-11,0x0529ea5885702715e83923c59746ae8734c553b7,cex,-34699.324736
2026-03-11,0x0d0707963952f2fba59dd06f2b425ace40b492fe,cex,256378.2872665
2026-03-11,0x33a64dcdfa041befebc9161a3e0c6180cd94fa89,cex,-43.6615805
2026-03-11,0x52c77b0cb827afbad022e6d6caf2c44452edbc39,lp,-6118.83529174
2026-03-11,0x651641299c7ec0aa44ad7ed9b7e12702fed2022f,cex,-432479.00771494
2026-03-11,0x73d8bd54f7cf5fab43fe4ef40a62d390644946db,cex,41082.38301992
2026-03-11,0x7dafba1d69f6c01ae7567ffd7b046ca03b706f83,cex,212793.82326
2026-03-11,0x91dca37856240e5e1906222ec79278b16420dc92,cex,77807.637
2026-03-11,0x9642b23ed1e01df1092b92641051881a322f5d4e,cex,48639.58
2026-03-11,0xa9d1e08c7793af67e9d92fe308d5697fb81d3e43,cex,196117.51704795
2026-03-11,0xab782bc7d4a2b306825de5a7730034f8f63ee1bc,cex,-757045.31687655
2026-03-11,0xb0a3a2b60e969afd26561429aa4c1444c57e4411,cex,945329.60876866
2026-03-11,0xcc282e2004428939ee5149a9e7872f0b4d5d5ec7,cex,17.12626
2026-03-11,0xd2dd7b597fd2435b6db61ddf48544fd931e6869f,cex,134742.98449
2026-03-11,0xdf5e3a1ed0c14a53eee240022301ecb9d267671b,cex,-1135850.79195586
2026-03-12,0x0d0707963952f2fba59dd06f2b425ace40b492fe,cex,-3245.27281125
2026-03-12,0x52c77b0cb827afbad022e6d6caf2c44452edbc39,lp,-63829.96541375
2026-03-12,0x651641299c7ec0aa44ad7ed9b7e12702fed2022f,cex,-448254.83439588
2026-03-12,0x73d8bd54f7cf5fab43fe4ef40a62d390644946db,cex,76600.23275274
2026-03-12,0x9642b23ed1e01df1092b92641051881a322f5d4e,cex,52085.55930443
2026-03-12,0x9b0c45d46d386cedd98873168c36efd0dcba8d46,cex,418754.219
2026-03-12,0xa9d1e08c7793af67e9d92fe308d5697fb81d3e43,cex,-230529.27770987
2026-03-12,0xab782bc7d4a2b306825de5a7730034f8f63ee1bc,cex,-87264.50082144
2026-03-12,0xcc282e2004428939ee5149a9e7872f0b4d5d5ec7,cex,25.39978
2026-03-12,0xcffad3200574698b78f32232aa9d63eabd290703,cex,198.207379
2026-03-12,0xdf5e3a1ed0c14a53eee240022301ecb9d267671b,cex,-114391.70434
2026-03-13,0x0d0707963952f2fba59dd06f2b425ace40b492fe,cex,-81326.7045
2026-03-13,0x33a64dcdfa041befebc9161a3e0c6180cd94fa89,cex,-4616.02673556
2026-03-13,0x52c77b0cb827afbad022e6d6caf2c44452edbc39,lp,217305.62562807
2026-03-13,0x651641299c7ec0aa44ad7ed9b7e12702fed2022f,cex,496814.25548469
2026-03-13,0x73d8bd54f7cf5fab43fe4ef40a62d390644946db,cex,-35526.38994787
2026-03-13,0x93228d328c9c74c2bfe9f97638bbb5ef322f2bd5,cex,-1704.78
2026-03-13,0x9642b23ed1e01df1092b92641051881a322f5d4e,cex,-36743.392
2026-03-13,0x9b0c45d46d386cedd98873168c36efd0dcba8d46,cex,-491985.953
2026-03-13,0xa023f08c70a23abc7edfc5b6b5e171d78dfc947e,cex,102.54
2026-03-13,0xa9d1e08c7793af67e9d92fe308d5697fb81d3e43,cex,-12543.97144678
2026-03-13,0xab782bc7d4a2b306825de5a7730034f8f63ee1bc,cex,15847.733
2026-03-13,0xcc282e2004428939ee5149a9e7872f0b4d5d5ec7,cex,62.11156
2026-03-13,0xd2dd7b597fd2435b6db61ddf48544fd931e6869f,cex,-128298.44915
2026-03-13,0xdc154fcee1babb560e8528c3a7791527f01423df,custody,46923.71949
2026-03-13,0xdd276dc5223d0120f9bf1776f38957cc8da23cb0,cex,-300000
2026-03-13,0xdf5e3a1ed0c14a53eee240022301ecb9d267671b,cex,-20823.76469238
2026-03-13,0xe8c15aad9d4cd3f59c9dfa18828b91a8b2c49596,cex,200000
2026-03-14,0x0d0707963952f2fba59dd06f2b425ace40b492fe,cex,-231096.0152
2026-03-14,0x33a64dcdfa041befebc9161a3e0c6180cd94fa89,cex,-3932.1758688
2026-03-14,0x52c77b0cb827afbad022e6d6caf2c44452edbc39,lp,11567.26992228
2026-03-14,0x651641299c7ec0aa44ad7ed9b7e12702fed2022f,cex,337639.7276598
2026-03-14,0x73d8bd54f7cf5fab43fe4ef40a62d390644946db,cex,9924.84763877
2026-03-14,0x9642b23ed1e01df1092b92641051881a322f5d4e,cex,25566.0211
2026-03-14,0x9b0c45d46d386cedd98873168c36efd0dcba8d46,cex,-53321
2026-03-14,0xa9d1e08c7793af67e9d92fe308d5697fb81d3e43,cex,-37725.87161253
2026-03-14,0xab782bc7d4a2b306825de5a7730034f8f63ee1bc,cex,14641.09
2026-03-14,0xdf5e3a1ed0c14a53eee240022301ecb9d267671b,cex,67049.45235939
2026-03-15,0x0d0707963952f2fba59dd06f2b425ace40b492fe,cex,-265409.483572
2026-03-15,0x33a64dcdfa041befebc9161a3e0c6180cd94fa89,cex,10482.70708023
2026-03-15,0x52c77b0cb827afbad022e6d6caf2c44452edbc39,lp,73194.50044251
2026-03-15,0x651641299c7ec0aa44ad7ed9b7e12702fed2022f,cex,13575.46754481
2026-03-15,0x73d8bd54f7cf5fab43fe4ef40a62d390644946db,cex,-21943.68812031
2026-03-15,0x91dca37856240e5e1906222ec79278b16420dc92,cex,486.96017309
2026-03-15,0x93228d328c9c74c2bfe9f97638bbb5ef322f2bd5,cex,49878.86
2026-03-15,0x9642b23ed1e01df1092b92641051881a322f5d4e,cex,-6311.08202084
2026-03-15,0xa9d1e08c7793af67e9d92fe308d5697fb81d3e43,cex,54575.29262139
2026-03-15,0xab782bc7d4a2b306825de5a7730034f8f63ee1bc,cex,-5943.14172
2026-03-15,0xcffad3200574698b78f32232aa9d63eabd290703,cex,-2416.796402
2026-03-15,0xdf5e3a1ed0c14a53eee240022301ecb9d267671b,cex,-445910.87689
2026-03-16,0x0d0707963952f2fba59dd06f2b425ace40b492fe,cex,-55089.0251
2026-03-16,0x33a64dcdfa041befebc9161a3e0c6180cd94fa89,cex,-3687.02538574
2026-03-16,0x52c77b0cb827afbad022e6d6caf2c44452edbc39,lp,-262876.95302149
2026-03-16,0x651641299c7ec0aa44ad7ed9b7e12702fed2022f,cex,1335339.01001381
2026-03-16,0x73d8bd54f7cf5fab43fe4ef40a62d390644946db,cex,-62349.08647612
2026-03-16,0x93228d328c9c74c2bfe9f97638bbb5ef322f2bd5,cex,-115375.74
2026-03-16,0x9642b23ed1e01df1092b92641051881a322f5d4e,cex,-148747.6695896
2026-03-16,0x9b0c45d46d386cedd98873168c36efd0dcba8d46,cex,95481.085
2026-03-16,0xa9d1e08c7793af67e9d92fe308d5697fb81d3e43,cex,80834.54308944
2026-03-16,0xab782bc7d4a2b306825de5a7730034f8f63ee1bc,cex,-127954.77875453
2026-03-16,0xcffad3200574698b78f32232aa9d63eabd290703,cex,7253.67
2026-03-16,0xdf5e3a1ed0c14a53eee240022301ecb9d267671b,cex,-136467.04924141
2026-03-17,0x0d0707963952f2fba59dd06f2b425ace40b492fe,cex,-154238.86570486
2026-03-17,0x33a64dcdfa041befebc9161a3e0c6180cd94fa89,cex,-30914.30455318
2026-03-17,0x377b8ce04761754e8ac153b47805a9cf6b190873,cex,1409.25926887
2026-03-17,0x52c77b0cb827afbad022e6d6caf2c44452edbc39,lp,88824.2522556
2026-03-17,0x548054687ef6c56c6d82e8269e5fd93d8b88fcb2,cex,103892.51565045
2026-03-17,0x651641299c7ec0aa44ad7ed9b7e12702fed2022f,cex,424155.06585746
2026-03-17,0x73d8bd54f7cf5fab43fe4ef40a62d390644946db,cex,-18699.82160185
2026-03-17,0x9642b23ed1e01df1092b92641051881a322f5d4e,cex,-29783.97
2026-03-17,0x9b0c45d46d386cedd98873168c36efd0dcba8d46,cex,30428.525
2026-03-17,0xa9d1e08c7793af67e9d92fe308d5697fb81d3e43,cex,-224117.11717267
2026-03-17,0xab782bc7d4a2b306825de5a7730034f8f63ee1bc,cex,21315.85419794
2026-03-17,0xcc282e2004428939ee5149a9e7872f0b4d5d5ec7,cex,5.03641
2026-03-17,0xcffad3200574698b78f32232aa9d63eabd290703,cex,-31404.03
2026-03-17,0xd2dd7b597fd2435b6db61ddf48544fd931e6869f,cex,-77529.82664
2026-03-17,0xdf5e3a1ed0c14a53eee240022301ecb9d267671b,cex,163246.50238875
2026-03-18,0x0d0707963952f2fba59dd06f2b425ace40b492fe,cex,107692.89082841
2026-03-18,0x15da7556d5ed888306839bed06f868aeaedcb0d7,cex,648
2026-03-18,0x33a64dcdfa041befebc9161a3e0c6180cd94fa89,cex,13994.53657727
2026-03-18,0x52c77b0cb827afbad022e6d6caf2c44452edbc39,lp,301683.53698096
2026-03-18,0x651641299c7ec0aa44ad7ed9b7e12702fed2022f,cex,-477574.30494255
2026-03-18,0x73d8bd54f7cf5fab43fe4ef40a62d390644946db,cex,52870.04801221
2026-03-18,0x7dafba1d69f6c01ae7567ffd7b046ca03b706f83,cex,-1380402.02135
2026-03-18,0x91dca37856240e5e1906222ec79278b16420dc92,cex,2949.71447618
2026-03-18,0x93228d328c9c74c2bfe9f97638bbb5ef322f2bd5,cex,125117.86
2026-03-18,0x9642b23ed1e01df1092b92641051881a322f5d4e,cex,-26780.34
2026-03-18,0x9b0c45d46d386cedd98873168c36efd0dcba8d46,cex,-104224
2026-03-18,0xa9d1e08c7793af67e9d92fe308d5697fb81d3e43,cex,27633.25264573
2026-03-18,0xab782bc7d4a2b306825de5a7730034f8f63ee1bc,cex,-10505.59520973
2026-03-18,0xcc282e2004428939ee5149a9e7872f0b4d5d5ec7,cex,8.07989
2026-03-18,0xd2dd7b597fd2435b6db61ddf48544fd931e6869f,cex,-53438.08945
2026-03-18,0xdc154fcee1babb560e8528c3a7791527f01423df,custody,346751.26543
2026-03-18,0xdf5e3a1ed0c14a53eee240022301ecb9d267671b,cex,1407830.53723457
2026-03-19,0x0d0707963952f2fba59dd06f2b425ace40b492fe,cex,77816.24428153
2026-03-19,0x33a64dcdfa041befebc9161a3e0c6180cd94fa89,cex,2000
2026-03-19,0x52c77b0cb827afbad022e6d6caf2c44452edbc39,lp,97743.33619909
2026-03-19,0x548054687ef6c56c6d82e8269e5fd93d8b88fcb2,cex,-120000
2026-03-19,0x651641299c7ec0aa44ad7ed9b7e12702fed2022f,cex,-518592.81050778
2026-03-19,0x73d8bd54f7cf5fab43fe4ef40a62d390644946db,cex,18834.09551174
2026-03-19,0x93228d328c9c74c2bfe9f97638bbb5ef322f2bd5,cex,130
2026-03-19,0x9642b23ed1e01df1092b92641051881a322f5d4e,cex,7843.58784752
2026-03-19,0x9b0c45d46d386cedd98873168c36efd0dcba8d46,cex,-37643
2026-03-19,0xa9d1e08c7793af67e9d92fe308d5697fb81d3e43,cex,-153633.51088589
2026-03-19,0xab782bc7d4a2b306825de5a7730034f8f63ee1bc,cex,170712.78042087
2026-03-19,0xcc282e2004428939ee5149a9e7872f0b4d5d5ec7,cex,44.36922
2026-03-19,0xcffad3200574698b78f32232aa9d63eabd290703,cex,21829.774196
2026-03-19,0xd2dd7b597fd2435b6db61ddf48544fd931e6869f,cex,150534.29335
2026-03-19,0xdc154fcee1babb560e8528c3a7791527f01423df,custody,23245.205
2026-03-19,0xdf5e3a1ed0c14a53eee240022301ecb9d267671b,cex,-146062.26864487
2026-03-20,0x0d0707963952f2fba59dd06f2b425ace40b492fe,cex,72276.15805159
2026-03-20,0x377b8ce04761754e8ac153b47805a9cf6b190873,cex,2111.48684942
2026-03-20,0x52c77b0cb827afbad022e6d6caf2c44452edbc39,lp,-48428.54743719
2026-03-20,0x651641299c7ec0aa44ad7ed9b7e12702fed2022f,cex,-623993.72653897
2026-03-20,0x73d8bd54f7cf5fab43fe4ef40a62d390644946db,cex,2179.02898257
2026-03-20,0x91dca37856240e5e1906222ec79278b16420dc92,cex,196.8
2026-03-20,0x9642b23ed1e01df1092b92641051881a322f5d4e,cex,139959.17
2026-03-20,0xa9d1e08c7793af67e9d92fe308d5697fb81d3e43,cex,16241.65960539
2026-03-20,0xab782bc7d4a2b306825de5a7730034f8f63ee1bc,cex,122617.50247262
2026-03-20,0xcc282e2004428939ee5149a9e7872f0b4d5d5ec7,cex,2.03515
2026-03-20,0xcffad3200574698b78f32232aa9d63eabd290703,cex,116.81
2026-03-20,0xd2dd7b597fd2435b6db61ddf48544fd931e6869f,cex,61592.32969
2026-03-20,0xdf5e3a1ed0c14a53eee240022301ecb9d267671b,cex,-86166.73699559
2026-03-21,0x33a64dcdfa041befebc9161a3e0c6180cd94fa89,cex,-25785.58639237
2026-03-21,0x377b8ce04761754e8ac153b47805a9cf6b190873,cex,1908.18809496
2026-03-21,0x52c77b0cb827afbad022e6d6caf2c44452edbc39,lp,95732.72764094
2026-03-21,0x651641299c7ec0aa44ad7ed9b7e12702fed2022f,cex,-197506.66516824
2026-03-21,0x73d8bd54f7cf5fab43fe4ef40a62d390644946db,cex,-3082.18904506
2026-03-21,0x9642b23ed1e01df1092b92641051881a322f5d4e,cex,6876.45
2026-03-21,0x9b0c45d46d386cedd98873168c36efd0dcba8d46,cex,-40830
2026-03-21,0xa9d1e08c7793af67e9d92fe308d5697fb81d3e43,cex,104917.45726583
2026-03-21,0xab782bc7d4a2b306825de5a7730034f8f63ee1bc,cex,23052.2
2026-03-21,0xdd276dc5223d0120f9bf1776f38957cc8da23cb0,cex,100000
2026-03-21,0xdf5e3a1ed0c14a53eee240022301ecb9d267671b,cex,12747.37223591
2026-03-22,0x0d0707963952f2fba59dd06f2b425ace40b492fe,cex,-43937.26653125
2026-03-22,0x33a64dcdfa041befebc9161a3e0c6180cd94fa89,cex,6000
2026-03-22,0x377b8ce04761754e8ac153b47805a9cf6b190873,cex,19299.91079046
2026-03-22,0x52c77b0cb827afbad022e6d6caf2c44452edbc39,lp,19768.01116026
2026-03-22,0x651641299c7ec0aa44ad7ed9b7e12702fed2022f,cex,-344587.66616853
2026-03-22,0x73d8bd54f7cf5fab43fe4ef40a62d390644946db,cex,-1392.45994518
2026-03-22,0x93228d328c9c74c2bfe9f97638bbb5ef322f2bd5,cex,200
2026-03-22,0x9642b23ed1e01df1092b92641051881a322f5d4e,cex,45461.424
2026-03-22,0x9b0c45d46d386cedd98873168c36efd0dcba8d46,cex,-60184
2026-03-22,0xa9d1e08c7793af67e9d92fe308d5697fb81d3e43,cex,157259.50021707
2026-03-22,0xab782bc7d4a2b306825de5a7730034f8f63ee1bc,cex,85
2026-03-22,0xdf5e3a1ed0c14a53eee240022301ecb9d267671b,cex,-3790.52952734
2026-03-22,0xe8c15aad9d4cd3f59c9dfa18828b91a8b2c49596,cex,90000
2026-03-23,0x0d0707963952f2fba59dd06f2b425ace40b492fe,cex,-300879.01551669
2026-03-23,0x33a64dcdfa041befebc9161a3e0c6180cd94fa89,cex,-5122.7771836
2026-03-23,0x52c77b0cb827afbad022e6d6caf2c44452edbc39,lp,146312.7811811
2026-03-23,0x651641299c7ec0aa44ad7ed9b7e12702fed2022f,cex,-139629.54364803
2026-03-23,0x73d8bd54f7cf5fab43fe4ef40a62d390644946db,cex,-118312.96597172
2026-03-23,0x93228d328c9c74c2bfe9f97638bbb5ef322f2bd5,cex,-50152.1
2026-03-23,0x9642b23ed1e01df1092b92641051881a322f5d4e,cex,-2036.01753863
2026-03-23,0xa9d1e08c7793af67e9d92fe308d5697fb81d3e43,cex,139260.36182772
2026-03-23,0xab782bc7d4a2b306825de5a7730034f8f63ee1bc,cex,5202.534
2026-03-23,0xcc282e2004428939ee5149a9e7872f0b4d5d5ec7,cex,33.42297
2026-03-23,0xd2dd7b597fd2435b6db61ddf48544fd931e6869f,cex,56544.94405
2026-03-23,0xdf5e3a1ed0c14a53eee240022301ecb9d267671b,cex,-27655.09474947
2026-03-24,0x0d0707963952f2fba59dd06f2b425ace40b492fe,cex,-3068.00125853
2026-03-24,0x52c77b0cb827afbad022e6d6caf2c44452edbc39,lp,-76114.13231387
2026-03-24,0x651641299c7ec0aa44ad7ed9b7e12702fed2022f,cex,-19478.98998871
2026-03-24,0x73d8bd54f7cf5fab43fe4ef40a62d390644946db,cex,574.66662559
2026-03-24,0x91dca37856240e5e1906222ec79278b16420dc92,cex,-156852.37947502
2026-03-24,0x9642b23ed1e01df1092b92641051881a322f5d4e,cex,216.22054
2026-03-24,0x9b0c45d46d386cedd98873168c36efd0dcba8d46,cex,948421.036
2026-03-24,0xa023f08c70a23abc7edfc5b6b5e171d78dfc947e,cex,15.906781
2026-03-24,0xa9d1e08c7793af67e9d92fe308d5697fb81d3e43,cex,-115944.67915423
2026-03-24,0xab782bc7d4a2b306825de5a7730034f8f63ee1bc,cex,-5538.63186053
2026-03-24,0xcc282e2004428939ee5149a9e7872f0b4d5d5ec7,cex,59.765
2026-03-24,0xd2dd7b597fd2435b6db61ddf48544fd931e6869f,cex,-64094.74321
2026-03-24,0xdf5e3a1ed0c14a53eee240022301ecb9d267671b,cex,-79295.71841057
2026-03-25,0x0d0707963952f2fba59dd06f2b425ace40b492fe,cex,25695.3714802
2026-03-25,0x33a64dcdfa041befebc9161a3e0c6180cd94fa89,cex,-4094.05290196
2026-03-25,0x52c77b0cb827afbad022e6d6caf2c44452edbc39,lp,10666.28849761
2026-03-25,0x651641299c7ec0aa44ad7ed9b7e12702fed2022f,cex,109711.66092932
2026-03-25,0x73d8bd54f7cf5fab43fe4ef40a62d390644946db,cex,-5559.92371064
2026-03-25,0x7dafba1d69f6c01ae7567ffd7b046ca03b706f83,cex,-23032.38641
2026-03-25,0x91dca37856240e5e1906222ec79278b16420dc92,cex,88655.23097794
2026-03-25,0x9642b23ed1e01df1092b92641051881a322f5d4e,cex,-18187.65180083
2026-03-25,0xa9d1e08c7793af67e9d92fe308d5697fb81d3e43,cex,-169784.96736078
2026-03-25,0xab782bc7d4a2b306825de5a7730034f8f63ee1bc,cex,-745
2026-03-25,0xcffad3200574698b78f32232aa9d63eabd290703,cex,-116600.07
2026-03-25,0xd2dd7b597fd2435b6db61ddf48544fd931e6869f,cex,-35227.35575
2026-03-25,0xdc154fcee1babb560e8528c3a7791527f01423df,custody,96996.73811
2026-03-25,0xdf5e3a1ed0c14a53eee240022301ecb9d267671b,cex,73180.14885421
2026-03-25,0xe8c15aad9d4cd3f59c9dfa18828b91a8b2c49596,cex,60000
2026-03-26,0x0d0707963952f2fba59dd06f2b425ace40b492fe,cex,46194.80241798
2026-03-26,0x33a64dcdfa041befebc9161a3e0c6180cd94fa89,cex,2000
2026-03-26,0x52c77b0cb827afbad022e6d6caf2c44452edbc39,lp,-38253.28020261
2026-03-26,0x651641299c7ec0aa44ad7ed9b7e12702fed2022f,cex,-161023.08270749
2026-03-26,0x73d8bd54f7cf5fab43fe4ef40a62d390644946db,cex,2070.81231178
2026-03-26,0x93228d328c9c74c2bfe9f97638bbb5ef322f2bd5,cex,52104.44
2026-03-26,0x9642b23ed1e01df1092b92641051881a322f5d4e,cex,-34143.46874613
2026-03-26,0x9b0c45d46d386cedd98873168c36efd0dcba8d46,cex,-81279
2026-03-26,0xa9d1e08c7793af67e9d92fe308d5697fb81d3e43,cex,288924.29711673
2026-03-26,0xab782bc7d4a2b306825de5a7730034f8f63ee1bc,cex,138.05452744
2026-03-26,0xcc282e2004428939ee5149a9e7872f0b4d5d5ec7,cex,12.78539
2026-03-26,0xcffad3200574698b78f32232aa9d63eabd290703,cex,129000.60133482
2026-03-26,0xd2dd7b597fd2435b6db61ddf48544fd931e6869f,cex,15292.99149
2026-03-26,0xdf5e3a1ed0c14a53eee240022301ecb9d267671b,cex,146149.74283264
2026-03-27,0x0d0707963952f2fba59dd06f2b425ace40b492fe,cex,69800.85733019
2026-03-27,0x33a64dcdfa041befebc9161a3e0c6180cd94fa89,cex,-3038.35356851
2026-03-27,0x52c77b0cb827afbad022e6d6caf2c44452edbc39,lp,136925.16103468
2026-03-27,0x651641299c7ec0aa44ad7ed9b7e12702fed2022f,cex,252460.82427759
2026-03-27,0x73d8bd54f7cf5fab43fe4ef40a62d390644946db,cex,-5510.37066828
2026-03-27,0x93228d328c9c74c2bfe9f97638bbb5ef322f2bd5,cex,1112.79975735
2026-03-27,0x9642b23ed1e01df1092b92641051881a322f5d4e,cex,-11394.93
2026-03-27,0x9b0c45d46d386cedd98873168c36efd0dcba8d46,cex,-79190
2026-03-27,0xa9d1e08c7793af67e9d92fe308d5697fb81d3e43,cex,-265691.40431484
2026-03-27,0xab782bc7d4a2b306825de5a7730034f8f63ee1bc,cex,65836.98267376
2026-03-27,0xcc282e2004428939ee5149a9e7872f0b4d5d5ec7,cex,25.96761
2026-03-27,0xcffad3200574698b78f32232aa9d63eabd290703,cex,-27534.34
2026-03-27,0xd2dd7b597fd2435b6db61ddf48544fd931e6869f,cex,95806.09336
2026-03-27,0xdc154fcee1babb560e8528c3a7791527f01423df,custody,152042.09069
2026-03-27,0xdf5e3a1ed0c14a53eee240022301ecb9d267671b,cex,256974.8868502
2026-03-28,0x33a64dcdfa041befebc9161a3e0c6180cd94fa89,cex,-3999.26404867
2026-03-28,0x52c77b0cb827afbad022e6d6caf2c44452edbc39,lp,12616.78015604
2026-03-28,0x651641299c7ec0aa44ad7ed9b7e12702fed2022f,cex,-268862.47649469
2026-03-28,0x73d8bd54f7cf5fab43fe4ef40a62d390644946db,cex,20083.39241371
2026-03-28,0x91dca37856240e5e1906222ec79278b16420dc92,cex,161762.13979362
2026-03-28,0x9642b23ed1e01df1092b92641051881a322f5d4e,cex,-7513.63
2026-03-28,0xa9d1e08c7793af67e9d92fe308d5697fb81d3e43,cex,13504.39403744
2026-03-28,0xab782bc7d4a2b306825de5a7730034f8f63ee1bc,cex,-8934.95489279
2026-03-28,0xcffad3200574698b78f32232aa9d63eabd290703,cex,195.77
2026-03-28,0xdf5e3a1ed0c14a53eee240022301ecb9d267671b,cex,-30736.57686754
2026-03-29,0x0d0707963952f2fba59dd06f2b425ace40b492fe,cex,43381.02704048
2026-03-29,0x33a64dcdfa041befebc9161a3e0c6180cd94fa89,cex,-987.92876443
2026-03-29,0x52c77b0cb827afbad022e6d6caf2c44452edbc39,lp,230539.13497947
2026-03-29,0x651641299c7ec0aa44ad7ed9b7e12702fed2022f,cex,-186706.26949381
2026-03-29,0x73d8bd54f7cf5fab43fe4ef40a62d390644946db,cex,611.93377588
2026-03-29,0x9642b23ed1e01df1092b92641051881a322f5d4e,cex,106322
2026-03-29,0x9b0c45d46d386cedd98873168c36efd0dcba8d46,cex,-70435
2026-03-29,0xa023f08c70a23abc7edfc5b6b5e171d78dfc947e,cex,690.77
2026-03-29,0xa9d1e08c7793af67e9d92fe308d5697fb81d3e43,cex,-103911.27405985
2026-03-29,0xab782bc7d4a2b306825de5a7730034f8f63ee1bc,cex,80183.5
2026-03-29,0xcffad3200574698b78f32232aa9d63eabd290703,cex,1079.93856487
2026-03-29,0xdf5e3a1ed0c14a53eee240022301ecb9d267671b,cex,57806.64769
2026-03-29,0xe8c15aad9d4cd3f59c9dfa18828b91a8b2c49596,cex,170000
2026-03-30,0x0d0707963952f2fba59dd06f2b425ace40b492fe,cex,-6328.18917648
2026-03-30,0x33a64dcdfa041befebc9161a3e0c6180cd94fa89,cex,13779.3444418
2026-03-30,0x52c77b0cb827afbad022e6d6caf2c44452edbc39,lp,152898.35899333
2026-03-30,0x651641299c7ec0aa44ad7ed9b7e12702fed2022f,cex,-169811.70874381
2026-03-30,0x73d8bd54f7cf5fab43fe4ef40a62d390644946db,cex,102426.43241554
2026-03-30,0x9642b23ed1e01df1092b92641051881a322f5d4e,cex,-20562.56000012
2026-03-30,0x9b0c45d46d386cedd98873168c36efd0dcba8d46,cex,50041.26
2026-03-30,0xa9d1e08c7793af67e9d92fe308d5697fb81d3e43,cex,83230.41475465
2026-03-30,0xab782bc7d4a2b306825de5a7730034f8f63ee1bc,cex,-13027.87282187
2026-03-30,0xd2dd7b597fd2435b6db61ddf48544fd931e6869f,cex,176924.09994
2026-03-30,0xdd276dc5223d0120f9bf1776f38957cc8da23cb0,cex,100000
2026-03-30,0xdf5e3a1ed0c14a53eee240022301ecb9d267671b,cex,-238877.66218212
2026-03-30,0xe8c15aad9d4cd3f59c9dfa18828b91a8b2c49596,cex,-300000
2026-03-31,0x0d0707963952f2fba59dd06f2b425ace40b492fe,cex,35678.43865286
2026-03-31,0x33a64dcdfa041befebc9161a3e0c6180cd94fa89,cex,-2542.39012466
2026-03-31,0x52c77b0cb827afbad022e6d6caf2c44452edbc39,lp,81685.59229405
2026-03-31,0x651641299c7ec0aa44ad7ed9b7e12702fed2022f,cex,-264735.88295744
2026-03-31,0x73d8bd54f7cf5fab43fe4ef40a62d390644946db,cex,-3113.70486234
2026-03-31,0x9642b23ed1e01df1092b92641051881a322f5d4e,cex,139194.38
2026-03-31,0x9b0c45d46d386cedd98873168c36efd0dcba8d46,cex,357519.836
2026-03-31,0xa9d1e08c7793af67e9d92fe308d5697fb81d3e43,cex,151355.42830299
2026-03-31,0xab782bc7d4a2b306825de5a7730034f8f63ee1bc,cex,2743.48786244
2026-03-31,0xcffad3200574698b78f32232aa9d63eabd290703,cex,-25852
2026-03-31,0xd2dd7b597fd2435b6db61ddf48544fd931e6869f,cex,60616.75316
2026-03-31,0xdf5e3a1ed0c14a53eee240022301ecb9d267671b,cex,-234553.87626725
2026-03-31,0xe8c15aad9d4cd3f59c9dfa18828b91a8b2c49596,cex,500000
2026-04-01,0x0d0707963952f2fba59dd06f2b425ace40b492fe,cex,-27271.4487461
2026-04-01,0x52c77b0cb827afbad022e6d6caf2c44452edbc39,lp,31108.29077069
2026-04-01,0x651641299c7ec0aa44ad7ed9b7e12702fed2022f,cex,186911.88835134
2026-04-01,0x73d8bd54f7cf5fab43fe4ef40a62d390644946db,cex,-3474.69438593
2026-04-01,0x7dafba1d69f6c01ae7567ffd7b046ca03b706f83,cex,-81848.97617
2026-04-01,0x9642b23ed1e01df1092b92641051881a322f5d4e,cex,-12681.07
2026-04-01,0x9b0c45d46d386cedd98873168c36efd0dcba8d46,cex,67206.182
2026-04-01,0xa9d1e08c7793af67e9d92fe308d5697fb81d3e43,cex,-293791.93090112
2026-04-01,0xab782bc7d4a2b306825de5a7730034f8f63ee1bc,cex,12361.722154
2026-04-01,0xdf5e3a1ed0c14a53eee240022301ecb9d267671b,cex,-87096.94839
2026-04-02,0x0d0707963952f2fba59dd06f2b425ace40b492fe,cex,34469.27716932
2026-04-02,0x33a64dcdfa041befebc9161a3e0c6180cd94fa89,cex,3070
2026-04-02,0x52c77b0cb827afbad022e6d6caf2c44452edbc39,lp,46821.70876984
2026-04-02,0x651641299c7ec0aa44ad7ed9b7e12702fed2022f,cex,-51010.90395525
2026-04-02,0x73d8bd54f7cf5fab43fe4ef40a62d390644946db,cex,160.0634682
2026-04-02,0x9642b23ed1e01df1092b92641051881a322f5d4e,cex,9318.41632001
2026-04-02,0x9b0c45d46d386cedd98873168c36efd0dcba8d46,cex,-66690
2026-04-02,0xa9d1e08c7793af67e9d92fe308d5697fb81d3e43,cex,16586.75150859
2026-04-02,0xab782bc7d4a2b306825de5a7730034f8f63ee1bc,cex,21978.08845712
2026-04-02,0xcffad3200574698b78f32232aa9d63eabd290703,cex,-21172.22
2026-04-02,0xd2dd7b597fd2435b6db61ddf48544fd931e6869f,cex,-36482.66724
2026-04-02,0xdf5e3a1ed0c14a53eee240022301ecb9d267671b,cex,-74503.49422924
2026-04-03,0x0d0707963952f2fba59dd06f2b425ace40b492fe,cex,206474.80981559
2026-04-03,0x15da7556d5ed888306839bed06f868aeaedcb0d7,cex,13754986
2026-04-03,0x33a64dcdfa041befebc9161a3e0c6180cd94fa89,cex,-1869.72448215
2026-04-03,0x52c77b0cb827afbad022e6d6caf2c44452edbc39,lp,-94504.69329032
2026-04-03,0x651641299c7ec0aa44ad7ed9b7e12702fed2022f,cex,-64318.54715276
2026-04-03,0x73d8bd54f7cf5fab43fe4ef40a62d390644946db,cex,-593815.97991773
2026-04-03,0x9642b23ed1e01df1092b92641051881a322f5d4e,cex,-84732.84
2026-04-03,0x9b0c45d46d386cedd98873168c36efd0dcba8d46,cex,-13754986
2026-04-03,0xa023f08c70a23abc7edfc5b6b5e171d78dfc947e,cex,34.37592026
2026-04-03,0xa9d1e08c7793af67e9d92fe308d5697fb81d3e43,cex,333853.05095152
2026-04-03,0xab782bc7d4a2b306825de5a7730034f8f63ee1bc,cex,12411.169
2026-04-03,0xcffad3200574698b78f32232aa9d63eabd290703,cex,-36555
2026-04-03,0xdf5e3a1ed0c14a53eee240022301ecb9d267671b,cex,-111748.75283954
2026-04-04,0x0d0707963952f2fba59dd06f2b425ace40b492fe,cex,-3277.98499
2026-04-04,0x52c77b0cb827afbad022e6d6caf2c44452edbc39,lp,59760.69987701
2026-04-04,0x651641299c7ec0aa44ad7ed9b7e12702fed2022f,cex,53149.62312784
2026-04-04,0x73d8bd54f7cf5fab43fe4ef40a62d390644946db,cex,-863.28246526
2026-04-04,0x9642b23ed1e01df1092b92641051881a322f5d4e,cex,3784.440594
2026-04-04,0xa9d1e08c7793af67e9d92fe308d5697fb81d3e43,cex,1747.76702255
2026-04-04,0xab782bc7d4a2b306825de5a7730034f8f63ee1bc,cex,13.89572165
2026-04-04,0xdf5e3a1ed0c14a53eee240022301ecb9d267671b,cex,12336.88996752
2026-04-04,0xe8c15aad9d4cd3f59c9dfa18828b91a8b2c49596,cex,-200000
2026-04-05,0x0d0707963952f2fba59dd06f2b425ace40b492fe,cex,-1337.7448586
2026-04-05,0x52c77b0cb827afbad022e6d6caf2c44452edbc39,lp,-34876.3640713
2026-04-05,0x651641299c7ec0aa44ad7ed9b7e12702fed2022f,cex,-250370.16419788
2026-04-05,0x73d8bd54f7cf5fab43fe4ef40a62d390644946db,cex,-15699.53902158
2026-04-05,0x9642b23ed1e01df1092b92641051881a322f5d4e,cex,77056.32516717
2026-04-05,0xa9d1e08c7793af67e9d92fe308d5697fb81d3e43,cex,17073.74613287
2026-04-05,0xab782bc7d4a2b306825de5a7730034f8f63ee1bc,cex,-59940.37300918
2026-04-05,0xcffad3200574698b78f32232aa9d63eabd290703,cex,200
2026-04-05,0xdf5e3a1ed0c14a53eee240022301ecb9d267671b,cex,-196246.67990046
2026-04-06,0x0d0707963952f2fba59dd06f2b425ace40b492fe,cex,186598.34601516
2026-04-06,0x33a64dcdfa041befebc9161a3e0c6180cd94fa89,cex,-3057.88557855
2026-04-06,0x377b8ce04761754e8ac153b47805a9cf6b190873,cex,402.85978525
2026-04-06,0x52c77b0cb827afbad022e6d6caf2c44452edbc39,lp,-133061.58067604
2026-04-06,0x651641299c7ec0aa44ad7ed9b7e12702fed2022f,cex,56035.40676545
2026-04-06,0x73d8bd54f7cf5fab43fe4ef40a62d390644946db,cex,-52189.66097789
2026-04-06,0x9642b23ed1e01df1092b92641051881a322f5d4e,cex,-60275.59014
2026-04-06,0x9b0c45d46d386cedd98873168c36efd0dcba8d46,cex,125492.33
2026-04-06,0xa9d1e08c7793af67e9d92fe308d5697fb81d3e43,cex,-31000.07648205
2026-04-06,0xab782bc7d4a2b306825de5a7730034f8f63ee1bc,cex,-44630.969
2026-04-06,0xcc282e2004428939ee5149a9e7872f0b4d5d5ec7,cex,-250787.12911
2026-04-06,0xcffad3200574698b78f32232aa9d63eabd290703,cex,100
2026-04-06,0xd2dd7b597fd2435b6db61ddf48544fd931e6869f,cex,-104879.58629
2026-04-06,0xdc154fcee1babb560e8528c3a7791527f01423df,custody,13278.07807
2026-04-06,0xdf5e3a1ed0c14a53eee240022301ecb9d267671b,cex,43899.02635993
2026-04-07,0x0d0707963952f2fba59dd06f2b425ace40b492fe,cex,230027.374017
2026-04-07,0x15da7556d5ed888306839bed06f868aeaedcb0d7,cex,-363473
2026-04-07,0x33a64dcdfa041befebc9161a3e0c6180cd94fa89,cex,-1013.57210561
2026-04-07,0x52c77b0cb827afbad022e6d6caf2c44452edbc39,lp,-594697.96170325
2026-04-07,0x651641299c7ec0aa44ad7ed9b7e12702fed2022f,cex,586574.16282102
2026-04-07,0x73d8bd54f7cf5fab43fe4ef40a62d390644946db,cex,-15266.21094907
2026-04-07,0x93228d328c9c74c2bfe9f97638bbb5ef322f2bd5,cex,-51677.29432563
2026-04-07,0x9642b23ed1e01df1092b92641051881a322f5d4e,cex,-55099.889
2026-04-07,0x9b0c45d46d386cedd98873168c36efd0dcba8d46,cex,3149
2026-04-07,0xa9d1e08c7793af67e9d92fe308d5697fb81d3e43,cex,217155.05204419
2026-04-07,0xab782bc7d4a2b306825de5a7730034f8f63ee1bc,cex,26141.783
2026-04-07,0xcc282e2004428939ee5149a9e7872f0b4d5d5ec7,cex,36.25665
2026-04-07,0xdf5e3a1ed0c14a53eee240022301ecb9d267671b,cex,-508156.20405481
2026-04-08,0x0529ea5885702715e83923c59746ae8734c553b7,cex,461631.632
2026-04-08,0x0d0707963952f2fba59dd06f2b425ace40b492fe,cex,17660.47957723
2026-04-08,0x33a64dcdfa041befebc9161a3e0c6180cd94fa89,cex,-6984.61969917
2026-04-08,0x52c77b0cb827afbad022e6d6caf2c44452edbc39,lp,382236.81699839
2026-04-08,0x651641299c7ec0aa44ad7ed9b7e12702fed2022f,cex,472665.2358752
2026-04-08,0x73d8bd54f7cf5fab43fe4ef40a62d390644946db,cex,-741.84413484
2026-04-08,0x7dafba1d69f6c01ae7567ffd7b046ca03b706f83,cex,-106723.57442
2026-04-08,0x93228d328c9c74c2bfe9f97638bbb5ef322f2bd5,cex,6.56262292
2026-04-08,0x9642b23ed1e01df1092b92641051881a322f5d4e,cex,-4.964929
2026-04-08,0xa9d1e08c7793af67e9d92fe308d5697fb81d3e43,cex,-415847.80297287
2026-04-08,0xab782bc7d4a2b306825de5a7730034f8f63ee1bc,cex,-244891.148
2026-04-08,0xcc282e2004428939ee5149a9e7872f0b4d5d5ec7,cex,3.2195
2026-04-08,0xd2dd7b597fd2435b6db61ddf48544fd931e6869f,cex,-1297261.2146
2026-04-08,0xdf5e3a1ed0c14a53eee240022301ecb9d267671b,cex,768523.46117454
2026-04-09,0x0d0707963952f2fba59dd06f2b425ace40b492fe,cex,-150571.0293699
2026-04-09,0x33a64dcdfa041befebc9161a3e0c6180cd94fa89,cex,2212.18265304
2026-04-09,0x52c77b0cb827afbad022e6d6caf2c44452edbc39,lp,-240896.34879513
2026-04-09,0x651641299c7ec0aa44ad7ed9b7e12702fed2022f,cex,691158.71554926
2026-04-09,0x73d8bd54f7cf5fab43fe4ef40a62d390644946db,cex,191650.76108235
2026-04-09,0x9642b23ed1e01df1092b92641051881a322f5d4e,cex,575.42780993
2026-04-09,0xa9d1e08c7793af67e9d92fe308d5697fb81d3e43,cex,-288751.58196064
2026-04-09,0xab782bc7d4a2b306825de5a7730034f8f63ee1bc,cex,-27025.6
2026-04-09,0xcc282e2004428939ee5149a9e7872f0b4d5d5ec7,cex,6.81756
2026-04-09,0xcffad3200574698b78f32232aa9d63eabd290703,cex,-9876
2026-04-09,0xd2dd7b597fd2435b6db61ddf48544fd931e6869f,cex,-93669.83312
2026-04-09,0xdc154fcee1babb560e8528c3a7791527f01423df,custody,67326.87886
2026-04-09,0xdf5e3a1ed0c14a53eee240022301ecb9d267671b,cex,288732.14308069
2026-04-10,0x0529ea5885702715e83923c59746ae8734c553b7,cex,36797.96501267
2026-04-10,0x0d0707963952f2fba59dd06f2b425ace40b492fe,cex,-109449.50043547
2026-04-10,0x33a64dcdfa041befebc9161a3e0c6180cd94fa89,cex,-1298.2911253
2026-04-10,0x52c77b0cb827afbad022e6d6caf2c44452edbc39,lp,-367165.69900362
2026-04-10,0x651641299c7ec0aa44ad7ed9b7e12702fed2022f,cex,-270512.15315583
2026-04-10,0x73d8bd54f7cf5fab43fe4ef40a62d390644946db,cex,-104362.11174836
2026-04-10,0x91dca37856240e5e1906222ec79278b16420dc92,cex,3423.78
2026-04-10,0x9642b23ed1e01df1092b92641051881a322f5d4e,cex,1060.21633748
2026-04-10,0xa9d1e08c7793af67e9d92fe308d5697fb81d3e43,cex,-24017.842986
2026-04-10,0xab782bc7d4a2b306825de5a7730034f8f63ee1bc,cex,43219.777
2026-04-10,0xcc282e2004428939ee5149a9e7872f0b4d5d5ec7,cex,-49983.56745
2026-04-10,0xcffad3200574698b78f32232aa9d63eabd290703,cex,800
2026-04-10,0xd2dd7b597fd2435b6db61ddf48544fd931e6869f,cex,-66007.98636
2026-04-10,0xdc154fcee1babb560e8528c3a7791527f01423df,custody,30803.16387
2026-04-10,0xdf5e3a1ed0c14a53eee240022301ecb9d267671b,cex,238146.02717674
2026-04-11,0x0d0707963952f2fba59dd06f2b425ace40b492fe,cex,-121865.69752389
2026-04-11,0x33a64dcdfa041befebc9161a3e0c6180cd94fa89,cex,-989.50141643
2026-04-11,0x52c77b0cb827afbad022e6d6caf2c44452edbc39,lp,106103.85762722
2026-04-11,0x651641299c7ec0aa44ad7ed9b7e12702fed2022f,cex,4798.52519015
2026-04-11,0x73d8bd54f7cf5fab43fe4ef40a62d390644946db,cex,-9661.08112924
2026-04-11,0x91dca37856240e5e1906222ec79278b16420dc92,cex,-120801
2026-04-11,0x93228d328c9c74c2bfe9f97638bbb5ef322f2bd5,cex,-44277.03
2026-04-11,0x9642b23ed1e01df1092b92641051881a322f5d4e,cex,-1244.13240609
2026-04-11,0xa9d1e08c7793af67e9d92fe308d5697fb81d3e43,cex,504193.92639618
2026-04-11,0xab782bc7d4a2b306825de5a7730034f8f63ee1bc,cex,-80599.15895204
2026-04-11,0xdf5e3a1ed0c14a53eee240022301ecb9d267671b,cex,38511.80517418
2026-04-12,0x0529ea5885702715e83923c59746ae8734c553b7,cex,22686.03646
2026-04-12,0x0d0707963952f2fba59dd06f2b425ace40b492fe,cex,60265.72690496
2026-04-12,0x33a64dcdfa041befebc9161a3e0c6180cd94fa89,cex,-5010
2026-04-12,0x52c77b0cb827afbad022e6d6caf2c44452edbc39,lp,407151.28314003
2026-04-12,0x651641299c7ec0aa44ad7ed9b7e12702fed2022f,cex,151226.5814334
2026-04-12,0x73d8bd54f7cf5fab43fe4ef40a62d390644946db,cex,-18065.96190666
2026-04-12,0x9642b23ed1e01df1092b92641051881a322f5d4e,cex,-3694.42633748
2026-04-12,0xa023f08c70a23abc7edfc5b6b5e171d78dfc947e,cex,1020.02325971
2026-04-12,0xa9d1e08c7793af67e9d92fe308d5697fb81d3e43,cex,-245675.03980008
2026-04-12,0xab782bc7d4a2b306825de5a7730034f8f63ee1bc,cex,-212745.35530963
2026-04-12,0xcffad3200574698b78f32232aa9d63eabd290703,cex,411
2026-04-12,0xdf5e3a1ed0c14a53eee240022301ecb9d267671b,cex,78231.07744435
2026-04-13,0x0529ea5885702715e83923c59746ae8734c553b7,cex,-38535.78427
2026-04-13,0x0d0707963952f2fba59dd06f2b425ace40b492fe,cex,53470.51280921
2026-04-13,0x33a64dcdfa041befebc9161a3e0c6180cd94fa89,cex,4295.11315117
2026-04-13,0x52c77b0cb827afbad022e6d6caf2c44452edbc39,lp,-112596.94529945
2026-04-13,0x651641299c7ec0aa44ad7ed9b7e12702fed2022f,cex,-387177.59767831
2026-04-13,0x73d8bd54f7cf5fab43fe4ef40a62d390644946db,cex,-2744.70359661
2026-04-13,0x93228d328c9c74c2bfe9f97638bbb5ef322f2bd5,cex,59884.07299
2026-04-13,0x9642b23ed1e01df1092b92641051881a322f5d4e,cex,-68911.12809718
2026-04-13,0x9b0c45d46d386cedd98873168c36efd0dcba8d46,cex,344238.051
2026-04-13,0xa9d1e08c7793af67e9d92fe308d5697fb81d3e43,cex,342945.63735782
2026-04-13,0xab782bc7d4a2b306825de5a7730034f8f63ee1bc,cex,283317.99370721
2026-04-13,0xb0a3a2b60e969afd26561429aa4c1444c57e4411,cex,-230000
2026-04-13,0xcc282e2004428939ee5149a9e7872f0b4d5d5ec7,cex,83115.31192
2026-04-13,0xd2dd7b597fd2435b6db61ddf48544fd931e6869f,cex,39441.64852
2026-04-13,0xdf5e3a1ed0c14a53eee240022301ecb9d267671b,cex,-226384.7554702
2026-04-14,0x0d0707963952f2fba59dd06f2b425ace40b492fe,cex,-82927.7462495
2026-04-14,0x15da7556d5ed888306839bed06f868aeaedcb0d7,cex,-842052
2026-04-14,0x33a64dcdfa041befebc9161a3e0c6180cd94fa89,cex,-244.99601747
2026-04-14,0x377b8ce04761754e8ac153b47805a9cf6b190873,cex,1297.74388476
2026-04-14,0x52c77b0cb827afbad022e6d6caf2c44452edbc39,lp,148664.56750191
2026-04-14,0x651641299c7ec0aa44ad7ed9b7e12702fed2022f,cex,81231.38667831
2026-04-14,0x73d8bd54f7cf5fab43fe4ef40a62d390644946db,cex,15873.91222453
2026-04-14,0x93228d328c9c74c2bfe9f97638bbb5ef322f2bd5,cex,4918.94321918
2026-04-14,0x9642b23ed1e01df1092b92641051881a322f5d4e,cex,-228426.41
2026-04-14,0x9b0c45d46d386cedd98873168c36efd0dcba8d46,cex,842052
2026-04-14,0xa023f08c70a23abc7edfc5b6b5e171d78dfc947e,cex,879.93186739
2026-04-14,0xa9d1e08c7793af67e9d92fe308d5697fb81d3e43,cex,-266301.81814051
2026-04-14,0xab782bc7d4a2b306825de5a7730034f8f63ee1bc,cex,60936.25254764
2026-04-14,0xcc282e2004428939ee5149a9e7872f0b4d5d5ec7,cex,8.50694
2026-04-14,0xcffad3200574698b78f32232aa9d63eabd290703,cex,210.47837
2026-04-14,0xd2dd7b597fd2435b6db61ddf48544fd931e6869f,cex,62646.44008
2026-04-14,0xdf5e3a1ed0c14a53eee240022301ecb9d267671b,cex,544320.57549709
2026-04-15,0x0d0707963952f2fba59dd06f2b425ace40b492fe,cex,-10248.48482797
2026-04-15,0x15da7556d5ed888306839bed06f868aeaedcb0d7,cex,441883
2026-04-15,0x33a64dcdfa041befebc9161a3e0c6180cd94fa89,cex,799.06132277
2026-04-15,0x52c77b0cb827afbad022e6d6caf2c44452edbc39,lp,-344886.81435081
2026-04-15,0x651641299c7ec0aa44ad7ed9b7e12702fed2022f,cex,-275652.07591103
2026-04-15,0x73d8bd54f7cf5fab43fe4ef40a62d390644946db,cex,166.04415661
2026-04-15,0x7dafba1d69f6c01ae7567ffd7b046ca03b706f83,cex,-35537.59815
2026-04-15,0x9642b23ed1e01df1092b92641051881a322f5d4e,cex,3949.30424317
2026-04-15,0x9b0c45d46d386cedd98873168c36efd0dcba8d46,cex,-441883
2026-04-15,0xa9d1e08c7793af67e9d92fe308d5697fb81d3e43,cex,213796.618411
2026-04-15,0xab782bc7d4a2b306825de5a7730034f8f63ee1bc,cex,-22511.55601118
2026-04-15,0xcc282e2004428939ee5149a9e7872f0b4d5d5ec7,cex,12.41931
2026-04-15,0xcffad3200574698b78f32232aa9d63eabd290703,cex,-95877
2026-04-15,0xd2dd7b597fd2435b6db61ddf48544fd931e6869f,cex,514372.76115
2026-04-15,0xdf5e3a1ed0c14a53eee240022301ecb9d267671b,cex,-485243.9689886
2026-04-16,0x0529ea5885702715e83923c59746ae8734c553b7,cex,-37266.189141
2026-04-16,0x0d0707963952f2fba59dd06f2b425ace40b492fe,cex,204408.3962158
2026-04-16,0x15da7556d5ed888306839bed06f868aeaedcb0d7,cex,-303184
2026-04-16,0x33a64dcdfa041befebc9161a3e0c6180cd94fa89,cex,-2104
2026-04-16,0x377b8ce04761754e8ac153b47805a9cf6b190873,cex,11512.29835077
2026-04-16,0x52c77b0cb827afbad022e6d6caf2c44452edbc39,lp,-455989.47725578
2026-04-16,0x548054687ef6c56c6d82e8269e5fd93d8b88fcb2,cex,112582.578235
2026-04-16,0x651641299c7ec0aa44ad7ed9b7e12702fed2022f,cex,-192220.09396861
2026-04-16,0x73d8bd54f7cf5fab43fe4ef40a62d390644946db,cex,9823.19262165
2026-04-16,0x9642b23ed1e01df1092b92641051881a322f5d4e,cex,-11555.42624688
2026-04-16,0x9b0c45d46d386cedd98873168c36efd0dcba8d46,cex,608511.507
2026-04-16,0xa9d1e08c7793af67e9d92fe308d5697fb81d3e43,cex,-135000.03264502
2026-04-16,0xab782bc7d4a2b306825de5a7730034f8f63ee1bc,cex,45761.64048564
2026-04-16,0xcc282e2004428939ee5149a9e7872f0b4d5d5ec7,cex,26.17969
2026-04-16,0xcffad3200574698b78f32232aa9d63eabd290703,cex,923.8821
2026-04-16,0xd2dd7b597fd2435b6db61ddf48544fd931e6869f,cex,-31870.18749
2026-04-16,0xdc154fcee1babb560e8528c3a7791527f01423df,custody,14680.86696
2026-04-16,0xdf5e3a1ed0c14a53eee240022301ecb9d267671b,cex,198325.54014222
2026-04-17,0x0d0707963952f2fba59dd06f2b425ace40b492fe,cex,46292.93845842
2026-04-17,0x33a64dcdfa041befebc9161a3e0c6180cd94fa89,cex,-1597.04057565
2026-04-17,0x377b8ce04761754e8ac153b47805a9cf6b190873,cex,5011.03552202
2026-04-17,0x52c77b0cb827afbad022e6d6caf2c44452edbc39,lp,-82249.78679674
2026-04-17,0x651641299c7ec0aa44ad7ed9b7e12702fed2022f,cex,-212601.02420922
2026-04-17,0x73d8bd54f7cf5fab43fe4ef40a62d390644946db,cex,1539.72475831
2026-04-17,0x9642b23ed1e01df1092b92641051881a322f5d4e,cex,-83349.27899447
2026-04-17,0xa023f08c70a23abc7edfc5b6b5e171d78dfc947e,cex,496.404
2026-04-17,0xa9d1e08c7793af67e9d92fe308d5697fb81d3e43,cex,-293894.3595644
2026-04-17,0xab782bc7d4a2b306825de5a7730034f8f63ee1bc,cex,18148.2071705
2026-04-17,0xcc282e2004428939ee5149a9e7872f0b4d5d5ec7,cex,21.35154
2026-04-17,0xd2dd7b597fd2435b6db61ddf48544fd931e6869f,cex,435020.34318
2026-04-17,0xdf5e3a1ed0c14a53eee240022301ecb9d267671b,cex,43843.57712096
2026-04-18,0x0d0707963952f2fba59dd06f2b425ace40b492fe,cex,22959.24176917
2026-04-18,0x52c77b0cb827afbad022e6d6caf2c44452edbc39,lp,403520.68543335
2026-04-18,0x651641299c7ec0aa44ad7ed9b7e12702fed2022f,cex,-41598.82754965
2026-04-18,0x73d8bd54f7cf5fab43fe4ef40a62d390644946db,cex,153755.03722964
2026-04-18,0x93228d328c9c74c2bfe9f97638bbb5ef322f2bd5,cex,3045.74123082
2026-04-18,0x9642b23ed1e01df1092b92641051881a322f5d4e,cex,2055.99356302
2026-04-18,0xa9d1e08c7793af67e9d92fe308d5697fb81d3e43,cex,131459.94836727
2026-04-18,0xab782bc7d4a2b306825de5a7730034f8f63ee1bc,cex,-227558.2
2026-04-18,0xdf5e3a1ed0c14a53eee240022301ecb9d267671b,cex,-92904.78376636
2026-04-19,0x0d0707963952f2fba59dd06f2b425ace40b492fe,cex,-75797.2
2026-04-19,0x52c77b0cb827afbad022e6d6caf2c44452edbc39,lp,452491.60534396
2026-04-19,0x651641299c7ec0aa44ad7ed9b7e12702fed2022f,cex,-437962.88986889
2026-04-19,0x73d8bd54f7cf5fab43fe4ef40a62d390644946db,cex,-90156.23287053
2026-04-19,0x93228d328c9c74c2bfe9f97638bbb5ef322f2bd5,cex,3608.28
2026-04-19,0x9642b23ed1e01df1092b92641051881a322f5d4e,cex,29377.7794813
2026-04-19,0xa9d1e08c7793af67e9d92fe308d5697fb81d3e43,cex,243383.68343537
2026-04-19,0xab782bc7d4a2b306825de5a7730034f8f63ee1bc,cex,16267.923
2026-04-19,0xdf5e3a1ed0c14a53eee240022301ecb9d267671b,cex,22685.57025882
2026-04-20,0x0d0707963952f2fba59dd06f2b425ace40b492fe,cex,348414.3151784
2026-04-20,0x52c77b0cb827afbad022e6d6caf2c44452edbc39,lp,-301606.26332699
2026-04-20,0x548054687ef6c56c6d82e8269e5fd93d8b88fcb2,cex,-110000
2026-04-20,0x651641299c7ec0aa44ad7ed9b7e12702fed2022f,cex,644949.78810678
2026-04-20,0x73d8bd54f7cf5fab43fe4ef40a62d390644946db,cex,-4061.99959432
2026-04-20,0x93228d328c9c74c2bfe9f97638bbb5ef322f2bd5,cex,85
2026-04-20,0x9642b23ed1e01df1092b92641051881a322f5d4e,cex,-38937.52217977
2026-04-20,0xa9d1e08c7793af67e9d92fe308d5697fb81d3e43,cex,-428070.97156991
2026-04-20,0xab782bc7d4a2b306825de5a7730034f8f63ee1bc,cex,12658.02562338
2026-04-20,0xcffad3200574698b78f32232aa9d63eabd290703,cex,1400
2026-04-20,0xd2dd7b597fd2435b6db61ddf48544fd931e6869f,cex,131280.51786
2026-04-20,0xdf5e3a1ed0c14a53eee240022301ecb9d267671b,cex,-101048.08107845
2026-04-21,0x0d0707963952f2fba59dd06f2b425ace40b492fe,cex,-278384.0121531
2026-04-21,0x33a64dcdfa041befebc9161a3e0c6180cd94fa89,cex,-20
2026-04-21,0x377b8ce04761754e8ac153b47805a9cf6b190873,cex,965.43478284
2026-04-21,0x52c77b0cb827afbad022e6d6caf2c44452edbc39,lp,-243444.82746054
2026-04-21,0x548054687ef6c56c6d82e8269e5fd93d8b88fcb2,cex,109766.68062944
2026-04-21,0x651641299c7ec0aa44ad7ed9b7e12702fed2022f,cex,666052.86540667
2026-04-21,0x73d8bd54f7cf5fab43fe4ef40a62d390644946db,cex,-6889.81535167
2026-04-21,0x93228d328c9c74c2bfe9f97638bbb5ef322f2bd5,cex,-56522.05
2026-04-21,0x9642b23ed1e01df1092b92641051881a322f5d4e,cex,-67700.39062615
2026-04-21,0x9b0c45d46d386cedd98873168c36efd0dcba8d46,cex,-294406
2026-04-21,0xa9d1e08c7793af67e9d92fe308d5697fb81d3e43,cex,54267.08353452
2026-04-21,0xab782bc7d4a2b306825de5a7730034f8f63ee1bc,cex,272404.22579
2026-04-21,0xd2dd7b597fd2435b6db61ddf48544fd931e6869f,cex,51486.38017
2026-04-21,0xdf5e3a1ed0c14a53eee240022301ecb9d267671b,cex,-10048.93425597
2026-04-22,0x0d0707963952f2fba59dd06f2b425ace40b492fe,cex,-284896.74833003
2026-04-22,0x33a64dcdfa041befebc9161a3e0c6180cd94fa89,cex,-2067.22607306
2026-04-22,0x377b8ce04761754e8ac153b47805a9cf6b190873,cex,559.41482853
2026-04-22,0x52c77b0cb827afbad022e6d6caf2c44452edbc39,lp,-784824.52300305
2026-04-22,0x651641299c7ec0aa44ad7ed9b7e12702fed2022f,cex,1019635.75290625
2026-04-22,0x73d8bd54f7cf5fab43fe4ef40a62d390644946db,cex,230239.99508267
2026-04-22,0x7dafba1d69f6c01ae7567ffd7b046ca03b706f83,cex,95766.23999
2026-04-22,0x93228d328c9c74c2bfe9f97638bbb5ef322f2bd5,cex,291.837005
2026-04-22,0x9642b23ed1e01df1092b92641051881a322f5d4e,cex,-617.09804409
2026-04-22,0xa9d1e08c7793af67e9d92fe308d5697fb81d3e43,cex,2802.00381139
2026-04-22,0xab782bc7d4a2b306825de5a7730034f8f63ee1bc,cex,-490963.41120149
2026-04-22,0xcffad3200574698b78f32232aa9d63eabd290703,cex,-12968
2026-04-22,0xd2dd7b597fd2435b6db61ddf48544fd931e6869f,cex,52954.44648
2026-04-22,0xdf5e3a1ed0c14a53eee240022301ecb9d267671b,cex,-608907.79341477
2026-04-23,0x0d0707963952f2fba59dd06f2b425ace40b492fe,cex,-441955.29419636
2026-04-23,0x33a64dcdfa041befebc9161a3e0c6180cd94fa89,cex,180.74509121
2026-04-23,0x52c77b0cb827afbad022e6d6caf2c44452edbc39,lp,-192744.31527778
2026-04-23,0x651641299c7ec0aa44ad7ed9b7e12702fed2022f,cex,12855.69677886
2026-04-23,0x73d8bd54f7cf5fab43fe4ef40a62d390644946db,cex,2180.71957639
2026-04-23,0x93228d328c9c74c2bfe9f97638bbb5ef322f2bd5,cex,3025.19
2026-04-23,0x9642b23ed1e01df1092b92641051881a322f5d4e,cex,-11983.81191112
2026-04-23,0xa9d1e08c7793af67e9d92fe308d5697fb81d3e43,cex,48697.79756088
2026-04-23,0xab782bc7d4a2b306825de5a7730034f8f63ee1bc,cex,374412.94434457
2026-04-23,0xb0a3a2b60e969afd26561429aa4c1444c57e4411,cex,-400000
2026-04-23,0xcffad3200574698b78f32232aa9d63eabd290703,cex,250823.92
2026-04-23,0xd2dd7b597fd2435b6db61ddf48544fd931e6869f,cex,72454.5051
2026-04-23,0xdf5e3a1ed0c14a53eee240022301ecb9d267671b,cex,-414944.75773267
2026-04-24,0x0529ea5885702715e83923c59746ae8734c553b7,cex,1294381.09730513
2026-04-24,0x0d0707963952f2fba59dd06f2b425ace40b492fe,cex,-103051.84
2026-04-24,0x33a64dcdfa041befebc9161a3e0c6180cd94fa89,cex,-40202.82734596
2026-04-24,0x377b8ce04761754e8ac153b47805a9cf6b190873,cex,14974.91590273
2026-04-24,0x52c77b0cb827afbad022e6d6caf2c44452edbc39,lp,218350.86783005
2026-04-24,0x651641299c7ec0aa44ad7ed9b7e12702fed2022f,cex,-1332172.70321861
2026-04-24,0x73d8bd54f7cf5fab43fe4ef40a62d390644946db,cex,-3643.69384318
2026-04-24,0x91dca37856240e5e1906222ec79278b16420dc92,cex,-30876
2026-04-24,0x93228d328c9c74c2bfe9f97638bbb5ef322f2bd5,cex,-82372.0191042
2026-04-24,0x9642b23ed1e01df1092b92641051881a322f5d4e,cex,341.24914511
2026-04-24,0x9b0c45d46d386cedd98873168c36efd0dcba8d46,cex,-339759
2026-04-24,0xa9d1e08c7793af67e9d92fe308d5697fb81d3e43,cex,195429.54135345
2026-04-24,0xab782bc7d4a2b306825de5a7730034f8f63ee1bc,cex,23934.51095174
2026-04-24,0xb0a3a2b60e969afd26561429aa4c1444c57e4411,cex,-1300000
2026-04-24,0xd2dd7b597fd2435b6db61ddf48544fd931e6869f,cex,-296267.36464
2026-04-24,0xdf5e3a1ed0c14a53eee240022301ecb9d267671b,cex,494406.24464363
2026-04-25,0x33a64dcdfa041befebc9161a3e0c6180cd94fa89,cex,-135
2026-04-25,0x52c77b0cb827afbad022e6d6caf2c44452edbc39,lp,141452.87561165
2026-04-25,0x651641299c7ec0aa44ad7ed9b7e12702fed2022f,cex,17735.68587917
2026-04-25,0x73d8bd54f7cf5fab43fe4ef40a62d390644946db,cex,-3588.70540816
2026-04-25,0x93228d328c9c74c2bfe9f97638bbb5ef322f2bd5,cex,-2842.1163
2026-04-25,0x9642b23ed1e01df1092b92641051881a322f5d4e,cex,-11648.32420466
2026-04-25,0xa9d1e08c7793af67e9d92fe308d5697fb81d3e43,cex,-72562.84201951
2026-04-25,0xab782bc7d4a2b306825de5a7730034f8f63ee1bc,cex,-301.05091054
2026-04-25,0xcffad3200574698b78f32232aa9d63eabd290703,cex,20
2026-04-25,0xdf5e3a1ed0c14a53eee240022301ecb9d267671b,cex,-113362.77026
2026-04-26,0x0d0707963952f2fba59dd06f2b425ace40b492fe,cex,-5752.05
2026-04-26,0x33a64dcdfa041befebc9161a3e0c6180cd94fa89,cex,40146.86947732
2026-04-26,0x377b8ce04761754e8ac153b47805a9cf6b190873,cex,1433
2026-04-26,0x52c77b0cb827afbad022e6d6caf2c44452edbc39,lp,-105620.73991606
2026-04-26,0x651641299c7ec0aa44ad7ed9b7e12702fed2022f,cex,-469714.67331103
2026-04-26,0x73d8bd54f7cf5fab43fe4ef40a62d390644946db,cex,5265.88301144
2026-04-26,0x9642b23ed1e01df1092b92641051881a322f5d4e,cex,3269.99157823
2026-04-26,0xa9d1e08c7793af67e9d92fe308d5697fb81d3e43,cex,15935.72602605
2026-04-26,0xab782bc7d4a2b306825de5a7730034f8f63ee1bc,cex,4459.326
2026-04-26,0xdf5e3a1ed0c14a53eee240022301ecb9d267671b,cex,-75612.75023165
2026-04-27,0x0d0707963952f2fba59dd06f2b425ace40b492fe,cex,-181012.33148679
2026-04-27,0x52c77b0cb827afbad022e6d6caf2c44452edbc39,lp,-12459.56297246
2026-04-27,0x651641299c7ec0aa44ad7ed9b7e12702fed2022f,cex,-21458.91160271
2026-04-27,0x73d8bd54f7cf5fab43fe4ef40a62d390644946db,cex,-494.16887107
2026-04-27,0x93228d328c9c74c2bfe9f97638bbb5ef322f2bd5,cex,-10
2026-04-27,0x9642b23ed1e01df1092b92641051881a322f5d4e,cex,98460.90775417
2026-04-27,0x9b0c45d46d386cedd98873168c36efd0dcba8d46,cex,485739.387
2026-04-27,0xa9d1e08c7793af67e9d92fe308d5697fb81d3e43,cex,-471112.83366843
2026-04-27,0xab782bc7d4a2b306825de5a7730034f8f63ee1bc,cex,-29912.5884449
2026-04-27,0xcffad3200574698b78f32232aa9d63eabd290703,cex,-85000
2026-04-27,0xd2dd7b597fd2435b6db61ddf48544fd931e6869f,cex,-223797.6285
2026-04-27,0xdf5e3a1ed0c14a53eee240022301ecb9d267671b,cex,158246.2070695
2026-04-28,0x0d0707963952f2fba59dd06f2b425ace40b492fe,cex,68483.05241027
2026-04-28,0x52c77b0cb827afbad022e6d6caf2c44452edbc39,lp,235650.626569
2026-04-28,0x651641299c7ec0aa44ad7ed9b7e12702fed2022f,cex,23339.96768114
2026-04-28,0x73d8bd54f7cf5fab43fe4ef40a62d390644946db,cex,-3069.48410867
2026-04-28,0x93228d328c9c74c2bfe9f97638bbb5ef322f2bd5,cex,-726.96116336
2026-04-28,0x9642b23ed1e01df1092b92641051881a322f5d4e,cex,85740
2026-04-28,0xa9d1e08c7793af67e9d92fe308d5697fb81d3e43,cex,488064.35215932
2026-04-28,0xab782bc7d4a2b306825de5a7730034f8f63ee1bc,cex,33383.369
2026-04-28,0xd2dd7b597fd2435b6db61ddf48544fd931e6869f,cex,43943.35551
2026-04-28,0xdf5e3a1ed0c14a53eee240022301ecb9d267671b,cex,-299468.85699577
2026-04-29,0x0d0707963952f2fba59dd06f2b425ace40b492fe,cex,-431847.21291514
2026-04-29,0x33a64dcdfa041befebc9161a3e0c6180cd94fa89,cex,-998
2026-04-29,0x52c77b0cb827afbad022e6d6caf2c44452edbc39,lp,-315580.54807188
2026-04-29,0x651641299c7ec0aa44ad7ed9b7e12702fed2022f,cex,-205274.70441218
2026-04-29,0x73d8bd54f7cf5fab43fe4ef40a62d390644946db,cex,44750.52937622
2026-04-29,0x7dafba1d69f6c01ae7567ffd7b046ca03b706f83,cex,-335270.34068
2026-04-29,0x9642b23ed1e01df1092b92641051881a322f5d4e,cex,21.4
2026-04-29,0x9b0c45d46d386cedd98873168c36efd0dcba8d46,cex,206491.472
2026-04-29,0xa9d1e08c7793af67e9d92fe308d5697fb81d3e43,cex,83845.2340062
2026-04-29,0xab782bc7d4a2b306825de5a7730034f8f63ee1bc,cex,644129.261241
2026-04-29,0xb0a3a2b60e969afd26561429aa4c1444c57e4411,cex,-700000
2026-04-29,0xcffad3200574698b78f32232aa9d63eabd290703,cex,2195.1718136
2026-04-29,0xd2dd7b597fd2435b6db61ddf48544fd931e6869f,cex,-463735.43153
2026-04-29,0xdf5e3a1ed0c14a53eee240022301ecb9d267671b,cex,881383.70914604
2026-04-30,0x0d0707963952f2fba59dd06f2b425ace40b492fe,cex,140159.4335358
2026-04-30,0x52c77b0cb827afbad022e6d6caf2c44452edbc39,lp,272195.26292054
2026-04-30,0x651641299c7ec0aa44ad7ed9b7e12702fed2022f,cex,79297.25956144
2026-04-30,0x73d8bd54f7cf5fab43fe4ef40a62d390644946db,cex,-8237.17061201
2026-04-30,0x9642b23ed1e01df1092b92641051881a322f5d4e,cex,67616.7393214
2026-04-30,0xa9d1e08c7793af67e9d92fe308d5697fb81d3e43,cex,-218478.70309295
2026-04-30,0xab782bc7d4a2b306825de5a7730034f8f63ee1bc,cex,-6522.34499676
2026-04-30,0xd2dd7b597fd2435b6db61ddf48544fd931e6869f,cex,-20805.2631
2026-04-30,0xdf5e3a1ed0c14a53eee240022301ecb9d267671b,cex,-35548.39657755
2026-05-01,0x0d0707963952f2fba59dd06f2b425ace40b492fe,cex,-140342.70268869
2026-05-01,0x33a64dcdfa041befebc9161a3e0c6180cd94fa89,cex,-117378.43025143
2026-05-01,0x52c77b0cb827afbad022e6d6caf2c44452edbc39,lp,-93807.14451661
2026-05-01,0x651641299c7ec0aa44ad7ed9b7e12702fed2022f,cex,-187196.47744157
2026-05-01,0x73d8bd54f7cf5fab43fe4ef40a62d390644946db,cex,-4423.11856625
2026-05-01,0x93228d328c9c74c2bfe9f97638bbb5ef322f2bd5,cex,40358.0774166
2026-05-01,0x9642b23ed1e01df1092b92641051881a322f5d4e,cex,48904.568432
2026-05-01,0x9b0c45d46d386cedd98873168c36efd0dcba8d46,cex,473755.441
2026-05-01,0xa9d1e08c7793af67e9d92fe308d5697fb81d3e43,cex,-116128.98273975
2026-05-01,0xab782bc7d4a2b306825de5a7730034f8f63ee1bc,cex,8055.11348622
2026-05-01,0xd2dd7b597fd2435b6db61ddf48544fd931e6869f,cex,22239.35549
2026-05-01,0xdf5e3a1ed0c14a53eee240022301ecb9d267671b,cex,47822.0763128
2026-05-02,0x0d0707963952f2fba59dd06f2b425ace40b492fe,cex,-3626.37467
2026-05-02,0x52c77b0cb827afbad022e6d6caf2c44452edbc39,lp,-53589.57785065
2026-05-02,0x651641299c7ec0aa44ad7ed9b7e12702fed2022f,cex,-171318.01145416
2026-05-02,0x73d8bd54f7cf5fab43fe4ef40a62d390644946db,cex,4358.0553132
2026-05-02,0x93228d328c9c74c2bfe9f97638bbb5ef322f2bd5,cex,-8482.140225
2026-05-02,0x9642b23ed1e01df1092b92641051881a322f5d4e,cex,-2265.38738817
2026-05-02,0xa9d1e08c7793af67e9d92fe308d5697fb81d3e43,cex,-46609.6395479
2026-05-02,0xab782bc7d4a2b306825de5a7730034f8f63ee1bc,cex,240469
2026-05-02,0xcffad3200574698b78f32232aa9d63eabd290703,cex,2377.08359093
2026-05-02,0xdf5e3a1ed0c14a53eee240022301ecb9d267671b,cex,14734.19514301
2026-05-03,0x0d0707963952f2fba59dd06f2b425ace40b492fe,cex,-117500.6494653
2026-05-03,0x33a64dcdfa041befebc9161a3e0c6180cd94fa89,cex,458.35959875
2026-05-03,0x52c77b0cb827afbad022e6d6caf2c44452edbc39,lp,165078.40316037
2026-05-03,0x651641299c7ec0aa44ad7ed9b7e12702fed2022f,cex,-355249.49292775
2026-05-03,0x73d8bd54f7cf5fab43fe4ef40a62d390644946db,cex,-812.06747204
2026-05-03,0x93228d328c9c74c2bfe9f97638bbb5ef322f2bd5,cex,41335.92906803
2026-05-03,0x9642b23ed1e01df1092b92641051881a322f5d4e,cex,66537.54027
2026-05-03,0xa9d1e08c7793af67e9d92fe308d5697fb81d3e43,cex,324770.07889632
2026-05-03,0xab782bc7d4a2b306825de5a7730034f8f63ee1bc,cex,3387.83789178
2026-05-03,0xdf5e3a1ed0c14a53eee240022301ecb9d267671b,cex,409287.98255381
2026-05-04,0x0d0707963952f2fba59dd06f2b425ace40b492fe,cex,105537.02814865
2026-05-04,0x33a64dcdfa041befebc9161a3e0c6180cd94fa89,cex,-3688.12119204
2026-05-04,0x52c77b0cb827afbad022e6d6caf2c44452edbc39,lp,-94317.99314109
2026-05-04,0x651641299c7ec0aa44ad7ed9b7e12702fed2022f,cex,633235.14463832
2026-05-04,0x73d8bd54f7cf5fab43fe4ef40a62d390644946db,cex,-170484.06250975
2026-05-04,0x93228d328c9c74c2bfe9f97638bbb5ef322f2bd5,cex,-41007.57
2026-05-04,0x9642b23ed1e01df1092b92641051881a322f5d4e,cex,-110293.44083668
2026-05-04,0xa023f08c70a23abc7edfc5b6b5e171d78dfc947e,cex,-9027.35
2026-05-04,0xa9d1e08c7793af67e9d92fe308d5697fb81d3e43,cex,-140918.47547716
2026-05-04,0xab782bc7d4a2b306825de5a7730034f8f63ee1bc,cex,13644.17118956
2026-05-04,0xcffad3200574698b78f32232aa9d63eabd290703,cex,-4730.9
2026-05-04,0xd2dd7b597fd2435b6db61ddf48544fd931e6869f,cex,484604.97152
2026-05-04,0xdc154fcee1babb560e8528c3a7791527f01423df,custody,16055.04128
2026-05-04,0xdf5e3a1ed0c14a53eee240022301ecb9d267671b,cex,-678515.25026987
2026-05-05,0x0d0707963952f2fba59dd06f2b425ace40b492fe,cex,174539.81326282
2026-05-05,0x33a64dcdfa041befebc9161a3e0c6180cd94fa89,cex,-1383.75374551
2026-05-05,0x52c77b0cb827afbad022e6d6caf2c44452edbc39,lp,-225368.74321977
2026-05-05,0x651641299c7ec0aa44ad7ed9b7e12702fed2022f,cex,808342.37110276
2026-05-05,0x73d8bd54f7cf5fab43fe4ef40a62d390644946db,cex,-36151.63518566
2026-05-05,0x9642b23ed1e01df1092b92641051881a322f5d4e,cex,-107389.27783247
2026-05-05,0x9b0c45d46d386cedd98873168c36efd0dcba8d46,cex,-392043.222
2026-05-05,0xa9d1e08c7793af67e9d92fe308d5697fb81d3e43,cex,117011.65082777
2026-05-05,0xab782bc7d4a2b306825de5a7730034f8f63ee1bc,cex,13800.9513985
2026-05-05,0xd2dd7b597fd2435b6db61ddf48544fd931e6869f,cex,-15342.0194
2026-05-05,0xdf5e3a1ed0c14a53eee240022301ecb9d267671b,cex,669806.94084499
2026-05-06,0x0d0707963952f2fba59dd06f2b425ace40b492fe,cex,99344.8017
2026-05-06,0x33a64dcdfa041befebc9161a3e0c6180cd94fa89,cex,-14.05909747
2026-05-06,0x52c77b0cb827afbad022e6d6caf2c44452edbc39,lp,-587664.08488731
2026-05-06,0x651641299c7ec0aa44ad7ed9b7e12702fed2022f,cex,1103557.78227617
2026-05-06,0x73d8bd54f7cf5fab43fe4ef40a62d390644946db,cex,15.70048493
2026-05-06,0x7dafba1d69f6c01ae7567ffd7b046ca03b706f83,cex,-330739.67034
2026-05-06,0x93228d328c9c74c2bfe9f97638bbb5ef322f2bd5,cex,-67337.01074155
2026-05-06,0x9642b23ed1e01df1092b92641051881a322f5d4e,cex,51162.74046065
2026-05-06,0xa9d1e08c7793af67e9d92fe308d5697fb81d3e43,cex,-295680.99019088
2026-05-06,0xab782bc7d4a2b306825de5a7730034f8f63ee1bc,cex,34306.49275813
2026-05-06,0xcc282e2004428939ee5149a9e7872f0b4d5d5ec7,cex,76536.06761
2026-05-06,0xd2dd7b597fd2435b6db61ddf48544fd931e6869f,cex,372862.23142
2026-05-06,0xdf5e3a1ed0c14a53eee240022301ecb9d267671b,cex,-129771.50929028
2026-05-07,0x0d0707963952f2fba59dd06f2b425ace40b492fe,cex,138666.03251166
2026-05-07,0x15da7556d5ed888306839bed06f868aeaedcb0d7,cex,919163
2026-05-07,0x33a64dcdfa041befebc9161a3e0c6180cd94fa89,cex,222
2026-05-07,0x52c77b0cb827afbad022e6d6caf2c44452edbc39,lp,33302.29975203
2026-05-07,0x651641299c7ec0aa44ad7ed9b7e12702fed2022f,cex,-381662.85296383
2026-05-07,0x73d8bd54f7cf5fab43fe4ef40a62d390644946db,cex,1909.62472546
2026-05-07,0x93228d328c9c74c2bfe9f97638bbb5ef322f2bd5,cex,-3025.22
2026-05-07,0x9642b23ed1e01df1092b92641051881a322f5d4e,cex,427.58164647
2026-05-07,0x9b0c45d46d386cedd98873168c36efd0dcba8d46,cex,-34019.015
2026-05-07,0xa9d1e08c7793af67e9d92fe308d5697fb81d3e43,cex,-62896.59604889
2026-05-07,0xab782bc7d4a2b306825de5a7730034f8f63ee1bc,cex,34147.72956039
2026-05-07,0xcc282e2004428939ee5149a9e7872f0b4d5d5ec7,cex,1.24775
2026-05-07,0xcffad3200574698b78f32232aa9d63eabd290703,cex,-125447.06
2026-05-07,0xd2dd7b597fd2435b6db61ddf48544fd931e6869f,cex,-149674.82594
2026-05-07,0xdf5e3a1ed0c14a53eee240022301ecb9d267671b,cex,-402930.68861213
2026-05-08,0x0d0707963952f2fba59dd06f2b425ace40b492fe,cex,87051.1875
2026-05-08,0x15da7556d5ed888306839bed06f868aeaedcb0d7,cex,-372185
2026-05-08,0x33a64dcdfa041befebc9161a3e0c6180cd94fa89,cex,-1300.45939799
2026-05-08,0x52c77b0cb827afbad022e6d6caf2c44452edbc39,lp,-402478.32998857
2026-05-08,0x651641299c7ec0aa44ad7ed9b7e12702fed2022f,cex,-163440.66826836
2026-05-08,0x73d8bd54f7cf5fab43fe4ef40a62d390644946db,cex,8008.73557113
2026-05-08,0x93228d328c9c74c2bfe9f97638bbb5ef322f2bd5,cex,-38871.08
2026-05-08,0x9642b23ed1e01df1092b92641051881a322f5d4e,cex,-8157.13129626
2026-05-08,0x9b0c45d46d386cedd98873168c36efd0dcba8d46,cex,372185
2026-05-08,0xa9d1e08c7793af67e9d92fe308d5697fb81d3e43,cex,28576.62841823
2026-05-08,0xab782bc7d4a2b306825de5a7730034f8f63ee1bc,cex,-278089.29822006
2026-05-08,0xcc282e2004428939ee5149a9e7872f0b4d5d5ec7,cex,6.13454
2026-05-08,0xd2dd7b597fd2435b6db61ddf48544fd931e6869f,cex,-102180.33938
2026-05-08,0xdf5e3a1ed0c14a53eee240022301ecb9d267671b,cex,-47035.604945
2026-05-09,0x0d0707963952f2fba59dd06f2b425ace40b492fe,cex,269881.93512572
2026-05-09,0x52c77b0cb827afbad022e6d6caf2c44452edbc39,lp,-94518.47997182
2026-05-09,0x651641299c7ec0aa44ad7ed9b7e12702fed2022f,cex,152183.8305431
2026-05-09,0x73d8bd54f7cf5fab43fe4ef40a62d390644946db,cex,200868.70062862
2026-05-09,0x91dca37856240e5e1906222ec79278b16420dc92,cex,330.35981591
2026-05-09,0x9642b23ed1e01df1092b92641051881a322f5d4e,cex,751.84630479
2026-05-09,0xa9d1e08c7793af67e9d92fe308d5697fb81d3e43,cex,201672.79023306
2026-05-09,0xab782bc7d4a2b306825de5a7730034f8f63ee1bc,cex,-17480.97726355
2026-05-09,0xdf5e3a1ed0c14a53eee240022301ecb9d267671b,cex,-169006.52687
2026-05-10,0x0d0707963952f2fba59dd06f2b425ace40b492fe,cex,34339.85969893
2026-05-10,0x52c77b0cb827afbad022e6d6caf2c44452edbc39,lp,-232149.74194971
2026-05-10,0x651641299c7ec0aa44ad7ed9b7e12702fed2022f,cex,-92220.74722088
2026-05-10,0x73d8bd54f7cf5fab43fe4ef40a62d390644946db,cex,1334.14220247
2026-05-10,0x9642b23ed1e01df1092b92641051881a322f5d4e,cex,-38632.98727867
2026-05-10,0xa9d1e08c7793af67e9d92fe308d5697fb81d3e43,cex,-204394.21077492
2026-05-10,0xab782bc7d4a2b306825de5a7730034f8f63ee1bc,cex,29456.05942965
2026-05-10,0xdf5e3a1ed0c14a53eee240022301ecb9d267671b,cex,341690.08105613
2026-05-11,0x0d0707963952f2fba59dd06f2b425ace40b492fe,cex,-25541.477
2026-05-11,0x33a64dcdfa041befebc9161a3e0c6180cd94fa89,cex,278
2026-05-11,0x52c77b0cb827afbad022e6d6caf2c44452edbc39,lp,-14692.11809338
2026-05-11,0x651641299c7ec0aa44ad7ed9b7e12702fed2022f,cex,-240096.09408034
2026-05-11,0x73d8bd54f7cf5fab43fe4ef40a62d390644946db,cex,-8597.2470143
2026-05-11,0x93228d328c9c74c2bfe9f97638bbb5ef322f2bd5,cex,60635.28
2026-05-11,0x9642b23ed1e01df1092b92641051881a322f5d4e,cex,-65.99110183
2026-05-11,0x9b0c45d46d386cedd98873168c36efd0dcba8d46,cex,81064.518
2026-05-11,0xa9d1e08c7793af67e9d92fe308d5697fb81d3e43,cex,111454.03406717
2026-05-11,0xab782bc7d4a2b306825de5a7730034f8f63ee1bc,cex,253133.87494794
2026-05-11,0xcc282e2004428939ee5149a9e7872f0b4d5d5ec7,cex,-166140.48294
2026-05-11,0xcffad3200574698b78f32232aa9d63eabd290703,cex,-32783
2026-05-11,0xd2dd7b597fd2435b6db61ddf48544fd931e6869f,cex,232043.101
2026-05-11,0xdf5e3a1ed0c14a53eee240022301ecb9d267671b,cex,-227782.41291904
2026-05-12,0x0d0707963952f2fba59dd06f2b425ace40b492fe,cex,-38310.77179353
2026-05-12,0x52c77b0cb827afbad022e6d6caf2c44452edbc39,lp,303807.18446962
2026-05-12,0x651641299c7ec0aa44ad7ed9b7e12702fed2022f,cex,-523929.41256393
2026-05-12,0x73d8bd54f7cf5fab43fe4ef40a62d390644946db,cex,-29674.58101667
2026-05-12,0x91dca37856240e5e1906222ec79278b16420dc92,cex,1868.1
2026-05-12,0x93228d328c9c74c2bfe9f97638bbb5ef322f2bd5,cex,300
2026-05-12,0x9642b23ed1e01df1092b92641051881a322f5d4e,cex,38523.22287473
2026-05-12,0xa023f08c70a23abc7edfc5b6b5e171d78dfc947e,cex,255.85670847
2026-05-12,0xa9d1e08c7793af67e9d92fe308d5697fb81d3e43,cex,2608.10960122
2026-05-12,0xab782bc7d4a2b306825de5a7730034f8f63ee1bc,cex,44645.80203103
2026-05-12,0xcc282e2004428939ee5149a9e7872f0b4d5d5ec7,cex,10.61937
2026-05-12,0xd2dd7b597fd2435b6db61ddf48544fd931e6869f,cex,24468.69698
2026-05-12,0xdf5e3a1ed0c14a53eee240022301ecb9d267671b,cex,-1042801.40048707
2026-05-13,0x0d0707963952f2fba59dd06f2b425ace40b492fe,cex,31949.95222632
2026-05-13,0x33a64dcdfa041befebc9161a3e0c6180cd94fa89,cex,166.19858094
2026-05-13,0x377b8ce04761754e8ac153b47805a9cf6b190873,cex,983
2026-05-13,0x52c77b0cb827afbad022e6d6caf2c44452edbc39,lp,361392.63696977
2026-05-13,0x651641299c7ec0aa44ad7ed9b7e12702fed2022f,cex,304134.5319451
2026-05-13,0x73d8bd54f7cf5fab43fe4ef40a62d390644946db,cex,-2142.6761282
2026-05-13,0x7dafba1d69f6c01ae7567ffd7b046ca03b706f83,cex,308296.99558
2026-05-13,0x91dca37856240e5e1906222ec79278b16420dc92,cex,993.43741499
2026-05-13,0x93228d328c9c74c2bfe9f97638bbb5ef322f2bd5,cex,2905.466755
2026-05-13,0x9642b23ed1e01df1092b92641051881a322f5d4e,cex,25093.098
2026-05-13,0x9b0c45d46d386cedd98873168c36efd0dcba8d46,cex,-92457
2026-05-13,0xa9d1e08c7793af67e9d92fe308d5697fb81d3e43,cex,89488.13932389
2026-05-13,0xab782bc7d4a2b306825de5a7730034f8f63ee1bc,cex,-251.38218912
2026-05-13,0xcc282e2004428939ee5149a9e7872f0b4d5d5ec7,cex,14.06919
2026-05-13,0xd2dd7b597fd2435b6db61ddf48544fd931e6869f,cex,-494908.14333
2026-05-13,0xdf5e3a1ed0c14a53eee240022301ecb9d267671b,cex,289367.01015202
2026-05-14,0x0d0707963952f2fba59dd06f2b425ace40b492fe,cex,-94963.19438152
2026-05-14,0x33a64dcdfa041befebc9161a3e0c6180cd94fa89,cex,-36.23138297
2026-05-14,0x52c77b0cb827afbad022e6d6caf2c44452edbc39,lp,-86113.40884302
2026-05-14,0x651641299c7ec0aa44ad7ed9b7e12702fed2022f,cex,-76752.65424452
2026-05-14,0x73d8bd54f7cf5fab43fe4ef40a62d390644946db,cex,17239.06091235
2026-05-14,0x91dca37856240e5e1906222ec79278b16420dc92,cex,6924.66422252
2026-05-14,0x93228d328c9c74c2bfe9f97638bbb5ef322f2bd5,cex,-19771
2026-05-14,0x9642b23ed1e01df1092b92641051881a322f5d4e,cex,-180611.33497954
2026-05-14,0xa9d1e08c7793af67e9d92fe308d5697fb81d3e43,cex,14810.23860404
2026-05-14,0xab782bc7d4a2b306825de5a7730034f8f63ee1bc,cex,216993.77461715
2026-05-14,0xcc282e2004428939ee5149a9e7872f0b4d5d5ec7,cex,-50057.60959
2026-05-14,0xd2dd7b597fd2435b6db61ddf48544fd931e6869f,cex,249312.34653
2026-05-14,0xdf5e3a1ed0c14a53eee240022301ecb9d267671b,cex,17505.26153662
2026-05-15,0x0d0707963952f2fba59dd06f2b425ace40b492fe,cex,-4376.88870661
2026-05-15,0x33a64dcdfa041befebc9161a3e0c6180cd94fa89,cex,-198
2026-05-15,0x52c77b0cb827afbad022e6d6caf2c44452edbc39,lp,429516.32161835
2026-05-15,0x651641299c7ec0aa44ad7ed9b7e12702fed2022f,cex,-435732.77661591
2026-05-15,0x73d8bd54f7cf5fab43fe4ef40a62d390644946db,cex,-125803.20371981
2026-05-15,0x91dca37856240e5e1906222ec79278b16420dc92,cex,2489.72870661
2026-05-15,0x93228d328c9c74c2bfe9f97638bbb5ef322f2bd5,cex,52846.12436985
2026-05-15,0x9642b23ed1e01df1092b92641051881a322f5d4e,cex,1003
2026-05-15,0x9b0c45d46d386cedd98873168c36efd0dcba8d46,cex,408823.837
2026-05-15,0xa9d1e08c7793af67e9d92fe308d5697fb81d3e43,cex,-196288.34902153
2026-05-15,0xab782bc7d4a2b306825de5a7730034f8f63ee1bc,cex,15525.11140147
2026-05-15,0xcc282e2004428939ee5149a9e7872f0b4d5d5ec7,cex,7.31304
2026-05-15,0xd2dd7b597fd2435b6db61ddf48544fd931e6869f,cex,-157267.06669
2026-05-15,0xdc154fcee1babb560e8528c3a7791527f01423df,custody,10254.30877
2026-05-15,0xdf5e3a1ed0c14a53eee240022301ecb9d267671b,cex,358921.35039567
2026-05-16,0x0529ea5885702715e83923c59746ae8734c553b7,cex,13924.285017
2026-05-16,0x0d0707963952f2fba59dd06f2b425ace40b492fe,cex,-47299.858
2026-05-16,0x33a64dcdfa041befebc9161a3e0c6180cd94fa89,cex,-20701.47604303
2026-05-16,0x52c77b0cb827afbad022e6d6caf2c44452edbc39,lp,121189.84695247
2026-05-16,0x651641299c7ec0aa44ad7ed9b7e12702fed2022f,cex,-3532.89690612
2026-05-16,0x73d8bd54f7cf5fab43fe4ef40a62d390644946db,cex,10824.94471799
2026-05-16,0x93228d328c9c74c2bfe9f97638bbb5ef322f2bd5,cex,150
2026-05-16,0x9642b23ed1e01df1092b92641051881a322f5d4e,cex,-8318.36244419
2026-05-16,0x9b0c45d46d386cedd98873168c36efd0dcba8d46,cex,-157642
2026-05-16,0xa023f08c70a23abc7edfc5b6b5e171d78dfc947e,cex,256.68860495
2026-05-16,0xa9d1e08c7793af67e9d92fe308d5697fb81d3e43,cex,-2082.98554975
2026-05-16,0xab782bc7d4a2b306825de5a7730034f8f63ee1bc,cex,-619833.50603532
2026-05-16,0xb0a3a2b60e969afd26561429aa4c1444c57e4411,cex,896659.09733884
2026-05-16,0xcffad3200574698b78f32232aa9d63eabd290703,cex,413.9461
2026-05-16,0xdf5e3a1ed0c14a53eee240022301ecb9d267671b,cex,228903.9162674
2026-05-17,0x0d0707963952f2fba59dd06f2b425ace40b492fe,cex,-113417.1208461
2026-05-17,0x33a64dcdfa041befebc9161a3e0c6180cd94fa89,cex,-55.96429399
2026-05-17,0x52c77b0cb827afbad022e6d6caf2c44452edbc39,lp,70842.41729084
2026-05-17,0x651641299c7ec0aa44ad7ed9b7e12702fed2022f,cex,-94611.49397646
2026-05-17,0x73d8bd54f7cf5fab43fe4ef40a62d390644946db,cex,-1120.74309903
2026-05-17,0x9642b23ed1e01df1092b92641051881a322f5d4e,cex,1000
2026-05-17,0xa9d1e08c7793af67e9d92fe308d5697fb81d3e43,cex,-34453.33343657
2026-05-17,0xab782bc7d4a2b306825de5a7730034f8f63ee1bc,cex,-18158.76
2026-05-17,0xdf5e3a1ed0c14a53eee240022301ecb9d267671b,cex,-8511.11429032
2026-05-18,0x0d0707963952f2fba59dd06f2b425ace40b492fe,cex,-71262.4775
2026-05-18,0x15da7556d5ed888306839bed06f868aeaedcb0d7,cex,478223
2026-05-18,0x33a64dcdfa041befebc9161a3e0c6180cd94fa89,cex,3993.05342933
2026-05-18,0x52c77b0cb827afbad022e6d6caf2c44452edbc39,lp,-108043.18927748
2026-05-18,0x651641299c7ec0aa44ad7ed9b7e12702fed2022f,cex,95727.28033018
2026-05-18,0x73d8bd54f7cf5fab43fe4ef40a62d390644946db,cex,235.16054556
2026-05-18,0x93228d328c9c74c2bfe9f97638bbb5ef322f2bd5,cex,1007.793
2026-05-18,0x9642b23ed1e01df1092b92641051881a322f5d4e,cex,35013.6523417
2026-05-18,0x9b0c45d46d386cedd98873168c36efd0dcba8d46,cex,-52912.121
2026-05-18,0xa9d1e08c7793af67e9d92fe308d5697fb81d3e43,cex,103428.60506778
2026-05-18,0xcc282e2004428939ee5149a9e7872f0b4d5d5ec7,cex,433962.35325
2026-05-18,0xd2dd7b597fd2435b6db61ddf48544fd931e6869f,cex,151042.12189
2026-05-18,0xdf5e3a1ed0c14a53eee240022301ecb9d267671b,cex,-435745.99235921
2026-05-19,0x52c77b0cb827afbad022e6d6caf2c44452edbc39,lp,123985.66959836
2026-05-19,0x651641299c7ec0aa44ad7ed9b7e12702fed2022f,cex,-20182.55236031
2026-05-19,0x73d8bd54f7cf5fab43fe4ef40a62d390644946db,cex,-2747.98921383
2026-05-19,0x93228d328c9c74c2bfe9f97638bbb5ef322f2bd5,cex,150
2026-05-19,0xa9d1e08c7793af67e9d92fe308d5697fb81d3e43,cex,-59793.23548258
2026-05-19,0xab782bc7d4a2b306825de5a7730034f8f63ee1bc,cex,1796.20113311
2026-05-19,0xcc282e2004428939ee5149a9e7872f0b4d5d5ec7,cex,4.99962
2026-05-19,0xcffad3200574698b78f32232aa9d63eabd290703,cex,-13387
2026-05-19,0xdf5e3a1ed0c14a53eee240022301ecb9d267671b,cex,119615.74216
2026-05-20,0x0d0707963952f2fba59dd06f2b425ace40b492fe,cex,-199.62000007
2026-05-20,0x52c77b0cb827afbad022e6d6caf2c44452edbc39,lp,-162502.14260232
2026-05-20,0x651641299c7ec0aa44ad7ed9b7e12702fed2022f,cex,152070.70066508
2026-05-20,0x73d8bd54f7cf5fab43fe4ef40a62d390644946db,cex,366.82894172
2026-05-20,0x7dafba1d69f6c01ae7567ffd7b046ca03b706f83,cex,-74961.91083
2026-05-20,0x91dca37856240e5e1906222ec79278b16420dc92,cex,1849.300709
2026-05-20,0x93228d328c9c74c2bfe9f97638bbb5ef322f2bd5,cex,200
2026-05-20,0xa9d1e08c7793af67e9d92fe308d5697fb81d3e43,cex,-1206.99179553
2026-05-20,0xab782bc7d4a2b306825de5a7730034f8f63ee1bc,cex,-492.3047745
2026-05-20,0xcc282e2004428939ee5149a9e7872f0b4d5d5ec7,cex,21.73172
2026-05-20,0xcffad3200574698b78f32232aa9d63eabd290703,cex,147.31000007
2026-05-20,0xd2dd7b597fd2435b6db61ddf48544fd931e6869f,cex,51267.11682
2026-05-20,0xdf5e3a1ed0c14a53eee240022301ecb9d267671b,cex,3525.9463147
2026-05-21,0x0d0707963952f2fba59dd06f2b425ace40b492fe,cex,99569.85135687
2026-05-21,0x33a64dcdfa041befebc9161a3e0c6180cd94fa89,cex,-1000.8399006
2026-05-21,0x377b8ce04761754e8ac153b47805a9cf6b190873,cex,3573.16547663
2026-05-21,0x52c77b0cb827afbad022e6d6caf2c44452edbc39,lp,-255384.38164767
2026-05-21,0x651641299c7ec0aa44ad7ed9b7e12702fed2022f,cex,-33026.87460516
2026-05-21,0x73d8bd54f7cf5fab43fe4ef40a62d390644946db,cex,104185.67285515
2026-05-21,0x9642b23ed1e01df1092b92641051881a322f5d4e,cex,-9542.93
2026-05-21,0xa9d1e08c7793af67e9d92fe308d5697fb81d3e43,cex,55421.93965889
2026-05-21,0xab782bc7d4a2b306825de5a7730034f8f63ee1bc,cex,-28368.219
2026-05-21,0xcc282e2004428939ee5149a9e7872f0b4d5d5ec7,cex,2.65798
2026-05-21,0xd2dd7b597fd2435b6db61ddf48544fd931e6869f,cex,95602.21104
2026-05-21,0xdf5e3a1ed0c14a53eee240022301ecb9d267671b,cex,-213600.57895906
2026-05-21,0xe8c15aad9d4cd3f59c9dfa18828b91a8b2c49596,cex,100000
2026-05-22,0x0d0707963952f2fba59dd06f2b425ace40b492fe,cex,-183608.68268919
2026-05-22,0x33a64dcdfa041befebc9161a3e0c6180cd94fa89,cex,-1433.28183716
2026-05-22,0x377b8ce04761754e8ac153b47805a9cf6b190873,cex,4898.4891377
2026-05-22,0x52c77b0cb827afbad022e6d6caf2c44452edbc39,lp,287731.75908155
2026-05-22,0x651641299c7ec0aa44ad7ed9b7e12702fed2022f,cex,-86785.52291615
2026-05-22,0x73d8bd54f7cf5fab43fe4ef40a62d390644946db,cex,2229.49723661
2026-05-22,0x93228d328c9c74c2bfe9f97638bbb5ef322f2bd5,cex,36561.37572915
2026-05-22,0x9642b23ed1e01df1092b92641051881a322f5d4e,cex,-6982.12
2026-05-22,0xa023f08c70a23abc7edfc5b6b5e171d78dfc947e,cex,40.77906308
2026-05-22,0xa9d1e08c7793af67e9d92fe308d5697fb81d3e43,cex,-99839.50504425
2026-05-22,0xab782bc7d4a2b306825de5a7730034f8f63ee1bc,cex,-2882.01248211
2026-05-22,0xcc282e2004428939ee5149a9e7872f0b4d5d5ec7,cex,18.52607
2026-05-22,0xdf5e3a1ed0c14a53eee240022301ecb9d267671b,cex,-198394.51572968
2026-05-23,0x0d0707963952f2fba59dd06f2b425ace40b492fe,cex,-762102.69119214
2026-05-23,0x33a64dcdfa041befebc9161a3e0c6180cd94fa89,cex,3105.08638372
2026-05-23,0x377b8ce04761754e8ac153b47805a9cf6b190873,cex,2580.70219962
2026-05-23,0x52c77b0cb827afbad022e6d6caf2c44452edbc39,lp,99966.23767713
2026-05-23,0x651641299c7ec0aa44ad7ed9b7e12702fed2022f,cex,279779.54418162
2026-05-23,0x73d8bd54f7cf5fab43fe4ef40a62d390644946db,cex,5696.60381672
2026-05-23,0x91dca37856240e5e1906222ec79278b16420dc92,cex,-33836
2026-05-23,0x93228d328c9c74c2bfe9f97638bbb5ef322f2bd5,cex,-474.8742
2026-05-23,0x9642b23ed1e01df1092b92641051881a322f5d4e,cex,-831.81831539
2026-05-23,0x9b0c45d46d386cedd98873168c36efd0dcba8d46,cex,-134948
2026-05-23,0xa9d1e08c7793af67e9d92fe308d5697fb81d3e43,cex,346785.17464761
2026-05-23,0xab782bc7d4a2b306825de5a7730034f8f63ee1bc,cex,38152.43502949
2026-05-23,0xcffad3200574698b78f32232aa9d63eabd290703,cex,497
2026-05-23,0xdf5e3a1ed0c14a53eee240022301ecb9d267671b,cex,210349.38336
2026-05-24,0x0d0707963952f2fba59dd06f2b425ace40b492fe,cex,187128.46545167
2026-05-24,0x33a64dcdfa041befebc9161a3e0c6180cd94fa89,cex,-505.27543948
2026-05-24,0x52c77b0cb827afbad022e6d6caf2c44452edbc39,lp,177887.20031276
2026-05-24,0x651641299c7ec0aa44ad7ed9b7e12702fed2022f,cex,119702.96826626
2026-05-24,0x73d8bd54f7cf5fab43fe4ef40a62d390644946db,cex,12427.21737999
2026-05-24,0x93228d328c9c74c2bfe9f97638bbb5ef322f2bd5,cex,-713.20291607
2026-05-24,0x9642b23ed1e01df1092b92641051881a322f5d4e,cex,-120817.52972115
2026-05-24,0xa9d1e08c7793af67e9d92fe308d5697fb81d3e43,cex,54943.15822176
2026-05-24,0xab782bc7d4a2b306825de5a7730034f8f63ee1bc,cex,-2723.92230989
2026-05-24,0xdf5e3a1ed0c14a53eee240022301ecb9d267671b,cex,-60965.71035496
2026-05-25,0x33a64dcdfa041befebc9161a3e0c6180cd94fa89,cex,1500
2026-05-25,0x52c77b0cb827afbad022e6d6caf2c44452edbc39,lp,-174268.72245612
2026-05-25,0x651641299c7ec0aa44ad7ed9b7e12702fed2022f,cex,-76071.24868308
2026-05-25,0x73d8bd54f7cf5fab43fe4ef40a62d390644946db,cex,5729.71257068
2026-05-25,0x93228d328c9c74c2bfe9f97638bbb5ef322f2bd5,cex,-1013.33949815
2026-05-25,0x9642b23ed1e01df1092b92641051881a322f5d4e,cex,-2301.72
2026-05-25,0xa9d1e08c7793af67e9d92fe308d5697fb81d3e43,cex,-75157.25250303
2026-05-25,0xab782bc7d4a2b306825de5a7730034f8f63ee1bc,cex,-217.66797228
2026-05-25,0xcc282e2004428939ee5149a9e7872f0b4d5d5ec7,cex,-221335.22392
2026-05-25,0xcffad3200574698b78f32232aa9d63eabd290703,cex,1995
2026-05-25,0xd2dd7b597fd2435b6db61ddf48544fd931e6869f,cex,-22539.71247
2026-05-25,0xdd276dc5223d0120f9bf1776f38957cc8da23cb0,cex,100000
2026-05-25,0xdf5e3a1ed0c14a53eee240022301ecb9d267671b,cex,29424.86993483
2026-05-26,0x0d0707963952f2fba59dd06f2b425ace40b492fe,cex,10732.79
2026-05-26,0x33a64dcdfa041befebc9161a3e0c6180cd94fa89,cex,1111
2026-05-26,0x377b8ce04761754e8ac153b47805a9cf6b190873,cex,6277.38573864
2026-05-26,0x52c77b0cb827afbad022e6d6caf2c44452edbc39,lp,65271.19552125
2026-05-26,0x651641299c7ec0aa44ad7ed9b7e12702fed2022f,cex,-992340.08214579
2026-05-26,0x73d8bd54f7cf5fab43fe4ef40a62d390644946db,cex,-17902.92967287
2026-05-26,0x93228d328c9c74c2bfe9f97638bbb5ef322f2bd5,cex,8662.30635559
2026-05-26,0x9642b23ed1e01df1092b92641051881a322f5d4e,cex,19349.2
2026-05-26,0x9b0c45d46d386cedd98873168c36efd0dcba8d46,cex,371502.029
2026-05-26,0xa9d1e08c7793af67e9d92fe308d5697fb81d3e43,cex,-22325.9831421
2026-05-26,0xab782bc7d4a2b306825de5a7730034f8f63ee1bc,cex,-1463.36550299
2026-05-26,0xcc282e2004428939ee5149a9e7872f0b4d5d5ec7,cex,14.33642
2026-05-26,0xcffad3200574698b78f32232aa9d63eabd290703,cex,-11357
2026-05-26,0xdf5e3a1ed0c14a53eee240022301ecb9d267671b,cex,1269.57507
2026-05-27,0x0d0707963952f2fba59dd06f2b425ace40b492fe,cex,-30239.7556277
2026-05-27,0x33a64dcdfa041befebc9161a3e0c6180cd94fa89,cex,1526.17242546
2026-05-27,0x377b8ce04761754e8ac153b47805a9cf6b190873,cex,1157.53337899
2026-05-27,0x52c77b0cb827afbad022e6d6caf2c44452edbc39,lp,127140.06417359
2026-05-27,0x651641299c7ec0aa44ad7ed9b7e12702fed2022f,cex,-31441.69631928
2026-05-27,0x73d8bd54f7cf5fab43fe4ef40a62d390644946db,cex,6968.84954107
2026-05-27,0x7dafba1d69f6c01ae7567ffd7b046ca03b706f83,cex,-433526.31957
2026-05-27,0x9642b23ed1e01df1092b92641051881a322f5d4e,cex,-12798
2026-05-27,0x9b0c45d46d386cedd98873168c36efd0dcba8d46,cex,14.046708
2026-05-27,0xa9d1e08c7793af67e9d92fe308d5697fb81d3e43,cex,-99985.4954687
2026-05-27,0xab782bc7d4a2b306825de5a7730034f8f63ee1bc,cex,-23415.86
2026-05-27,0xcc282e2004428939ee5149a9e7872f0b4d5d5ec7,cex,15.18634
2026-05-27,0xcffad3200574698b78f32232aa9d63eabd290703,cex,3000
2026-05-27,0xdf5e3a1ed0c14a53eee240022301ecb9d267671b,cex,403985.07092
2026-05-28,0x0529ea5885702715e83923c59746ae8734c553b7,cex,34405.1149485
2026-05-28,0x0d0707963952f2fba59dd06f2b425ace40b492fe,cex,17911.48529119
2026-05-28,0x377b8ce04761754e8ac153b47805a9cf6b190873,cex,4179.12598713
2026-05-28,0x52c77b0cb827afbad022e6d6caf2c44452edbc39,lp,231099.65727549
2026-05-28,0x548054687ef6c56c6d82e8269e5fd93d8b88fcb2,cex,-150000
2026-05-28,0x651641299c7ec0aa44ad7ed9b7e12702fed2022f,cex,-430649.45434769
2026-05-28,0x73d8bd54f7cf5fab43fe4ef40a62d390644946db,cex,-75258.95424473
2026-05-28,0x93228d328c9c74c2bfe9f97638bbb5ef322f2bd5,cex,78575.88179948
2026-05-28,0x9642b23ed1e01df1092b92641051881a322f5d4e,cex,-18847
2026-05-28,0x9b0c45d46d386cedd98873168c36efd0dcba8d46,cex,-149404
2026-05-28,0xa023f08c70a23abc7edfc5b6b5e171d78dfc947e,cex,129.42217612
2026-05-28,0xa9d1e08c7793af67e9d92fe308d5697fb81d3e43,cex,-60388.72841744
2026-05-28,0xab782bc7d4a2b306825de5a7730034f8f63ee1bc,cex,87812.352
2026-05-28,0xcc282e2004428939ee5149a9e7872f0b4d5d5ec7,cex,28.46527
2026-05-28,0xcffad3200574698b78f32232aa9d63eabd290703,cex,-49339.96
2026-05-28,0xd2dd7b597fd2435b6db61ddf48544fd931e6869f,cex,-29443.83542
2026-05-28,0xdf5e3a1ed0c14a53eee240022301ecb9d267671b,cex,38079.27419989
2026-05-29,0x0d0707963952f2fba59dd06f2b425ace40b492fe,cex,51633.88918545
2026-05-29,0x33a64dcdfa041befebc9161a3e0c6180cd94fa89,cex,-1925.60258949
2026-05-29,0x377b8ce04761754e8ac153b47805a9cf6b190873,cex,1917.49737208
2026-05-29,0x52c77b0cb827afbad022e6d6caf2c44452edbc39,lp,3700.69790876
2026-05-29,0x548054687ef6c56c6d82e8269e5fd93d8b88fcb2,cex,48060.2297992
2026-05-29,0x651641299c7ec0aa44ad7ed9b7e12702fed2022f,cex,-105107.40314968
2026-05-29,0x73d8bd54f7cf5fab43fe4ef40a62d390644946db,cex,201.37285381
2026-05-29,0x9642b23ed1e01df1092b92641051881a322f5d4e,cex,169981.2587
2026-05-29,0xa9d1e08c7793af67e9d92fe308d5697fb81d3e43,cex,383738.38321795
2026-05-29,0xab782bc7d4a2b306825de5a7730034f8f63ee1bc,cex,122099.28202737
2026-05-29,0xcc282e2004428939ee5149a9e7872f0b4d5d5ec7,cex,17.11384
2026-05-29,0xd2dd7b597fd2435b6db61ddf48544fd931e6869f,cex,42296.73113
2026-05-29,0xdc154fcee1babb560e8528c3a7791527f01423df,custody,22199.69636
2026-05-29,0xdf5e3a1ed0c14a53eee240022301ecb9d267671b,cex,-89606.62121021
2026-05-30,0x0d0707963952f2fba59dd06f2b425ace40b492fe,cex,-193223.167165
2026-05-30,0x52c77b0cb827afbad022e6d6caf2c44452edbc39,lp,-150076.55676244
2026-05-30,0x651641299c7ec0aa44ad7ed9b7e12702fed2022f,cex,150737.03684741
2026-05-30,0x73d8bd54f7cf5fab43fe4ef40a62d390644946db,cex,989.69626813
2026-05-30,0x93228d328c9c74c2bfe9f97638bbb5ef322f2bd5,cex,547.449
2026-05-30,0x9642b23ed1e01df1092b92641051881a322f5d4e,cex,-80884.95
2026-05-30,0xa9d1e08c7793af67e9d92fe308d5697fb81d3e43,cex,-27268.25352287
2026-05-30,0xab782bc7d4a2b306825de5a7730034f8f63ee1bc,cex,-175
2026-05-30,0xdf5e3a1ed0c14a53eee240022301ecb9d267671b,cex,222594.07478235
2026-05-30,0xe8c15aad9d4cd3f59c9dfa18828b91a8b2c49596,cex,300000
2026-05-31,0x0d0707963952f2fba59dd06f2b425ace40b492fe,cex,62702
2026-05-31,0x33a64dcdfa041befebc9161a3e0c6180cd94fa89,cex,-33785.41403974
2026-05-31,0x52c77b0cb827afbad022e6d6caf2c44452edbc39,lp,-5171.80782054
2026-05-31,0x651641299c7ec0aa44ad7ed9b7e12702fed2022f,cex,-4074.22515989
2026-05-31,0x73d8bd54f7cf5fab43fe4ef40a62d390644946db,cex,536.65573734
2026-05-31,0x9642b23ed1e01df1092b92641051881a322f5d4e,cex,-9708.07
2026-05-31,0xa9d1e08c7793af67e9d92fe308d5697fb81d3e43,cex,-204633.86140493
2026-05-31,0xdf5e3a1ed0c14a53eee240022301ecb9d267671b,cex,136699.78299596
2026-06-01,0x0d0707963952f2fba59dd06f2b425ace40b492fe,cex,117384.67156272
2026-06-01,0x52c77b0cb827afbad022e6d6caf2c44452edbc39,lp,2934.50570465
2026-06-01,0x651641299c7ec0aa44ad7ed9b7e12702fed2022f,cex,36042.31003034
2026-06-01,0x73d8bd54f7cf5fab43fe4ef40a62d390644946db,cex,27483.71103973
2026-06-01,0x91dca37856240e5e1906222ec79278b16420dc92,cex,46
2026-06-01,0x9642b23ed1e01df1092b92641051881a322f5d4e,cex,-15052.11561658
2026-06-01,0xa9d1e08c7793af67e9d92fe308d5697fb81d3e43,cex,152187.66999125
2026-06-01,0xab782bc7d4a2b306825de5a7730034f8f63ee1bc,cex,-700
2026-06-01,0xcc282e2004428939ee5149a9e7872f0b4d5d5ec7,cex,13.73501
2026-06-01,0xdd276dc5223d0120f9bf1776f38957cc8da23cb0,cex,100000
2026-06-01,0xdf5e3a1ed0c14a53eee240022301ecb9d267671b,cex,-19444.41202033
2026-06-02,0x0d0707963952f2fba59dd06f2b425ace40b492fe,cex,-165583.02559585
2026-06-02,0x33a64dcdfa041befebc9161a3e0c6180cd94fa89,cex,837.94809162
2026-06-02,0x52c77b0cb827afbad022e6d6caf2c44452edbc39,lp,-109216.10468355
2026-06-02,0x651641299c7ec0aa44ad7ed9b7e12702fed2022f,cex,-275502.73300561
2026-06-02,0x73d8bd54f7cf5fab43fe4ef40a62d390644946db,cex,-24958.59140057
2026-06-02,0x9642b23ed1e01df1092b92641051881a322f5d4e,cex,-77159.24
2026-06-02,0xa023f08c70a23abc7edfc5b6b5e171d78dfc947e,cex,33021.94
2026-06-02,0xa9d1e08c7793af67e9d92fe308d5697fb81d3e43,cex,-98908.05861288
2026-06-02,0xab782bc7d4a2b306825de5a7730034f8f63ee1bc,cex,-15914.43867754
2026-06-02,0xcc282e2004428939ee5149a9e7872f0b4d5d5ec7,cex,2.98099
2026-06-02,0xcffad3200574698b78f32232aa9d63eabd290703,cex,-12402.48
2026-06-02,0xd2dd7b597fd2435b6db61ddf48544fd931e6869f,cex,70667.18221
2026-06-02,0xdd276dc5223d0120f9bf1776f38957cc8da23cb0,cex,940000
2026-06-02,0xdf5e3a1ed0c14a53eee240022301ecb9d267671b,cex,127826.21600396
2026-06-03,0x0d0707963952f2fba59dd06f2b425ace40b492fe,cex,151126.006
2026-06-03,0x52c77b0cb827afbad022e6d6caf2c44452edbc39,lp,-684955.16545198
2026-06-03,0x651641299c7ec0aa44ad7ed9b7e12702fed2022f,cex,697995.17589331
2026-06-03,0x73d8bd54f7cf5fab43fe4ef40a62d390644946db,cex,18602.05686094
2026-06-03,0x7dafba1d69f6c01ae7567ffd7b046ca03b706f83,cex,206835.08525
2026-06-03,0x93228d328c9c74c2bfe9f97638bbb5ef322f2bd5,cex,-49924.875675
2026-06-03,0x9642b23ed1e01df1092b92641051881a322f5d4e,cex,-91142.85232965
2026-06-03,0x9b0c45d46d386cedd98873168c36efd0dcba8d46,cex,570488.957
2026-06-03,0xa023f08c70a23abc7edfc5b6b5e171d78dfc947e,cex,14157.04
2026-06-03,0xa9d1e08c7793af67e9d92fe308d5697fb81d3e43,cex,-107707.85217465
2026-06-03,0xab782bc7d4a2b306825de5a7730034f8f63ee1bc,cex,30665.406
2026-06-03,0xcc282e2004428939ee5149a9e7872f0b4d5d5ec7,cex,1.90705
2026-06-03,0xd2dd7b597fd2435b6db61ddf48544fd931e6869f,cex,103734.11366
2026-06-03,0xdc154fcee1babb560e8528c3a7791527f01423df,custody,253638.14831
2026-06-03,0xdf5e3a1ed0c14a53eee240022301ecb9d267671b,cex,-695703.09663862
2026-06-04,0x0d0707963952f2fba59dd06f2b425ace40b492fe,cex,-34624.77587099
2026-06-04,0x15da7556d5ed888306839bed06f868aeaedcb0d7,cex,405671
2026-06-04,0x33a64dcdfa041befebc9161a3e0c6180cd94fa89,cex,-8082.037
2026-06-04,0x377b8ce04761754e8ac153b47805a9cf6b190873,cex,3239.72685899
2026-06-04,0x52c77b0cb827afbad022e6d6caf2c44452edbc39,lp,478963.97157112
2026-06-04,0x651641299c7ec0aa44ad7ed9b7e12702fed2022f,cex,63694.4447524
2026-06-04,0x73d8bd54f7cf5fab43fe4ef40a62d390644946db,cex,15918.6116219
2026-06-04,0x93228d328c9c74c2bfe9f97638bbb5ef322f2bd5,cex,2994
2026-06-04,0x9642b23ed1e01df1092b92641051881a322f5d4e,cex,792.27010598
2026-06-04,0x9b0c45d46d386cedd98873168c36efd0dcba8d46,cex,-509367
2026-06-04,0xa9d1e08c7793af67e9d92fe308d5697fb81d3e43,cex,-41998.44060491
2026-06-04,0xab782bc7d4a2b306825de5a7730034f8f63ee1bc,cex,25478.05652101
2026-06-04,0xcc282e2004428939ee5149a9e7872f0b4d5d5ec7,cex,4.85378
2026-06-04,0xd2dd7b597fd2435b6db61ddf48544fd931e6869f,cex,-814086.74176
2026-06-04,0xdf5e3a1ed0c14a53eee240022301ecb9d267671b,cex,946857.36681896
2026-06-04,0xe8c15aad9d4cd3f59c9dfa18828b91a8b2c49596,cex,100000
2026-06-05,0x0529ea5885702715e83923c59746ae8734c553b7,cex,20838.848389
2026-06-05,0x0d0707963952f2fba59dd06f2b425ace40b492fe,cex,56324.13189116
2026-06-05,0x15da7556d5ed888306839bed06f868aeaedcb0d7,cex,1128591
2026-06-05,0x33a64dcdfa041befebc9161a3e0c6180cd94fa89,cex,1956
2026-06-05,0x377b8ce04761754e8ac153b47805a9cf6b190873,cex,26373.06913847
2026-06-05,0x52c77b0cb827afbad022e6d6caf2c44452edbc39,lp,-340761.84938126
2026-06-05,0x651641299c7ec0aa44ad7ed9b7e12702fed2022f,cex,-1315001.76219767
2026-06-05,0x73d8bd54f7cf5fab43fe4ef40a62d390644946db,cex,1225313.87546138
2026-06-05,0x93228d328c9c74c2bfe9f97638bbb5ef322f2bd5,cex,-693.8930219
2026-06-05,0x9642b23ed1e01df1092b92641051881a322f5d4e,cex,159695.23207437
2026-06-05,0x9b0c45d46d386cedd98873168c36efd0dcba8d46,cex,-1417658
2026-06-05,0xa9d1e08c7793af67e9d92fe308d5697fb81d3e43,cex,221121.85113317
2026-06-05,0xab782bc7d4a2b306825de5a7730034f8f63ee1bc,cex,56931.27941951
2026-06-05,0xcc282e2004428939ee5149a9e7872f0b4d5d5ec7,cex,4.59374
2026-06-05,0xcffad3200574698b78f32232aa9d63eabd290703,cex,8067.74
2026-06-05,0xd2dd7b597fd2435b6db61ddf48544fd931e6869f,cex,-114458.93021
2026-06-05,0xdf5e3a1ed0c14a53eee240022301ecb9d267671b,cex,157616.70215516
2026-06-05,0xe8c15aad9d4cd3f59c9dfa18828b91a8b2c49596,cex,500000
2026-06-06,0x0529ea5885702715e83923c59746ae8734c553b7,cex,-39905.53367689
2026-06-06,0x0d0707963952f2fba59dd06f2b425ace40b492fe,cex,-203178.97057689
2026-06-06,0x15da7556d5ed888306839bed06f868aeaedcb0d7,cex,-898452
2026-06-06,0x33a64dcdfa041befebc9161a3e0c6180cd94fa89,cex,1988.56610889
2026-06-06,0x52c77b0cb827afbad022e6d6caf2c44452edbc39,lp,-222614.40116427
2026-06-06,0x651641299c7ec0aa44ad7ed9b7e12702fed2022f,cex,-58589.56030775
2026-06-06,0x73d8bd54f7cf5fab43fe4ef40a62d390644946db,cex,431.38092401
2026-06-06,0x9642b23ed1e01df1092b92641051881a322f5d4e,cex,-40977.55921201
2026-06-06,0x9b0c45d46d386cedd98873168c36efd0dcba8d46,cex,898452
2026-06-06,0xa023f08c70a23abc7edfc5b6b5e171d78dfc947e,cex,77.20420614
2026-06-06,0xa9d1e08c7793af67e9d92fe308d5697fb81d3e43,cex,25237.11212289
2026-06-06,0xab782bc7d4a2b306825de5a7730034f8f63ee1bc,cex,-163.80363121
2026-06-06,0xdf5e3a1ed0c14a53eee240022301ecb9d267671b,cex,201950.58969167
2026-06-07,0x0d0707963952f2fba59dd06f2b425ace40b492fe,cex,-18712.26132675
2026-06-07,0x33a64dcdfa041befebc9161a3e0c6180cd94fa89,cex,-4127.63338841
2026-06-07,0x52c77b0cb827afbad022e6d6caf2c44452edbc39,lp,7680.40981392
2026-06-07,0x651641299c7ec0aa44ad7ed9b7e12702fed2022f,cex,665973.5266973
2026-06-07,0x73d8bd54f7cf5fab43fe4ef40a62d390644946db,cex,-1222873.95262496
2026-06-07,0x9642b23ed1e01df1092b92641051881a322f5d4e,cex,-38144.252
2026-06-07,0x9b0c45d46d386cedd98873168c36efd0dcba8d46,cex,129479.144
2026-06-07,0xa023f08c70a23abc7edfc5b6b5e171d78dfc947e,cex,64.51064444
2026-06-07,0xa9d1e08c7793af67e9d92fe308d5697fb81d3e43,cex,179670.55206997
2026-06-07,0xab782bc7d4a2b306825de5a7730034f8f63ee1bc,cex,-6380.69522091
2026-06-07,0xdf5e3a1ed0c14a53eee240022301ecb9d267671b,cex,-78571.41753685
2026-06-08,0x0d0707963952f2fba59dd06f2b425ace40b492fe,cex,237103.54711261
2026-06-08,0x33a64dcdfa041befebc9161a3e0c6180cd94fa89,cex,-3495.19049764
2026-06-08,0x377b8ce04761754e8ac153b47805a9cf6b190873,cex,888.37654435
2026-06-08,0x52c77b0cb827afbad022e6d6caf2c44452edbc39,lp,257628.86841954
2026-06-08,0x651641299c7ec0aa44ad7ed9b7e12702fed2022f,cex,-33355.87634806
2026-06-08,0x73d8bd54f7cf5fab43fe4ef40a62d390644946db,cex,-346.75348643
2026-06-08,0x91dca37856240e5e1906222ec79278b16420dc92,cex,-69958.95315061
2026-06-08,0x9642b23ed1e01df1092b92641051881a322f5d4e,cex,-16839.37
2026-06-08,0xa9d1e08c7793af67e9d92fe308d5697fb81d3e43,cex,-50000.65718734
2026-06-08,0xab782bc7d4a2b306825de5a7730034f8f63ee1bc,cex,4258.62986363
2026-06-08,0xcc282e2004428939ee5149a9e7872f0b4d5d5ec7,cex,2.31906
2026-06-08,0xd2dd7b597fd2435b6db61ddf48544fd931e6869f,cex,244095.88486
2026-06-08,0xdf5e3a1ed0c14a53eee240022301ecb9d267671b,cex,-551376.87283626
2026-06-09,0x0d0707963952f2fba59dd06f2b425ace40b492fe,cex,142960.92452756
2026-06-09,0x33a64dcdfa041befebc9161a3e0c6180cd94fa89,cex,-925.20884165
2026-06-09,0x52c77b0cb827afbad022e6d6caf2c44452edbc39,lp,-134735.70833593
2026-06-09,0x651641299c7ec0aa44ad7ed9b7e12702fed2022f,cex,-98834.45434817
2026-06-09,0x73d8bd54f7cf5fab43fe4ef40a62d390644946db,cex,26070.29051887
2026-06-09,0x91dca37856240e5e1906222ec79278b16420dc92,cex,106562.09908347
2026-06-09,0x93228d328c9c74c2bfe9f97638bbb5ef322f2bd5,cex,728.71448376
2026-06-09,0x9642b23ed1e01df1092b92641051881a322f5d4e,cex,-6536.475
2026-06-09,0xa023f08c70a23abc7edfc5b6b5e171d78dfc947e,cex,250
2026-06-09,0xa9d1e08c7793af67e9d92fe308d5697fb81d3e43,cex,-136616.03864588
2026-06-09,0xcc282e2004428939ee5149a9e7872f0b4d5d5ec7,cex,0.79439
2026-06-09,0xd2dd7b597fd2435b6db61ddf48544fd931e6869f,cex,-362382.47351
2026-06-09,0xdd276dc5223d0120f9bf1776f38957cc8da23cb0,cex,-1580000
2026-06-09,0xdf5e3a1ed0c14a53eee240022301ecb9d267671b,cex,379342.22929286
2026-06-09,0xe8c15aad9d4cd3f59c9dfa18828b91a8b2c49596,cex,-1520000
2026-06-10,0x0d0707963952f2fba59dd06f2b425ace40b492fe,cex,-169247.57152638
2026-06-10,0x21a31ee1afc51d94c2efccaa2092ad1028285549,cex,833333
2026-06-10,0x33a64dcdfa041befebc9161a3e0c6180cd94fa89,cex,3572.70573073
2026-06-10,0x377b8ce04761754e8ac153b47805a9cf6b190873,cex,15586.09922337
2026-06-10,0x52c77b0cb827afbad022e6d6caf2c44452edbc39,lp,-63022.05149457
2026-06-10,0x651641299c7ec0aa44ad7ed9b7e12702fed2022f,cex,-1006.50213121
2026-06-10,0x73d8bd54f7cf5fab43fe4ef40a62d390644946db,cex,6932.71231378
2026-06-10,0x7dafba1d69f6c01ae7567ffd7b046ca03b706f83,cex,185640.58666
2026-06-10,0x93228d328c9c74c2bfe9f97638bbb5ef322f2bd5,cex,-725.71448376
2026-06-10,0x9642b23ed1e01df1092b92641051881a322f5d4e,cex,-118331.39274685
2026-06-10,0xa9d1e08c7793af67e9d92fe308d5697fb81d3e43,cex,-3703.62073688
2026-06-10,0xab782bc7d4a2b306825de5a7730034f8f63ee1bc,cex,20059.59223064
2026-06-10,0xcc282e2004428939ee5149a9e7872f0b4d5d5ec7,cex,0.813
2026-06-10,0xcffad3200574698b78f32232aa9d63eabd290703,cex,3921.04
2026-06-10,0xd2dd7b597fd2435b6db61ddf48544fd931e6869f,cex,-45467.59694
2026-06-10,0xdd276dc5223d0120f9bf1776f38957cc8da23cb0,cex,1000000
2026-06-10,0xdf5e3a1ed0c14a53eee240022301ecb9d267671b,cex,-203331.77354
2026-06-10,0xe8c15aad9d4cd3f59c9dfa18828b91a8b2c49596,cex,1000000
2026-06-11,0x0529ea5885702715e83923c59746ae8734c553b7,cex,-22664.1
2026-06-11,0x15da7556d5ed888306839bed06f868aeaedcb0d7,cex,-319384
2026-06-11,0x33a64dcdfa041befebc9161a3e0c6180cd94fa89,cex,-391.42756433
2026-06-11,0x377b8ce04761754e8ac153b47805a9cf6b190873,cex,4383.29192846
2026-06-11,0x52c77b0cb827afbad022e6d6caf2c44452edbc39,lp,-410483.21760853
2026-06-11,0x651641299c7ec0aa44ad7ed9b7e12702fed2022f,cex,315647.46204627
2026-06-11,0x73d8bd54f7cf5fab43fe4ef40a62d390644946db,cex,-41050.59390466
2026-06-11,0x93228d328c9c74c2bfe9f97638bbb5ef322f2bd5,cex,1737.3496663
2026-06-11,0x9642b23ed1e01df1092b92641051881a322f5d4e,cex,4046.39
2026-06-11,0x9b0c45d46d386cedd98873168c36efd0dcba8d46,cex,319384
2026-06-11,0xa9d1e08c7793af67e9d92fe308d5697fb81d3e43,cex,184516.60100233
2026-06-11,0xab782bc7d4a2b306825de5a7730034f8f63ee1bc,cex,5665.5786
2026-06-11,0xcffad3200574698b78f32232aa9d63eabd290703,cex,293.42756433
2026-06-11,0xd2dd7b597fd2435b6db61ddf48544fd931e6869f,cex,-63370.16308
2026-06-11,0xdf5e3a1ed0c14a53eee240022301ecb9d267671b,cex,27527.23507032
2026-06-12,0x0d0707963952f2fba59dd06f2b425ace40b492fe,cex,-55580.03232743
2026-06-12,0x33a64dcdfa041befebc9161a3e0c6180cd94fa89,cex,-1005.37245313
2026-06-12,0x52c77b0cb827afbad022e6d6caf2c44452edbc39,lp,282488.89037759
2026-06-12,0x651641299c7ec0aa44ad7ed9b7e12702fed2022f,cex,-141887.23259275
2026-06-12,0x73d8bd54f7cf5fab43fe4ef40a62d390644946db,cex,-30731.35628748
2026-06-12,0x91dca37856240e5e1906222ec79278b16420dc92,cex,4996.95662942
2026-06-12,0x9642b23ed1e01df1092b92641051881a322f5d4e,cex,10494.63831539
2026-06-12,0xa9d1e08c7793af67e9d92fe308d5697fb81d3e43,cex,-185339.66228353
2026-06-12,0xab782bc7d4a2b306825de5a7730034f8f63ee1bc,cex,5551.84168461
2026-06-12,0xcffad3200574698b78f32232aa9d63eabd290703,cex,15006.292733
2026-06-12,0xd2dd7b597fd2435b6db61ddf48544fd931e6869f,cex,16556.91432
2026-06-12,0xdc154fcee1babb560e8528c3a7791527f01423df,custody,286.958
2026-06-12,0xdf5e3a1ed0c14a53eee240022301ecb9d267671b,cex,-55592.29218433
2026-06-13,0x0d0707963952f2fba59dd06f2b425ace40b492fe,cex,37620.89029546
2026-06-13,0x33a64dcdfa041befebc9161a3e0c6180cd94fa89,cex,-31.67866892
2026-06-13,0x377b8ce04761754e8ac153b47805a9cf6b190873,cex,1989.94897601
2026-06-13,0x52c77b0cb827afbad022e6d6caf2c44452edbc39,lp,-230072.40198683
2026-06-13,0x651641299c7ec0aa44ad7ed9b7e12702fed2022f,cex,610697.97686377
2026-06-13,0x73d8bd54f7cf5fab43fe4ef40a62d390644946db,cex,-6682.14593218
2026-06-13,0x91dca37856240e5e1906222ec79278b16420dc92,cex,524.69976401
2026-06-13,0x9642b23ed1e01df1092b92641051881a322f5d4e,cex,-5021.21732645
2026-06-13,0xa9d1e08c7793af67e9d92fe308d5697fb81d3e43,cex,-3979.77288704
2026-06-13,0xab782bc7d4a2b306825de5a7730034f8f63ee1bc,cex,7196.06660616
2026-06-13,0xcffad3200574698b78f32232aa9d63eabd290703,cex,100
2026-06-13,0xdf5e3a1ed0c14a53eee240022301ecb9d267671b,cex,91116.75718904
2026-06-13,0xe8c15aad9d4cd3f59c9dfa18828b91a8b2c49596,cex,-200000
2026-06-14,0x0d0707963952f2fba59dd06f2b425ace40b492fe,cex,120349.53374634
2026-06-14,0x33a64dcdfa041befebc9161a3e0c6180cd94fa89,cex,-1204.51518198
2026-06-14,0x377b8ce04761754e8ac153b47805a9cf6b190873,cex,957.4183012
2026-06-14,0x52c77b0cb827afbad022e6d6caf2c44452edbc39,lp,105872.69249941
2026-06-14,0x651641299c7ec0aa44ad7ed9b7e12702fed2022f,cex,536450.79692474
2026-06-14,0x73d8bd54f7cf5fab43fe4ef40a62d390644946db,cex,-2776.23939193
2026-06-14,0x9642b23ed1e01df1092b92641051881a322f5d4e,cex,-53912.18337332
2026-06-14,0xa9d1e08c7793af67e9d92fe308d5697fb81d3e43,cex,16429.25839202
2026-06-14,0xab782bc7d4a2b306825de5a7730034f8f63ee1bc,cex,19744.91273164
2026-06-14,0xcffad3200574698b78f32232aa9d63eabd290703,cex,-103529
2026-06-14,0xdf5e3a1ed0c14a53eee240022301ecb9d267671b,cex,515933.59676
2026-06-14,0xe8c15aad9d4cd3f59c9dfa18828b91a8b2c49596,cex,-200000
2026-06-15,0x0d0707963952f2fba59dd06f2b425ace40b492fe,cex,-359843.32732247
2026-06-15,0x15da7556d5ed888306839bed06f868aeaedcb0d7,cex,166164
2026-06-15,0x21a31ee1afc51d94c2efccaa2092ad1028285549,cex,-201
2026-06-15,0x33a64dcdfa041befebc9161a3e0c6180cd94fa89,cex,-3146.42359538
2026-06-15,0x52c77b0cb827afbad022e6d6caf2c44452edbc39,lp,200273.79643535
2026-06-15,0x548054687ef6c56c6d82e8269e5fd93d8b88fcb2,cex,92229.9924814
2026-06-15,0x651641299c7ec0aa44ad7ed9b7e12702fed2022f,cex,-312930.85395217
2026-06-15,0x73d8bd54f7cf5fab43fe4ef40a62d390644946db,cex,7726.00913056
2026-06-15,0x9642b23ed1e01df1092b92641051881a322f5d4e,cex,-5703.76
2026-06-15,0x9b0c45d46d386cedd98873168c36efd0dcba8d46,cex,-45281.779
2026-06-15,0xa023f08c70a23abc7edfc5b6b5e171d78dfc947e,cex,300
2026-06-15,0xa9d1e08c7793af67e9d92fe308d5697fb81d3e43,cex,87484.47545384
2026-06-15,0xab782bc7d4a2b306825de5a7730034f8f63ee1bc,cex,-44
2026-06-15,0xcc282e2004428939ee5149a9e7872f0b4d5d5ec7,cex,-260880.71427
2026-06-15,0xcffad3200574698b78f32232aa9d63eabd290703,cex,371812.82
2026-06-15,0xd2dd7b597fd2435b6db61ddf48544fd931e6869f,cex,-44269.61247
2026-06-15,0xdf5e3a1ed0c14a53eee240022301ecb9d267671b,cex,186443.51203603
2026-06-16,0x0d0707963952f2fba59dd06f2b425ace40b492fe,cex,-652778.54989532
2026-06-16,0x15da7556d5ed888306839bed06f868aeaedcb0d7,cex,-402214
2026-06-16,0x33a64dcdfa041befebc9161a3e0c6180cd94fa89,cex,-3883.59975164
2026-06-16,0x52c77b0cb827afbad022e6d6caf2c44452edbc39,lp,-853062.7070177
2026-06-16,0x651641299c7ec0aa44ad7ed9b7e12702fed2022f,cex,-3568973.86062178
2026-06-16,0x73d8bd54f7cf5fab43fe4ef40a62d390644946db,cex,-189562.97209861
2026-06-16,0x93228d328c9c74c2bfe9f97638bbb5ef322f2bd5,cex,-64146.44885895
2026-06-16,0x9642b23ed1e01df1092b92641051881a322f5d4e,cex,-57417.01757465
2026-06-16,0x9b0c45d46d386cedd98873168c36efd0dcba8d46,cex,-323810
2026-06-16,0xa023f08c70a23abc7edfc5b6b5e171d78dfc947e,cex,17179
2026-06-16,0xa9d1e08c7793af67e9d92fe308d5697fb81d3e43,cex,-217817.01156661
2026-06-16,0xab782bc7d4a2b306825de5a7730034f8f63ee1bc,cex,-264865.51917218
2026-06-16,0xcc282e2004428939ee5149a9e7872f0b4d5d5ec7,cex,235.78735
2026-06-16,0xcffad3200574698b78f32232aa9d63eabd290703,cex,-89360
2026-06-16,0xd2dd7b597fd2435b6db61ddf48544fd931e6869f,cex,16232.64099
2026-06-16,0xdf5e3a1ed0c14a53eee240022301ecb9d267671b,cex,-602560.29335858
2026-06-16,0xe8c15aad9d4cd3f59c9dfa18828b91a8b2c49596,cex,-175200
2026-06-17,0x0d0707963952f2fba59dd06f2b425ace40b492fe,cex,2326717.93325083
2026-06-17,0x15da7556d5ed888306839bed06f868aeaedcb0d7,cex,-590063
2026-06-17,0x21a31ee1afc51d94c2efccaa2092ad1028285549,cex,-499999
2026-06-17,0x33a64dcdfa041befebc9161a3e0c6180cd94fa89,cex,-977.42396979
2026-06-17,0x52c77b0cb827afbad022e6d6caf2c44452edbc39,lp,-631907.67853319
2026-06-17,0x651641299c7ec0aa44ad7ed9b7e12702fed2022f,cex,5784151.71836486
2026-06-17,0x73d8bd54f7cf5fab43fe4ef40a62d390644946db,cex,-30702.48248823
2026-06-17,0x7dafba1d69f6c01ae7567ffd7b046ca03b706f83,cex,746246.00672
2026-06-17,0x91dca37856240e5e1906222ec79278b16420dc92,cex,-43567.15268612
2026-06-17,0x93228d328c9c74c2bfe9f97638bbb5ef322f2bd5,cex,-43592.3857
2026-06-17,0x9642b23ed1e01df1092b92641051881a322f5d4e,cex,-64895.86617587
2026-06-17,0x9b0c45d46d386cedd98873168c36efd0dcba8d46,cex,-9110.53
2026-06-17,0xa023f08c70a23abc7edfc5b6b5e171d78dfc947e,cex,22855.41980429
2026-06-17,0xa9d1e08c7793af67e9d92fe308d5697fb81d3e43,cex,-175268.46505493
2026-06-17,0xab782bc7d4a2b306825de5a7730034f8f63ee1bc,cex,-355119.98962981
2026-06-17,0xc882b111a75c0c657fc507c04fbfcd2cc984f071,cex,-2070393.3747412
2026-06-17,0xcc282e2004428939ee5149a9e7872f0b4d5d5ec7,cex,8.1711
2026-06-17,0xcffad3200574698b78f32232aa9d63eabd290703,cex,-24206.42
2026-06-17,0xd2dd7b597fd2435b6db61ddf48544fd931e6869f,cex,-327238.42966
2026-06-17,0xdf5e3a1ed0c14a53eee240022301ecb9d267671b,cex,950925.98721008
2026-06-18,0x0529ea5885702715e83923c59746ae8734c553b7,cex,-30633.19474
2026-06-18,0x0d0707963952f2fba59dd06f2b425ace40b492fe,cex,-227551.96071278
2026-06-18,0x15da7556d5ed888306839bed06f868aeaedcb0d7,cex,505804
2026-06-18,0x33a64dcdfa041befebc9161a3e0c6180cd94fa89,cex,-13.55451858
2026-06-18,0x377b8ce04761754e8ac153b47805a9cf6b190873,cex,4708.72058145
2026-06-18,0x52c77b0cb827afbad022e6d6caf2c44452edbc39,lp,547801.34993356
2026-06-18,0x651641299c7ec0aa44ad7ed9b7e12702fed2022f,cex,2214543.36876265
2026-06-18,0x73d8bd54f7cf5fab43fe4ef40a62d390644946db,cex,10650.6667708
2026-06-18,0x91dca37856240e5e1906222ec79278b16420dc92,cex,-141721.7636425
2026-06-18,0x93228d328c9c74c2bfe9f97638bbb5ef322f2bd5,cex,46176.84125
2026-06-18,0x9642b23ed1e01df1092b92641051881a322f5d4e,cex,-63734.6
2026-06-18,0x9b0c45d46d386cedd98873168c36efd0dcba8d46,cex,-187075.372
2026-06-18,0xa9d1e08c7793af67e9d92fe308d5697fb81d3e43,cex,55164.28516324
2026-06-18,0xab782bc7d4a2b306825de5a7730034f8f63ee1bc,cex,73013.33745226
2026-06-18,0xcc282e2004428939ee5149a9e7872f0b4d5d5ec7,cex,2.82318
2026-06-18,0xd2dd7b597fd2435b6db61ddf48544fd931e6869f,cex,782416.21498
2026-06-18,0xdf5e3a1ed0c14a53eee240022301ecb9d267671b,cex,-816087.60412247
2026-06-19,0x0d0707963952f2fba59dd06f2b425ace40b492fe,cex,241326.81610565
2026-06-19,0x21a31ee1afc51d94c2efccaa2092ad1028285549,cex,-703.2135785
2026-06-19,0x33a64dcdfa041befebc9161a3e0c6180cd94fa89,cex,-3356.94638956
2026-06-19,0x377b8ce04761754e8ac153b47805a9cf6b190873,cex,1112
2026-06-19,0x52c77b0cb827afbad022e6d6caf2c44452edbc39,lp,161492.16511575
2026-06-19,0x651641299c7ec0aa44ad7ed9b7e12702fed2022f,cex,1791597.33046361
2026-06-19,0x73d8bd54f7cf5fab43fe4ef40a62d390644946db,cex,-18089.89174572
2026-06-19,0x93228d328c9c74c2bfe9f97638bbb5ef322f2bd5,cex,7050.64473609
2026-06-19,0x9642b23ed1e01df1092b92641051881a322f5d4e,cex,-8500.07
2026-06-19,0x9b0c45d46d386cedd98873168c36efd0dcba8d46,cex,-101315
2026-06-19,0xa9d1e08c7793af67e9d92fe308d5697fb81d3e43,cex,-167573.78470272
2026-06-19,0xab782bc7d4a2b306825de5a7730034f8f63ee1bc,cex,150752.47108956
2026-06-19,0xcc282e2004428939ee5149a9e7872f0b4d5d5ec7,cex,10.77264
2026-06-19,0xcffad3200574698b78f32232aa9d63eabd290703,cex,100
2026-06-19,0xd2dd7b597fd2435b6db61ddf48544fd931e6869f,cex,90569.68362
2026-06-19,0xdf5e3a1ed0c14a53eee240022301ecb9d267671b,cex,109715.16799754
2026-06-19,0xe8c15aad9d4cd3f59c9dfa18828b91a8b2c49596,cex,80000
2026-06-20,0x0d0707963952f2fba59dd06f2b425ace40b492fe,cex,-82917.29896905
2026-06-20,0x52c77b0cb827afbad022e6d6caf2c44452edbc39,lp,-94769.86722799
2026-06-20,0x651641299c7ec0aa44ad7ed9b7e12702fed2022f,cex,-55570.97080726
2026-06-20,0x73d8bd54f7cf5fab43fe4ef40a62d390644946db,cex,4553.16962164
2026-06-20,0x93228d328c9c74c2bfe9f97638bbb5ef322f2bd5,cex,47.23
2026-06-20,0x9642b23ed1e01df1092b92641051881a322f5d4e,cex,38019.42854281
2026-06-20,0xa9d1e08c7793af67e9d92fe308d5697fb81d3e43,cex,143185.40090236
2026-06-20,0xab782bc7d4a2b306825de5a7730034f8f63ee1bc,cex,-51024.9189226
2026-06-20,0xcffad3200574698b78f32232aa9d63eabd290703,cex,81.1158
2026-06-20,0xdf5e3a1ed0c14a53eee240022301ecb9d267671b,cex,19307.82892668
2026-06-21,0x0d0707963952f2fba59dd06f2b425ace40b492fe,cex,134703.60134448
2026-06-21,0x52c77b0cb827afbad022e6d6caf2c44452edbc39,lp,203974.23212001
2026-06-21,0x651641299c7ec0aa44ad7ed9b7e12702fed2022f,cex,244058.36193647
2026-06-21,0x73d8bd54f7cf5fab43fe4ef40a62d390644946db,cex,2277.6346477
2026-06-21,0x9642b23ed1e01df1092b92641051881a322f5d4e,cex,108688.30732632
2026-06-21,0xa9d1e08c7793af67e9d92fe308d5697fb81d3e43,cex,-12262.67044013
2026-06-21,0xab782bc7d4a2b306825de5a7730034f8f63ee1bc,cex,-44927.75920706
2026-06-21,0xdf5e3a1ed0c14a53eee240022301ecb9d267671b,cex,-320137.94454
2026-06-21,0xe8c15aad9d4cd3f59c9dfa18828b91a8b2c49596,cex,130000
2026-06-22,0x0d0707963952f2fba59dd06f2b425ace40b492fe,cex,-147180.46270907
2026-06-22,0x15da7556d5ed888306839bed06f868aeaedcb0d7,cex,558254
2026-06-22,0x33a64dcdfa041befebc9161a3e0c6180cd94fa89,cex,1915.53752436
2026-06-22,0x52c77b0cb827afbad022e6d6caf2c44452edbc39,lp,-113209.58062996
2026-06-22,0x651641299c7ec0aa44ad7ed9b7e12702fed2022f,cex,348937.31394897
2026-06-22,0x73d8bd54f7cf5fab43fe4ef40a62d390644946db,cex,-7587.23979675
2026-06-22,0x93228d328c9c74c2bfe9f97638bbb5ef322f2bd5,cex,-11396.4
2026-06-22,0x9642b23ed1e01df1092b92641051881a322f5d4e,cex,-10251.97
2026-06-22,0x9b0c45d46d386cedd98873168c36efd0dcba8d46,cex,-558254
2026-06-22,0xa9d1e08c7793af67e9d92fe308d5697fb81d3e43,cex,-71501.15071167
2026-06-22,0xab782bc7d4a2b306825de5a7730034f8f63ee1bc,cex,-42143
2026-06-22,0xcc282e2004428939ee5149a9e7872f0b4d5d5ec7,cex,3.62497
2026-06-22,0xd2dd7b597fd2435b6db61ddf48544fd931e6869f,cex,-277635.72989
2026-06-22,0xdf5e3a1ed0c14a53eee240022301ecb9d267671b,cex,188620.28807707
2026-06-23,0x0d0707963952f2fba59dd06f2b425ace40b492fe,cex,-104173.9309797
2026-06-23,0x377b8ce04761754e8ac153b47805a9cf6b190873,cex,40691.22811156
2026-06-23,0x52c77b0cb827afbad022e6d6caf2c44452edbc39,lp,244293.7942584
2026-06-23,0x651641299c7ec0aa44ad7ed9b7e12702fed2022f,cex,623679.58059709
2026-06-23,0x73d8bd54f7cf5fab43fe4ef40a62d390644946db,cex,-62670.99126427
2026-06-23,0x91dca37856240e5e1906222ec79278b16420dc92,cex,-39890.93350893
2026-06-23,0x93228d328c9c74c2bfe9f97638bbb5ef322f2bd5,cex,11508.77048376
2026-06-23,0x9642b23ed1e01df1092b92641051881a322f5d4e,cex,-264.48
2026-06-23,0x9b0c45d46d386cedd98873168c36efd0dcba8d46,cex,715416.454
2026-06-23,0xa023f08c70a23abc7edfc5b6b5e171d78dfc947e,cex,16633.22140542
2026-06-23,0xa9d1e08c7793af67e9d92fe308d5697fb81d3e43,cex,70866.94034849
2026-06-23,0xab782bc7d4a2b306825de5a7730034f8f63ee1bc,cex,-2988.95812423
2026-06-23,0xcc282e2004428939ee5149a9e7872f0b4d5d5ec7,cex,24.70551
2026-06-23,0xcffad3200574698b78f32232aa9d63eabd290703,cex,-79675.5186209
2026-06-23,0xd2dd7b597fd2435b6db61ddf48544fd931e6869f,cex,-77896.46309
2026-06-23,0xdf5e3a1ed0c14a53eee240022301ecb9d267671b,cex,18413.49075035
2026-06-24,0x0d0707963952f2fba59dd06f2b425ace40b492fe,cex,-26319.4653167
2026-06-24,0x33a64dcdfa041befebc9161a3e0c6180cd94fa89,cex,1262.01615857
2026-06-24,0x377b8ce04761754e8ac153b47805a9cf6b190873,cex,2936.62514145
2026-06-24,0x52c77b0cb827afbad022e6d6caf2c44452edbc39,lp,-155254.07630251
2026-06-24,0x651641299c7ec0aa44ad7ed9b7e12702fed2022f,cex,41038.604063
2026-06-24,0x73d8bd54f7cf5fab43fe4ef40a62d390644946db,cex,-129016.73868906
2026-06-24,0x7dafba1d69f6c01ae7567ffd7b046ca03b706f83,cex,226710.86127
2026-06-24,0x91dca37856240e5e1906222ec79278b16420dc92,cex,61961.98247737
2026-06-24,0x93228d328c9c74c2bfe9f97638bbb5ef322f2bd5,cex,58462.27172525
2026-06-24,0x9642b23ed1e01df1092b92641051881a322f5d4e,cex,22643.75633842
2026-06-24,0xa9d1e08c7793af67e9d92fe308d5697fb81d3e43,cex,29280.12664176
2026-06-24,0xab782bc7d4a2b306825de5a7730034f8f63ee1bc,cex,226730.5929416
2026-06-24,0xd2dd7b597fd2435b6db61ddf48544fd931e6869f,cex,-36110.46077
2026-06-24,0xdf5e3a1ed0c14a53eee240022301ecb9d267671b,cex,-373642.97281692
2026-06-25,0x0529ea5885702715e83923c59746ae8734c553b7,cex,54227.5817225
2026-06-25,0x0d0707963952f2fba59dd06f2b425ace40b492fe,cex,-77776.95787537
2026-06-25,0x33a64dcdfa041befebc9161a3e0c6180cd94fa89,cex,-1008.1010101
2026-06-25,0x377b8ce04761754e8ac153b47805a9cf6b190873,cex,-1172
2026-06-25,0x52c77b0cb827afbad022e6d6caf2c44452edbc39,lp,202262.36742087
2026-06-25,0x651641299c7ec0aa44ad7ed9b7e12702fed2022f,cex,227335.4404421
2026-06-25,0x73d8bd54f7cf5fab43fe4ef40a62d390644946db,cex,-17715.4290618
2026-06-25,0x93228d328c9c74c2bfe9f97638bbb5ef322f2bd5,cex,3983.11541116
2026-06-25,0x9642b23ed1e01df1092b92641051881a322f5d4e,cex,4308.91
2026-06-25,0xa023f08c70a23abc7edfc5b6b5e171d78dfc947e,cex,9998.79209178
2026-06-25,0xa9d1e08c7793af67e9d92fe308d5697fb81d3e43,cex,23912.31572603
2026-06-25,0xab782bc7d4a2b306825de5a7730034f8f63ee1bc,cex,1591.65235708
2026-06-25,0xd2dd7b597fd2435b6db61ddf48544fd931e6869f,cex,-41374.34806
2026-06-25,0xdf5e3a1ed0c14a53eee240022301ecb9d267671b,cex,-1928.02494158
2026-06-26,0x0d0707963952f2fba59dd06f2b425ace40b492fe,cex,60738.7366168
2026-06-26,0x33a64dcdfa041befebc9161a3e0c6180cd94fa89,cex,2220.54801076
2026-06-26,0x377b8ce04761754e8ac153b47805a9cf6b190873,cex,-30654
2026-06-26,0x52c77b0cb827afbad022e6d6caf2c44452edbc39,lp,-106400.59278342
2026-06-26,0x651641299c7ec0aa44ad7ed9b7e12702fed2022f,cex,-395221.59169796
2026-06-26,0x73d8bd54f7cf5fab43fe4ef40a62d390644946db,cex,-14291.72949886
2026-06-26,0x91dca37856240e5e1906222ec79278b16420dc92,cex,89109.17772848
2026-06-26,0x93228d328c9c74c2bfe9f97638bbb5ef322f2bd5,cex,817.91439161
2026-06-26,0x9642b23ed1e01df1092b92641051881a322f5d4e,cex,-146342.20775
2026-06-26,0x9b0c45d46d386cedd98873168c36efd0dcba8d46,cex,-127745
2026-06-26,0xa9d1e08c7793af67e9d92fe308d5697fb81d3e43,cex,19435.94302163
2026-06-26,0xab782bc7d4a2b306825de5a7730034f8f63ee1bc,cex,7525.24108
2026-06-26,0xd2dd7b597fd2435b6db61ddf48544fd931e6869f,cex,50223.60096
2026-06-26,0xdf5e3a1ed0c14a53eee240022301ecb9d267671b,cex,113980.7706079
2026-06-26,0xe8c15aad9d4cd3f59c9dfa18828b91a8b2c49596,cex,150000
2026-06-27,0x0d0707963952f2fba59dd06f2b425ace40b492fe,cex,-25439.04990549
2026-06-27,0x33a64dcdfa041befebc9161a3e0c6180cd94fa89,cex,-2587.62148854
2026-06-27,0x377b8ce04761754e8ac153b47805a9cf6b190873,cex,-5806
2026-06-27,0x52c77b0cb827afbad022e6d6caf2c44452edbc39,lp,-242256.96021028
2026-06-27,0x548054687ef6c56c6d82e8269e5fd93d8b88fcb2,cex,-58115.08391358
2026-06-27,0x651641299c7ec0aa44ad7ed9b7e12702fed2022f,cex,-106921.01712352
2026-06-27,0x73d8bd54f7cf5fab43fe4ef40a62d390644946db,cex,-34669.19336992
2026-06-27,0x91dca37856240e5e1906222ec79278b16420dc92,cex,-35047.736
2026-06-27,0x93228d328c9c74c2bfe9f97638bbb5ef322f2bd5,cex,2089.58636086
2026-06-27,0x9642b23ed1e01df1092b92641051881a322f5d4e,cex,-16554.85
2026-06-27,0x9b0c45d46d386cedd98873168c36efd0dcba8d46,cex,98296.377
2026-06-27,0xa9d1e08c7793af67e9d92fe308d5697fb81d3e43,cex,46947.70438481
2026-06-27,0xab782bc7d4a2b306825de5a7730034f8f63ee1bc,cex,238598.68905256
2026-06-27,0xcffad3200574698b78f32232aa9d63eabd290703,cex,521.61499
2026-06-27,0xdf5e3a1ed0c14a53eee240022301ecb9d267671b,cex,170118.68529965
2026-06-27,0xe8c15aad9d4cd3f59c9dfa18828b91a8b2c49596,cex,40000
2026-06-28,0x0d0707963952f2fba59dd06f2b425ace40b492fe,cex,-39165.2523228
2026-06-28,0x21a31ee1afc51d94c2efccaa2092ad1028285549,cex,-15.94874918
2026-06-28,0x377b8ce04761754e8ac153b47805a9cf6b190873,cex,333
2026-06-28,0x52c77b0cb827afbad022e6d6caf2c44452edbc39,lp,186607.48542304
2026-06-28,0x651641299c7ec0aa44ad7ed9b7e12702fed2022f,cex,357486.58413911
2026-06-28,0x73d8bd54f7cf5fab43fe4ef40a62d390644946db,cex,-25152.79719727
2026-06-28,0x91dca37856240e5e1906222ec79278b16420dc92,cex,1139
2026-06-28,0x93228d328c9c74c2bfe9f97638bbb5ef322f2bd5,cex,26771.70721907
2026-06-28,0x9642b23ed1e01df1092b92641051881a322f5d4e,cex,-41414.72235449
2026-06-28,0xa9d1e08c7793af67e9d92fe308d5697fb81d3e43,cex,-122259.49539937
2026-06-28,0xab782bc7d4a2b306825de5a7730034f8f63ee1bc,cex,45277.36667028
2026-06-28,0xdf5e3a1ed0c14a53eee240022301ecb9d267671b,cex,-72653.94508487
2026-06-29,0x0d0707963952f2fba59dd06f2b425ace40b492fe,cex,-77380.89740911
2026-06-29,0x33a64dcdfa041befebc9161a3e0c6180cd94fa89,cex,-13050.70799237
2026-06-29,0x377b8ce04761754e8ac153b47805a9cf6b190873,cex,2675
2026-06-29,0x52c77b0cb827afbad022e6d6caf2c44452edbc39,lp,-229733.28466558
2026-06-29,0x651641299c7ec0aa44ad7ed9b7e12702fed2022f,cex,162956.09736268
2026-06-29,0x73d8bd54f7cf5fab43fe4ef40a62d390644946db,cex,-26919.19781574
2026-06-29,0x93228d328c9c74c2bfe9f97638bbb5ef322f2bd5,cex,7029.74442
2026-06-29,0x9642b23ed1e01df1092b92641051881a322f5d4e,cex,-7010.42590346
2026-06-29,0xa9d1e08c7793af67e9d92fe308d5697fb81d3e43,cex,196490.72913254
2026-06-29,0xab782bc7d4a2b306825de5a7730034f8f63ee1bc,cex,21055.44208866
2026-06-29,0xcffad3200574698b78f32232aa9d63eabd290703,cex,8453.06296633
2026-06-29,0xdf5e3a1ed0c14a53eee240022301ecb9d267671b,cex,-1049596.0029058
2026-06-30,0x0d0707963952f2fba59dd06f2b425ace40b492fe,cex,-54856.05703433
2026-06-30,0x33a64dcdfa041befebc9161a3e0c6180cd94fa89,cex,-8059.43107753
2026-06-30,0x377b8ce04761754e8ac153b47805a9cf6b190873,cex,5193
2026-06-30,0x52c77b0cb827afbad022e6d6caf2c44452edbc39,lp,130152.91412642
2026-06-30,0x651641299c7ec0aa44ad7ed9b7e12702fed2022f,cex,-760020.63909506
2026-06-30,0x73d8bd54f7cf5fab43fe4ef40a62d390644946db,cex,-27021.68875974
2026-06-30,0x93228d328c9c74c2bfe9f97638bbb5ef322f2bd5,cex,39246.6039175
2026-06-30,0x9642b23ed1e01df1092b92641051881a322f5d4e,cex,-89069.65896297
2026-06-30,0xa9d1e08c7793af67e9d92fe308d5697fb81d3e43,cex,131031.82255948
2026-06-30,0xab782bc7d4a2b306825de5a7730034f8f63ee1bc,cex,-128739.75511881
2026-06-30,0xcffad3200574698b78f32232aa9d63eabd290703,cex,9630.35647216
2026-06-30,0xd2dd7b597fd2435b6db61ddf48544fd931e6869f,cex,-97716.40225
2026-06-30,0xdf5e3a1ed0c14a53eee240022301ecb9d267671b,cex,184853.60712796
2026-07-01,0x0d0707963952f2fba59dd06f2b425ace40b492fe,cex,-133695.91751617
2026-07-01,0x21a31ee1afc51d94c2efccaa2092ad1028285549,cex,-13636.45065167
2026-07-01,0x377b8ce04761754e8ac153b47805a9cf6b190873,cex,838
2026-07-01,0x52c77b0cb827afbad022e6d6caf2c44452edbc39,lp,-57144.76182049
2026-07-01,0x651641299c7ec0aa44ad7ed9b7e12702fed2022f,cex,247297.68212451
2026-07-01,0x73d8bd54f7cf5fab43fe4ef40a62d390644946db,cex,-5781.35927641
2026-07-01,0x7dafba1d69f6c01ae7567ffd7b046ca03b706f83,cex,-175825.09938
2026-07-01,0x91dca37856240e5e1906222ec79278b16420dc92,cex,422.190859
2026-07-01,0x93228d328c9c74c2bfe9f97638bbb5ef322f2bd5,cex,-114.40222
2026-07-01,0x9642b23ed1e01df1092b92641051881a322f5d4e,cex,-65181.4889635
2026-07-01,0xa9d1e08c7793af67e9d92fe308d5697fb81d3e43,cex,44617.85640862
2026-07-01,0xab782bc7d4a2b306825de5a7730034f8f63ee1bc,cex,21280.48120124
2026-07-01,0xcffad3200574698b78f32232aa9d63eabd290703,cex,40
2026-07-01,0xd2dd7b597fd2435b6db61ddf48544fd931e6869f,cex,173478.00236
2026-07-01,0xdc154fcee1babb560e8528c3a7791527f01423df,custody,8686.2096
2026-07-01,0xdf5e3a1ed0c14a53eee240022301ecb9d267671b,cex,-134865.15250505
2026-07-02,0x0529ea5885702715e83923c59746ae8734c553b7,cex,64995.1747069
2026-07-02,0x0d0707963952f2fba59dd06f2b425ace40b492fe,cex,76437.52704407
2026-07-02,0x15da7556d5ed888306839bed06f868aeaedcb0d7,cex,-323621
2026-07-02,0x21a31ee1afc51d94c2efccaa2092ad1028285549,cex,-38489.96336288
2026-07-02,0x33a64dcdfa041befebc9161a3e0c6180cd94fa89,cex,250585.95710899
2026-07-02,0x52c77b0cb827afbad022e6d6caf2c44452edbc39,lp,23025.50745707
2026-07-02,0x651641299c7ec0aa44ad7ed9b7e12702fed2022f,cex,85802.14644068
2026-07-02,0x73d8bd54f7cf5fab43fe4ef40a62d390644946db,cex,16425.82711304
2026-07-02,0x93228d328c9c74c2bfe9f97638bbb5ef322f2bd5,cex,-601.23781135
2026-07-02,0x9642b23ed1e01df1092b92641051881a322f5d4e,cex,-13203.03274361
2026-07-02,0x9b0c45d46d386cedd98873168c36efd0dcba8d46,cex,60111.677
2026-07-02,0xa023f08c70a23abc7edfc5b6b5e171d78dfc947e,cex,102147.67
2026-07-02,0xa9d1e08c7793af67e9d92fe308d5697fb81d3e43,cex,-318496.1585401
2026-07-02,0xab782bc7d4a2b306825de5a7730034f8f63ee1bc,cex,-63479.73959646
2026-07-02,0xcffad3200574698b78f32232aa9d63eabd290703,cex,-102132.67
2026-07-02,0xd2dd7b597fd2435b6db61ddf48544fd931e6869f,cex,-95936.85081
2026-07-02,0xdf5e3a1ed0c14a53eee240022301ecb9d267671b,cex,440923.20861401
2026-07-03,0x0d0707963952f2fba59dd06f2b425ace40b492fe,cex,22022.57788413
2026-07-03,0x21a31ee1afc51d94c2efccaa2092ad1028285549,cex,-263056.66256309
2026-07-03,0x33a64dcdfa041befebc9161a3e0c6180cd94fa89,cex,-1940.79939149
2026-07-03,0x52c77b0cb827afbad022e6d6caf2c44452edbc39,lp,-435645.72922386
2026-07-03,0x651641299c7ec0aa44ad7ed9b7e12702fed2022f,cex,-1499287.52228503
2026-07-03,0x73d8bd54f7cf5fab43fe4ef40a62d390644946db,cex,17103.17672369
2026-07-03,0x91dca37856240e5e1906222ec79278b16420dc92,cex,-57328
2026-07-03,0x93228d328c9c74c2bfe9f97638bbb5ef322f2bd5,cex,-35294.96
2026-07-03,0x9642b23ed1e01df1092b92641051881a322f5d4e,cex,-37322.84116652
2026-07-03,0xa9d1e08c7793af67e9d92fe308d5697fb81d3e43,cex,92265.52778696
2026-07-03,0xab782bc7d4a2b306825de5a7730034f8f63ee1bc,cex,-172706.93384608
2026-07-03,0xcc282e2004428939ee5149a9e7872f0b4d5d5ec7,cex,182.60594
2026-07-03,0xcffad3200574698b78f32232aa9d63eabd290703,cex,-17625.74908
2026-07-03,0xdf5e3a1ed0c14a53eee240022301ecb9d267671b,cex,567395.35603942
2026-07-04,0x0d0707963952f2fba59dd06f2b425ace40b492fe,cex,320410.56354968
2026-07-04,0x15da7556d5ed888306839bed06f868aeaedcb0d7,cex,-375448
2026-07-04,0x21a31ee1afc51d94c2efccaa2092ad1028285549,cex,779548.39646467
2026-07-04,0x33a64dcdfa041befebc9161a3e0c6180cd94fa89,cex,-102.41223646
2026-07-04,0x377b8ce04761754e8ac153b47805a9cf6b190873,cex,1505
2026-07-04,0x52c77b0cb827afbad022e6d6caf2c44452edbc39,lp,183010.87496324
2026-07-04,0x651641299c7ec0aa44ad7ed9b7e12702fed2022f,cex,1219081.5317184
2026-07-04,0x73d8bd54f7cf5fab43fe4ef40a62d390644946db,cex,7172.84437672
2026-07-04,0x91dca37856240e5e1906222ec79278b16420dc92,cex,-26477.55218285
2026-07-04,0x9642b23ed1e01df1092b92641051881a322f5d4e,cex,-16868.91611963
2026-07-04,0x9b0c45d46d386cedd98873168c36efd0dcba8d46,cex,375448
2026-07-04,0xa023f08c70a23abc7edfc5b6b5e171d78dfc947e,cex,7418.47
2026-07-04,0xa9d1e08c7793af67e9d92fe308d5697fb81d3e43,cex,-262752.58911564
2026-07-04,0xab782bc7d4a2b306825de5a7730034f8f63ee1bc,cex,-96738.10320458
2026-07-04,0xdf5e3a1ed0c14a53eee240022301ecb9d267671b,cex,954701.59067036
2026-07-05,0x0d0707963952f2fba59dd06f2b425ace40b492fe,cex,98010.32728375
2026-07-05,0x15da7556d5ed888306839bed06f868aeaedcb0d7,cex,275666
2026-07-05,0x21a31ee1afc51d94c2efccaa2092ad1028285549,cex,-73201.67578876
2026-07-05,0x52c77b0cb827afbad022e6d6caf2c44452edbc39,lp,155483.80787996
2026-07-05,0x651641299c7ec0aa44ad7ed9b7e12702fed2022f,cex,197227.84725108
2026-07-05,0x73d8bd54f7cf5fab43fe4ef40a62d390644946db,cex,5902.23471192
2026-07-05,0x91dca37856240e5e1906222ec79278b16420dc92,cex,10766.87253781
2026-07-05,0x93228d328c9c74c2bfe9f97638bbb5ef322f2bd5,cex,791.83983609
2026-07-05,0x9642b23ed1e01df1092b92641051881a322f5d4e,cex,115.51
2026-07-05,0x9b0c45d46d386cedd98873168c36efd0dcba8d46,cex,-359835
2026-07-05,0xa9d1e08c7793af67e9d92fe308d5697fb81d3e43,cex,62091.4465885
2026-07-05,0xab782bc7d4a2b306825de5a7730034f8f63ee1bc,cex,-211836.06251953
2026-07-05,0xdf5e3a1ed0c14a53eee240022301ecb9d267671b,cex,293744.84084875
2026-07-06,0x0d0707963952f2fba59dd06f2b425ace40b492fe,cex,-182144.31264315
2026-07-06,0x15da7556d5ed888306839bed06f868aeaedcb0d7,cex,381183
2026-07-06,0x21a31ee1afc51d94c2efccaa2092ad1028285549,cex,-67516.78656339
2026-07-06,0x33a64dcdfa041befebc9161a3e0c6180cd94fa89,cex,3254.7258239
2026-07-06,0x377b8ce04761754e8ac153b47805a9cf6b190873,cex,2297
2026-07-06,0x52c77b0cb827afbad022e6d6caf2c44452edbc39,lp,-95221.82603888
2026-07-06,0x651641299c7ec0aa44ad7ed9b7e12702fed2022f,cex,147477.58729378
2026-07-06,0x73d8bd54f7cf5fab43fe4ef40a62d390644946db,cex,-7023.03346074
2026-07-06,0x91dca37856240e5e1906222ec79278b16420dc92,cex,93871.89584023
2026-07-06,0x93228d328c9c74c2bfe9f97638bbb5ef322f2bd5,cex,331.92
2026-07-06,0x9642b23ed1e01df1092b92641051881a322f5d4e,cex,-11472.029886
2026-07-06,0x9b0c45d46d386cedd98873168c36efd0dcba8d46,cex,-381183
2026-07-06,0xa9d1e08c7793af67e9d92fe308d5697fb81d3e43,cex,-163194.88297015
2026-07-06,0xab782bc7d4a2b306825de5a7730034f8f63ee1bc,cex,196844.48868668
2026-07-06,0xb0a3a2b60e969afd26561429aa4c1444c57e4411,cex,-370000
2026-07-06,0xcc282e2004428939ee5149a9e7872f0b4d5d5ec7,cex,3.05098
2026-07-06,0xdf5e3a1ed0c14a53eee240022301ecb9d267671b,cex,211282.25287383
2026-07-07,0x0d0707963952f2fba59dd06f2b425ace40b492fe,cex,-31053.58087574
2026-07-07,0x21a31ee1afc51d94c2efccaa2092ad1028285549,cex,-111308.36988394
2026-07-07,0x377b8ce04761754e8ac153b47805a9cf6b190873,cex,7576
2026-07-07,0x52c77b0cb827afbad022e6d6caf2c44452edbc39,lp,358074.6811691
2026-07-07,0x651641299c7ec0aa44ad7ed9b7e12702fed2022f,cex,461565.3899513
2026-07-07,0x73d8bd54f7cf5fab43fe4ef40a62d390644946db,cex,-4472.04517972
2026-07-07,0x93228d328c9c74c2bfe9f97638bbb5ef322f2bd5,cex,1200
2026-07-07,0x9642b23ed1e01df1092b92641051881a322f5d4e,cex,11380.55418713
2026-07-07,0x9b0c45d46d386cedd98873168c36efd0dcba8d46,cex,327916.646
2026-07-07,0xa9d1e08c7793af67e9d92fe308d5697fb81d3e43,cex,101651.49209022
2026-07-07,0xab782bc7d4a2b306825de5a7730034f8f63ee1bc,cex,71429.49175968
2026-07-07,0xcc282e2004428939ee5149a9e7872f0b4d5d5ec7,cex,1.04288
2026-07-07,0xcffad3200574698b78f32232aa9d63eabd290703,cex,-461.23
2026-07-07,0xd2dd7b597fd2435b6db61ddf48544fd931e6869f,cex,30808.6161
2026-07-07,0xdc154fcee1babb560e8528c3a7791527f01423df,custody,25998.60167
2026-07-07,0xdf5e3a1ed0c14a53eee240022301ecb9d267671b,cex,-73093.08918
2026-07-08,0x0d0707963952f2fba59dd06f2b425ace40b492fe,cex,10569.7021778
2026-07-08,0x52c77b0cb827afbad022e6d6caf2c44452edbc39,lp,-78453.62700942
2026-07-08,0x651641299c7ec0aa44ad7ed9b7e12702fed2022f,cex,347485.82116634
2026-07-08,0x73d8bd54f7cf5fab43fe4ef40a62d390644946db,cex,-1590.8340752
2026-07-08,0x7dafba1d69f6c01ae7567ffd7b046ca03b706f83,cex,102950.63361
2026-07-08,0x93228d328c9c74c2bfe9f97638bbb5ef322f2bd5,cex,30.71273406
2026-07-08,0x9642b23ed1e01df1092b92641051881a322f5d4e,cex,-30782.3786
2026-07-08,0x9b0c45d46d386cedd98873168c36efd0dcba8d46,cex,-107288
2026-07-08,0xa9d1e08c7793af67e9d92fe308d5697fb81d3e43,cex,-15945.57245736
2026-07-08,0xab782bc7d4a2b306825de5a7730034f8f63ee1bc,cex,932
2026-07-08,0xcc282e2004428939ee5149a9e7872f0b4d5d5ec7,cex,0.10184
2026-07-08,0xdf5e3a1ed0c14a53eee240022301ecb9d267671b,cex,43190.19528035
2026-07-09,0x0d0707963952f2fba59dd06f2b425ace40b492fe,cex,-185985.88
2026-07-09,0x21a31ee1afc51d94c2efccaa2092ad1028285549,cex,-12590.89766894
2026-07-09,0x33a64dcdfa041befebc9161a3e0c6180cd94fa89,cex,148.1547328
2026-07-09,0x377b8ce04761754e8ac153b47805a9cf6b190873,cex,62
2026-07-09,0x52c77b0cb827afbad022e6d6caf2c44452edbc39,lp,24712.71739553
2026-07-09,0x651641299c7ec0aa44ad7ed9b7e12702fed2022f,cex,-109893.7777393
2026-07-09,0x73d8bd54f7cf5fab43fe4ef40a62d390644946db,cex,2890.85286187
2026-07-09,0x93228d328c9c74c2bfe9f97638bbb5ef322f2bd5,cex,3025.2
2026-07-09,0x9642b23ed1e01df1092b92641051881a322f5d4e,cex,48223.39
2026-07-09,0xa9d1e08c7793af67e9d92fe308d5697fb81d3e43,cex,362700.51417045
2026-07-09,0xab782bc7d4a2b306825de5a7730034f8f63ee1bc,cex,92427.325
2026-07-09,0xcc282e2004428939ee5149a9e7872f0b4d5d5ec7,cex,1.62336
2026-07-09,0xcffad3200574698b78f32232aa9d63eabd290703,cex,1795.22116163
2026-07-09,0xd2dd7b597fd2435b6db61ddf48544fd931e6869f,cex,54733.40553
2026-07-09,0xdf5e3a1ed0c14a53eee240022301ecb9d267671b,cex,-66556.0570868
2026-07-10,0x0d0707963952f2fba59dd06f2b425ace40b492fe,cex,72791.58112992
2026-07-10,0x21a31ee1afc51d94c2efccaa2092ad1028285549,cex,-341675.8688119
2026-07-10,0x33a64dcdfa041befebc9161a3e0c6180cd94fa89,cex,5100.59186759
2026-07-10,0x52c77b0cb827afbad022e6d6caf2c44452edbc39,lp,220708.0971841
2026-07-10,0x651641299c7ec0aa44ad7ed9b7e12702fed2022f,cex,-149459.59824895
2026-07-10,0x73d8bd54f7cf5fab43fe4ef40a62d390644946db,cex,-1757.41836947
2026-07-10,0x91dca37856240e5e1906222ec79278b16420dc92,cex,-18248.8528883
2026-07-10,0x93228d328c9c74c2bfe9f97638bbb5ef322f2bd5,cex,62763.7172877
2026-07-10,0x9642b23ed1e01df1092b92641051881a322f5d4e,cex,1320.53
2026-07-10,0xa9d1e08c7793af67e9d92fe308d5697fb81d3e43,cex,-123621.72973231
2026-07-10,0xab782bc7d4a2b306825de5a7730034f8f63ee1bc,cex,36319.06
2026-07-10,0xcc282e2004428939ee5149a9e7872f0b4d5d5ec7,cex,0.95506
2026-07-10,0xd2dd7b597fd2435b6db61ddf48544fd931e6869f,cex,-17575.37917
2026-07-10,0xdf5e3a1ed0c14a53eee240022301ecb9d267671b,cex,438271.45514972
2026-07-11,0x0d0707963952f2fba59dd06f2b425ace40b492fe,cex,-39335.61358284
2026-07-11,0x21a31ee1afc51d94c2efccaa2092ad1028285549,cex,-9624.71202839
2026-07-11,0x377b8ce04761754e8ac153b47805a9cf6b190873,cex,9968
2026-07-11,0x52c77b0cb827afbad022e6d6caf2c44452edbc39,lp,17745.89351925
2026-07-11,0x651641299c7ec0aa44ad7ed9b7e12702fed2022f,cex,94504.42647763
2026-07-11,0x73d8bd54f7cf5fab43fe4ef40a62d390644946db,cex,-1223.80401814
2026-07-11,0x9642b23ed1e01df1092b92641051881a322f5d4e,cex,-12866.87248209
2026-07-11,0xa9d1e08c7793af67e9d92fe308d5697fb81d3e43,cex,-26578.58293128
2026-07-11,0xab782bc7d4a2b306825de5a7730034f8f63ee1bc,cex,141123.42544774
2026-07-11,0xdf5e3a1ed0c14a53eee240022301ecb9d267671b,cex,384170.76810986
2026-07-12,0x52c77b0cb827afbad022e6d6caf2c44452edbc39,lp,-17307.90069434
2026-07-12,0x651641299c7ec0aa44ad7ed9b7e12702fed2022f,cex,-17594.47245101
2026-07-12,0x73d8bd54f7cf5fab43fe4ef40a62d390644946db,cex,-2182.3849922
2026-07-12,0x9642b23ed1e01df1092b92641051881a322f5d4e,cex,1500
2026-07-12,0xa9d1e08c7793af67e9d92fe308d5697fb81d3e43,cex,-59365.03722663
2026-07-12,0xab782bc7d4a2b306825de5a7730034f8f63ee1bc,cex,-65361
2026-07-12,0xdf5e3a1ed0c14a53eee240022301ecb9d267671b,cex,-36494.22562
2026-07-13,0x0d0707963952f2fba59dd06f2b425ace40b492fe,cex,-83715.3699735
2026-07-13,0x21a31ee1afc51d94c2efccaa2092ad1028285549,cex,-11925.46924241
2026-07-13,0x52c77b0cb827afbad022e6d6caf2c44452edbc39,lp,407199.13361565
2026-07-13,0x651641299c7ec0aa44ad7ed9b7e12702fed2022f,cex,146797.31720989
2026-07-13,0x73d8bd54f7cf5fab43fe4ef40a62d390644946db,cex,-9990.52304299
2026-07-13,0x93228d328c9c74c2bfe9f97638bbb5ef322f2bd5,cex,576.3201
2026-07-13,0x9642b23ed1e01df1092b92641051881a322f5d4e,cex,91220.69035956
2026-07-13,0xa9d1e08c7793af67e9d92fe308d5697fb81d3e43,cex,-257890.08399755
2026-07-13,0xab782bc7d4a2b306825de5a7730034f8f63ee1bc,cex,-206157.60478576
2026-07-13,0xcc282e2004428939ee5149a9e7872f0b4d5d5ec7,cex,3.37421
2026-07-13,0xd2dd7b597fd2435b6db61ddf48544fd931e6869f,cex,348174.06913
2026-07-13,0xdc154fcee1babb560e8528c3a7791527f01423df,custody,7560.89246
2026-07-13,0xdf5e3a1ed0c14a53eee240022301ecb9d267671b,cex,-391790.19123945
2026-07-14,0x0d0707963952f2fba59dd06f2b425ace40b492fe,cex,-41377.8735582
2026-07-14,0x15da7556d5ed888306839bed06f868aeaedcb0d7,cex,445710
2026-07-14,0x21a31ee1afc51d94c2efccaa2092ad1028285549,cex,-46138.9987774
2026-07-14,0x33a64dcdfa041befebc9161a3e0c6180cd94fa89,cex,12595.15133024
2026-07-14,0x377b8ce04761754e8ac153b47805a9cf6b190873,cex,35498
2026-07-14,0x52c77b0cb827afbad022e6d6caf2c44452edbc39,lp,-257691.33389315
2026-07-14,0x651641299c7ec0aa44ad7ed9b7e12702fed2022f,cex,-422999.36562325
2026-07-14,0x73d8bd54f7cf5fab43fe4ef40a62d390644946db,cex,-61616.4888167
2026-07-14,0x91dca37856240e5e1906222ec79278b16420dc92,cex,41422.66546276
2026-07-14,0x93228d328c9c74c2bfe9f97638bbb5ef322f2bd5,cex,331156.78370282
2026-07-14,0x9642b23ed1e01df1092b92641051881a322f5d4e,cex,-4728.68
2026-07-14,0x9b0c45d46d386cedd98873168c36efd0dcba8d46,cex,-214036.711
2026-07-14,0xa9d1e08c7793af67e9d92fe308d5697fb81d3e43,cex,544098.80064344
2026-07-14,0xab782bc7d4a2b306825de5a7730034f8f63ee1bc,cex,39089.45799029
2026-07-14,0xcffad3200574698b78f32232aa9d63eabd290703,cex,29423.41
2026-07-14,0xd2dd7b597fd2435b6db61ddf48544fd931e6869f,cex,-51151.28463
2026-07-14,0xdf5e3a1ed0c14a53eee240022301ecb9d267671b,cex,19098.47156418
2026-07-15,0x0d0707963952f2fba59dd06f2b425ace40b492fe,cex,-64841.4597269
2026-07-15,0x21a31ee1afc51d94c2efccaa2092ad1028285549,cex,697076.7835724
2026-07-15,0x33a64dcdfa041befebc9161a3e0c6180cd94fa89,cex,-1349.79701548
2026-07-15,0x52c77b0cb827afbad022e6d6caf2c44452edbc39,lp,121276.58894133
2026-07-15,0x651641299c7ec0aa44ad7ed9b7e12702fed2022f,cex,2504.39387906
2026-07-15,0x73d8bd54f7cf5fab43fe4ef40a62d390644946db,cex,9770.90862934
2026-07-15,0x9642b23ed1e01df1092b92641051881a322f5d4e,cex,-6095.47
2026-07-15,0xa9d1e08c7793af67e9d92fe308d5697fb81d3e43,cex,-134994.18981902
2026-07-15,0xab782bc7d4a2b306825de5a7730034f8f63ee1bc,cex,3003.6020856
2026-07-15,0xcffad3200574698b78f32232aa9d63eabd290703,cex,12.52697524
2026-07-15,0xdf5e3a1ed0c14a53eee240022301ecb9d267671b,cex,8742.34145421
2026-07-16,0x0d0707963952f2fba59dd06f2b425ace40b492fe,cex,-537.38714872
2026-07-16,0x33a64dcdfa041befebc9161a3e0c6180cd94fa89,cex,100
2026-07-16,0x52c77b0cb827afbad022e6d6caf2c44452edbc39,lp,329498.72596022
2026-07-16,0x651641299c7ec0aa44ad7ed9b7e12702fed2022f,cex,360089.72191725
2026-07-16,0x73d8bd54f7cf5fab43fe4ef40a62d390644946db,cex,-1952.74572047
2026-07-16,0x9642b23ed1e01df1092b92641051881a322f5d4e,cex,-2256.13
2026-07-16,0xa9d1e08c7793af67e9d92fe308d5697fb81d3e43,cex,-325424.92609088
2026-07-16,0xab782bc7d4a2b306825de5a7730034f8f63ee1bc,cex,-74647
2026-07-16,0xcffad3200574698b78f32232aa9d63eabd290703,cex,695.77
2026-07-16,0xd2dd7b597fd2435b6db61ddf48544fd931e6869f,cex,-36099.66516
2026-07-16,0xdf5e3a1ed0c14a53eee240022301ecb9d267671b,cex,-462853.66046341
2026-07-17,0x0d0707963952f2fba59dd06f2b425ace40b492fe,cex,-9680.20207198
2026-07-17,0x21a31ee1afc51d94c2efccaa2092ad1028285549,cex,-25.30142808
2026-07-17,0x33a64dcdfa041befebc9161a3e0c6180cd94fa89,cex,-140.35976007
2026-07-17,0x52c77b0cb827afbad022e6d6caf2c44452edbc39,lp,-156296.62809776
2026-07-17,0x651641299c7ec0aa44ad7ed9b7e12702fed2022f,cex,78232.19690879
2026-07-17,0x73d8bd54f7cf5fab43fe4ef40a62d390644946db,cex,539.48999893
2026-07-17,0x91dca37856240e5e1906222ec79278b16420dc92,cex,1497.19789343
2026-07-17,0x9642b23ed1e01df1092b92641051881a322f5d4e,cex,19278.57320108
2026-07-17,0x9b0c45d46d386cedd98873168c36efd0dcba8d46,cex,-199189
2026-07-17,0xa9d1e08c7793af67e9d92fe308d5697fb81d3e43,cex,111163.31716334
2026-07-17,0xcc282e2004428939ee5149a9e7872f0b4d5d5ec7,cex,2.14902
2026-07-17,0xd2dd7b597fd2435b6db61ddf48544fd931e6869f,cex,140626.72631
2026-07-17,0xdf5e3a1ed0c14a53eee240022301ecb9d267671b,cex,-105958.72897
2026-07-18,0x0d0707963952f2fba59dd06f2b425ace40b492fe,cex,172.265271
2026-07-18,0x21a31ee1afc51d94c2efccaa2092ad1028285549,cex,-33287.00729689
2026-07-18,0x33a64dcdfa041befebc9161a3e0c6180cd94fa89,cex,37920.72574214
2026-07-18,0x52c77b0cb827afbad022e6d6caf2c44452edbc39,lp,320973.04879389
2026-07-18,0x651641299c7ec0aa44ad7ed9b7e12702fed2022f,cex,-52300.42896543
2026-07-18,0x73d8bd54f7cf5fab43fe4ef40a62d390644946db,cex,-2060.47787919
2026-07-18,0x9642b23ed1e01df1092b92641051881a322f5d4e,cex,2468.34086961
2026-07-18,0xa9d1e08c7793af67e9d92fe308d5697fb81d3e43,cex,-195640.93325246
2026-07-18,0xab782bc7d4a2b306825de5a7730034f8f63ee1bc,cex,199781.02713998
2026-07-18,0xcffad3200574698b78f32232aa9d63eabd290703,cex,959.96156248
2026-07-18,0xdf5e3a1ed0c14a53eee240022301ecb9d267671b,cex,-140519.08947
2026-07-19,0x0d0707963952f2fba59dd06f2b425ace40b492fe,cex,-3548.71
2026-07-19,0x21a31ee1afc51d94c2efccaa2092ad1028285549,cex,-8327.25421933
2026-07-19,0x52c77b0cb827afbad022e6d6caf2c44452edbc39,lp,47812.32180631
2026-07-19,0x651641299c7ec0aa44ad7ed9b7e12702fed2022f,cex,-57779.162093
2026-07-19,0x73d8bd54f7cf5fab43fe4ef40a62d390644946db,cex,-10584.65645303
2026-07-19,0x9642b23ed1e01df1092b92641051881a322f5d4e,cex,-5276.85
2026-07-19,0xa9d1e08c7793af67e9d92fe308d5697fb81d3e43,cex,421754.38436468
2026-07-19,0xab782bc7d4a2b306825de5a7730034f8f63ee1bc,cex,147810.35494605
2026-07-19,0xcffad3200574698b78f32232aa9d63eabd290703,cex,200
2026-07-19,0xdf5e3a1ed0c14a53eee240022301ecb9d267671b,cex,110194.66015421
2026-07-20,0x0d0707963952f2fba59dd06f2b425ace40b492fe,cex,-10326.43796547
2026-07-20,0x21a31ee1afc51d94c2efccaa2092ad1028285549,cex,-9778.31408966
2026-07-20,0x52c77b0cb827afbad022e6d6caf2c44452edbc39,lp,-93088.38684625
2026-07-20,0x651641299c7ec0aa44ad7ed9b7e12702fed2022f,cex,28059.72390708
2026-07-20,0x73d8bd54f7cf5fab43fe4ef40a62d390644946db,cex,6383.32421346
2026-07-20,0x93228d328c9c74c2bfe9f97638bbb5ef322f2bd5,cex,-2585.5923
2026-07-20,0xa9d1e08c7793af67e9d92fe308d5697fb81d3e43,cex,129201.74368499
2026-07-20,0xab782bc7d4a2b306825de5a7730034f8f63ee1bc,cex,109041.60506552
2026-07-20,0xcc282e2004428939ee5149a9e7872f0b4d5d5ec7,cex,1.54577
2026-07-20,0xcffad3200574698b78f32232aa9d63eabd290703,cex,481.33999327
2026-07-20,0xd2dd7b597fd2435b6db61ddf48544fd931e6869f,cex,23008.03589
2026-07-20,0xdf5e3a1ed0c14a53eee240022301ecb9d267671b,cex,-111577.90943545
2026-07-21,0x0d0707963952f2fba59dd06f2b425ace40b492fe,cex,-33324.59238
2026-07-21,0x21a31ee1afc51d94c2efccaa2092ad1028285549,cex,-40638.92371697
2026-07-21,0x33a64dcdfa041befebc9161a3e0c6180cd94fa89,cex,-2.13518786
2026-07-21,0x52c77b0cb827afbad022e6d6caf2c44452edbc39,lp,86685.30526786
2026-07-21,0x651641299c7ec0aa44ad7ed9b7e12702fed2022f,cex,109333.0254563
2026-07-21,0x73d8bd54f7cf5fab43fe4ef40a62d390644946db,cex,-10623.26785214
2026-07-21,0x93228d328c9c74c2bfe9f97638bbb5ef322f2bd5,cex,1378.06565
2026-07-21,0x9642b23ed1e01df1092b92641051881a322f5d4e,cex,3072.59
2026-07-21,0xa9d1e08c7793af67e9d92fe308d5697fb81d3e43,cex,-412551.18090914
2026-07-21,0xab782bc7d4a2b306825de5a7730034f8f63ee1bc,cex,463.10864
2026-07-21,0xd2dd7b597fd2435b6db61ddf48544fd931e6869f,cex,66070.00888
2026-07-21,0xdc154fcee1babb560e8528c3a7791527f01423df,custody,4858.76589
2026-07-21,0xdf5e3a1ed0c14a53eee240022301ecb9d267671b,cex,-589223.18120218
2026-07-22,0x0d0707963952f2fba59dd06f2b425ace40b492fe,cex,-116625.77639836
2026-07-22,0x52c77b0cb827afbad022e6d6caf2c44452edbc39,lp,-105076.04394006
2026-07-22,0x651641299c7ec0aa44ad7ed9b7e12702fed2022f,cex,352799.00119755
2026-07-22,0x73d8bd54f7cf5fab43fe4ef40a62d390644946db,cex,-6847.43209766
2026-07-22,0x7dafba1d69f6c01ae7567ffd7b046ca03b706f83,cex,-95458.69131
2026-07-22,0x93228d328c9c74c2bfe9f97638bbb5ef322f2bd5,cex,-41760.29
2026-07-22,0x9642b23ed1e01df1092b92641051881a322f5d4e,cex,-105315.44216678
2026-07-22,0xa9d1e08c7793af67e9d92fe308d5697fb81d3e43,cex,345005.13987169
2026-07-22,0xab782bc7d4a2b306825de5a7730034f8f63ee1bc,cex,-130742.80990105
2026-07-22,0xcc282e2004428939ee5149a9e7872f0b4d5d5ec7,cex,2.04707
2026-07-22,0xcffad3200574698b78f32232aa9d63eabd290703,cex,-65000
2026-07-22,0xd2dd7b597fd2435b6db61ddf48544fd931e6869f,cex,-19433.94215
2026-07-22,0xdc154fcee1babb560e8528c3a7791527f01423df,custody,527395.08807
2026-07-22,0xdf5e3a1ed0c14a53eee240022301ecb9d267671b,cex,-75223.63125484
2026-07-23,0x0d0707963952f2fba59dd06f2b425ace40b492fe,cex,169980.27539233
2026-07-23,0x21a31ee1afc51d94c2efccaa2092ad1028285549,cex,-9723.43548639
2026-07-23,0x377b8ce04761754e8ac153b47805a9cf6b190873,cex,274
2026-07-23,0x52c77b0cb827afbad022e6d6caf2c44452edbc39,lp,94694.46931059
2026-07-23,0x651641299c7ec0aa44ad7ed9b7e12702fed2022f,cex,-3489.61953656
2026-07-23,0x73d8bd54f7cf5fab43fe4ef40a62d390644946db,cex,28142.59755361
2026-07-23,0x93228d328c9c74c2bfe9f97638bbb5ef322f2bd5,cex,-2963.13848697
2026-07-23,0x9642b23ed1e01df1092b92641051881a322f5d4e,cex,-5949.71339582
2026-07-23,0xa9d1e08c7793af67e9d92fe308d5697fb81d3e43,cex,-29184.70066673
2026-07-23,0xab782bc7d4a2b306825de5a7730034f8f63ee1bc,cex,-258348.91548639
2026-07-23,0xcc282e2004428939ee5149a9e7872f0b4d5d5ec7,cex,51.836
2026-07-23,0xd2dd7b597fd2435b6db61ddf48544fd931e6869f,cex,-233621.25958
2026-07-23,0xdf5e3a1ed0c14a53eee240022301ecb9d267671b,cex,415179.97314569
2026-07-24,0x0d0707963952f2fba59dd06f2b425ace40b492fe,cex,-225101.78907751
2026-07-24,0x21a31ee1afc51d94c2efccaa2092ad1028285549,cex,-72373.59723492
2026-07-24,0x52c77b0cb827afbad022e6d6caf2c44452edbc39,lp,225675.92300072
2026-07-24,0x651641299c7ec0aa44ad7ed9b7e12702fed2022f,cex,-160698.71030582
2026-07-24,0x73d8bd54f7cf5fab43fe4ef40a62d390644946db,cex,773.10319213
2026-07-24,0x91dca37856240e5e1906222ec79278b16420dc92,cex,21853.04351351
2026-07-24,0x9642b23ed1e01df1092b92641051881a322f5d4e,cex,5218.4615845
2026-07-24,0xa023f08c70a23abc7edfc5b6b5e171d78dfc947e,cex,24.607
2026-07-24,0xa9d1e08c7793af67e9d92fe308d5697fb81d3e43,cex,-140570.65432014
2026-07-24,0xab782bc7d4a2b306825de5a7730034f8f63ee1bc,cex,72437.99673154
2026-07-24,0xcc282e2004428939ee5149a9e7872f0b4d5d5ec7,cex,1482.15082
2026-07-24,0xd2dd7b597fd2435b6db61ddf48544fd931e6869f,cex,118619.25578
2026-07-24,0xdf5e3a1ed0c14a53eee240022301ecb9d267671b,cex,-82663.27009
2026-07-25,0x0d0707963952f2fba59dd06f2b425ace40b492fe,cex,238759.95
2026-07-25,0x21a31ee1afc51d94c2efccaa2092ad1028285549,cex,-10506.44805381
2026-07-25,0x33a64dcdfa041befebc9161a3e0c6180cd94fa89,cex,-3164.59498087
2026-07-25,0x52c77b0cb827afbad022e6d6caf2c44452edbc39,lp,22112.06344838
2026-07-25,0x651641299c7ec0aa44ad7ed9b7e12702fed2022f,cex,186766.22083709
2026-07-25,0x73d8bd54f7cf5fab43fe4ef40a62d390644946db,cex,16700.13542409
2026-07-25,0x9642b23ed1e01df1092b92641051881a322f5d4e,cex,19265.69
2026-07-25,0xa023f08c70a23abc7edfc5b6b5e171d78dfc947e,cex,6590.70087
2026-07-25,0xa9d1e08c7793af67e9d92fe308d5697fb81d3e43,cex,-4619.89502494
2026-07-25,0xab782bc7d4a2b306825de5a7730034f8f63ee1bc,cex,277284.52499873
2026-07-25,0xcffad3200574698b78f32232aa9d63eabd290703,cex,-6313.28
2026-07-25,0xdf5e3a1ed0c14a53eee240022301ecb9d267671b,cex,-17183.96339269
2026-07-26,0x0d0707963952f2fba59dd06f2b425ace40b492fe,cex,4508.67895169
2026-07-26,0x21a31ee1afc51d94c2efccaa2092ad1028285549,cex,-4490.78874952
2026-07-26,0x52c77b0cb827afbad022e6d6caf2c44452edbc39,lp,-57089.30825768
2026-07-26,0x548054687ef6c56c6d82e8269e5fd93d8b88fcb2,cex,-33869.38721834
2026-07-26,0x651641299c7ec0aa44ad7ed9b7e12702fed2022f,cex,-54726.10028913
2026-07-26,0x73d8bd54f7cf5fab43fe4ef40a62d390644946db,cex,238.46300307
2026-07-26,0x93228d328c9c74c2bfe9f97638bbb5ef322f2bd5,cex,3
2026-07-26,0x9642b23ed1e01df1092b92641051881a322f5d4e,cex,16292.6103365
2026-07-26,0xa9d1e08c7793af67e9d92fe308d5697fb81d3e43,cex,163063.55625174
2026-07-26,0xab782bc7d4a2b306825de5a7730034f8f63ee1bc,cex,112922.194543
2026-07-26,0xdf5e3a1ed0c14a53eee240022301ecb9d267671b,cex,71902.43672638
2026-07-27,0x0d0707963952f2fba59dd06f2b425ace40b492fe,cex,-5586.32231
2026-07-27,0x21a31ee1afc51d94c2efccaa2092ad1028285549,cex,-18511.38589254
2026-07-27,0x33a64dcdfa041befebc9161a3e0c6180cd94fa89,cex,2000
2026-07-27,0x52c77b0cb827afbad022e6d6caf2c44452edbc39,lp,366741.42420158
2026-07-27,0x651641299c7ec0aa44ad7ed9b7e12702fed2022f,cex,-463810.80327775
2026-07-27,0x73d8bd54f7cf5fab43fe4ef40a62d390644946db,cex,-3377.21768107
2026-07-27,0x9642b23ed1e01df1092b92641051881a322f5d4e,cex,-47337.07061891
2026-07-27,0xa9d1e08c7793af67e9d92fe308d5697fb81d3e43,cex,80125.73717697
2026-07-27,0xab782bc7d4a2b306825de5a7730034f8f63ee1bc,cex,365.4483747
2026-07-27,0xcc282e2004428939ee5149a9e7872f0b4d5d5ec7,cex,9636.97707
2026-07-27,0xd2dd7b597fd2435b6db61ddf48544fd931e6869f,cex,-49284.50328
2026-07-27,0xdf5e3a1ed0c14a53eee240022301ecb9d267671b,cex,-10392.20621192
2026-07-28,0x0d0707963952f2fba59dd06f2b425ace40b492fe,cex,78655.19713235
2026-07-28,0x21a31ee1afc51d94c2efccaa2092ad1028285549,cex,-3593.39163828
2026-07-28,0x33a64dcdfa041befebc9161a3e0c6180cd94fa89,cex,-136.55173718
2026-07-28,0x52c77b0cb827afbad022e6d6caf2c44452edbc39,lp,-73330.07654007
2026-07-28,0x651641299c7ec0aa44ad7ed9b7e12702fed2022f,cex,89683.37388445
2026-07-28,0x73d8bd54f7cf5fab43fe4ef40a62d390644946db,cex,-15619.52099167
2026-07-28,0x93228d328c9c74c2bfe9f97638bbb5ef322f2bd5,cex,248.748
2026-07-28,0x9642b23ed1e01df1092b92641051881a322f5d4e,cex,-1745.01501922
2026-07-28,0xa9d1e08c7793af67e9d92fe308d5697fb81d3e43,cex,31640.97264135
2026-07-28,0xab782bc7d4a2b306825de5a7730034f8f63ee1bc,cex,4447.30539157
2026-07-28,0xcc282e2004428939ee5149a9e7872f0b4d5d5ec7,cex,813.5767
2026-07-28,0xd2dd7b597fd2435b6db61ddf48544fd931e6869f,cex,17901.57679
2026-07-28,0xdf5e3a1ed0c14a53eee240022301ecb9d267671b,cex,-121109.77581
2026-07-29,0x0529ea5885702715e83923c59746ae8734c553b7,cex,41285.014757
2026-07-29,0x0d0707963952f2fba59dd06f2b425ace40b492fe,cex,-60570.86
2026-07-29,0x15da7556d5ed888306839bed06f868aeaedcb0d7,cex,-285
2026-07-29,0x33a64dcdfa041befebc9161a3e0c6180cd94fa89,cex,-324.08161531
2026-07-29,0x52c77b0cb827afbad022e6d6caf2c44452edbc39,lp,-32346.85600134
2026-07-29,0x548054687ef6c56c6d82e8269e5fd93d8b88fcb2,cex,-120000
2026-07-29,0x651641299c7ec0aa44ad7ed9b7e12702fed2022f,cex,-58418.38400367
2026-07-29,0x73d8bd54f7cf5fab43fe4ef40a62d390644946db,cex,3025.7544307
2026-07-29,0x7dafba1d69f6c01ae7567ffd7b046ca03b706f83,cex,379398.17067
2026-07-29,0x93228d328c9c74c2bfe9f97638bbb5ef322f2bd5,cex,50
2026-07-29,0x9642b23ed1e01df1092b92641051881a322f5d4e,cex,-4928.82
2026-07-29,0xa9d1e08c7793af67e9d92fe308d5697fb81d3e43,cex,-158144.73802526
2026-07-29,0xab782bc7d4a2b306825de5a7730034f8f63ee1bc,cex,77766.75058744
2026-07-29,0xcc282e2004428939ee5149a9e7872f0b4d5d5ec7,cex,1102.98398
2026-07-29,0xd2dd7b597fd2435b6db61ddf48544fd931e6869f,cex,-49391.0917
2026-07-29,0xdc154fcee1babb560e8528c3a7791527f01423df,custody,183711.14201
2026-07-29,0xdf5e3a1ed0c14a53eee240022301ecb9d267671b,cex,-615276.28025655
2026-07-30,0x0d0707963952f2fba59dd06f2b425ace40b492fe,cex,-60519.86
2026-07-30,0x33a64dcdfa041befebc9161a3e0c6180cd94fa89,cex,192.71697748
2026-07-30,0x52c77b0cb827afbad022e6d6caf2c44452edbc39,lp,-56220.57170022
2026-07-30,0x651641299c7ec0aa44ad7ed9b7e12702fed2022f,cex,-42587.57730894
2026-07-30,0x73d8bd54f7cf5fab43fe4ef40a62d390644946db,cex,-4267.8501951
2026-07-30,0x93228d328c9c74c2bfe9f97638bbb5ef322f2bd5,cex,369.2502
2026-07-30,0x9642b23ed1e01df1092b92641051881a322f5d4e,cex,-3709.45
2026-07-30,0xa9d1e08c7793af67e9d92fe308d5697fb81d3e43,cex,-98657.64884603
2026-07-30,0xab782bc7d4a2b306825de5a7730034f8f63ee1bc,cex,-7800.05813777
2026-07-30,0xcc282e2004428939ee5149a9e7872f0b4d5d5ec7,cex,1200.39039
2026-07-30,0xcffad3200574698b78f32232aa9d63eabd290703,cex,-895.69
2026-07-30,0xd2dd7b597fd2435b6db61ddf48544fd931e6869f,cex,-205157.37443
2026-07-30,0xdf5e3a1ed0c14a53eee240022301ecb9d267671b,cex,317581.66956835
2026-07-30,0xe8c15aad9d4cd3f59c9dfa18828b91a8b2c49596,cex,100000
2026-07-31,0x0d0707963952f2fba59dd06f2b425ace40b492fe,cex,1310200.62922914
2026-07-31,0x33a64dcdfa041befebc9161a3e0c6180cd94fa89,cex,-91.31545285
2026-07-31,0x52c77b0cb827afbad022e6d6caf2c44452edbc39,lp,61756.65657848
2026-07-31,0x651641299c7ec0aa44ad7ed9b7e12702fed2022f,cex,-25299.45543299
2026-07-31,0x73d8bd54f7cf5fab43fe4ef40a62d390644946db,cex,-601.55974186
2026-07-31,0x93228d328c9c74c2bfe9f97638bbb5ef322f2bd5,cex,835.65
2026-07-31,0x9642b23ed1e01df1092b92641051881a322f5d4e,cex,17471.17409256
2026-07-31,0xa9d1e08c7793af67e9d92fe308d5697fb81d3e43,cex,29211.12522261
2026-07-31,0xab782bc7d4a2b306825de5a7730034f8f63ee1bc,cex,2051.301171
2026-07-31,0xcc282e2004428939ee5149a9e7872f0b4d5d5ec7,cex,1020.62805
2026-07-31,0xd2dd7b597fd2435b6db61ddf48544fd931e6869f,cex,51688.59049
2026-07-31,0xdc154fcee1babb560e8528c3a7791527f01423df,custody,65465.63169
2026-07-31,0xdf5e3a1ed0c14a53eee240022301ecb9d267671b,cex,-254263.08486226
2026-08-01,0x0d0707963952f2fba59dd06f2b425ace40b492fe,cex,79368.81428526
2026-08-01,0x33a64dcdfa041befebc9161a3e0c6180cd94fa89,cex,-18.68252326
2026-08-01,0x52c77b0cb827afbad022e6d6caf2c44452edbc39,lp,-25878.03540758
2026-08-01,0x651641299c7ec0aa44ad7ed9b7e12702fed2022f,cex,94552.63887682
2026-08-01,0x73d8bd54f7cf5fab43fe4ef40a62d390644946db,cex,-5818.39991624
2026-08-01,0xa9d1e08c7793af67e9d92fe308d5697fb81d3e43,cex,-40.97517445
2026-08-01,0xab782bc7d4a2b306825de5a7730034f8f63ee1bc,cex,-82443
2026-08-01,0xdf5e3a1ed0c14a53eee240022301ecb9d267671b,cex,-32222.7426
